eid,cycle,firmware
62161,2011-2012,1.8.0
62163,2011-2012,2.4.0
62164,2011-2012,2.4.0
62165,2011-2012,1.9.0
62166,2011-2012,1.9.0
62168,2011-2012,2.3.0
62169,2011-2012,2.4.0
62170,2011-2012,2.2.0
62171,2011-2012,1.5.0
62172,2011-2012,1.8.0
62174,2011-2012,2.4.0
62177,2011-2012,2.2.0
62178,2011-2012,1.9.0
62179,2011-2012,2.3.0
62180,2011-2012,2.4.0
62183,2011-2012,2.5.0
62184,2011-2012,2.2.0
62186,2011-2012,1.5.0
62187,2011-2012,2.3.0
62189,2011-2012,2.4.0
62190,2011-2012,1.7.0
62191,2011-2012,2.4.0
62192,2011-2012,1.9.0
62193,2011-2012,2.4.0
62194,2011-2012,2.2.0
62197,2011-2012,1.7.0
62198,2011-2012,2.4.0
62199,2011-2012,2.2.0
62200,2011-2012,2.4.0
62202,2011-2012,2.2.0
62203,2011-2012,1.8.0
62205,2011-2012,2.4.0
62206,2011-2012,2.3.0
62208,2011-2012,1.7.0
62209,2011-2012,1.5.0
62210,2011-2012,2.4.0
62214,2011-2012,2.5.0
62215,2011-2012,2.4.0
62217,2011-2012,1.5.0
62218,2011-2012,1.7.0
62220,2011-2012,2.4.0
62221,2011-2012,2.5.0
62222,2011-2012,1.7.0
62223,2011-2012,2.4.0
62224,2011-2012,1.7.0
62225,2011-2012,2.3.0
62226,2011-2012,2.5.0
62227,2011-2012,1.9.0
62228,2011-2012,1.8.0
62229,2011-2012,2.4.0
62230,2011-2012,2.5.0
62231,2011-2012,1.7.0
62232,2011-2012,2.5.0
62233,2011-2012,1.5.0
62234,2011-2012,2.4.0
62236,2011-2012,1.7.0
62237,2011-2012,2.4.0
62239,2011-2012,2.0.0
62240,2011-2012,2.4.0
62242,2011-2012,2.5.0
62245,2011-2012,2.4.0
62248,2011-2012,1.8.0
62249,2011-2012,1.8.0
62250,2011-2012,2.3.0
62251,2011-2012,2.3.0
62252,2011-2012,2.3.0
62253,2011-2012,1.9.0
62255,2011-2012,2.0.0
62256,2011-2012,1.9.0
62258,2011-2012,2.3.0
62259,2011-2012,1.9.0
62260,2011-2012,1.8.0
62261,2011-2012,2.5.0
62264,2011-2012,2.2.0
62265,2011-2012,2.5.0
62267,2011-2012,2.5.0
62268,2011-2012,1.7.0
62269,2011-2012,1.9.0
62271,2011-2012,2.4.0
62272,2011-2012,2.5.0
62275,2011-2012,2.4.0
62276,2011-2012,2.1.0
62277,2011-2012,1.5.0
62278,2011-2012,2.4.0
62279,2011-2012,2.4.0
62280,2011-2012,2.2.0
62281,2011-2012,2.1.0
62282,2011-2012,2.2.0
62284,2011-2012,2.4.0
62285,2011-2012,2.4.0
62286,2011-2012,2.4.0
62287,2011-2012,1.5.0
62288,2011-2012,2.3.0
62289,2011-2012,2.4.0
62291,2011-2012,2.4.0
62293,2011-2012,2.5.0
62294,2011-2012,1.9.0
62295,2011-2012,1.9.0
62296,2011-2012,2.4.0
62297,2011-2012,2.5.0
62298,2011-2012,1.8.0
62299,2011-2012,2.5.0
62300,2011-2012,2.4.0
62301,2011-2012,1.5.0
62302,2011-2012,2.3.0
62303,2011-2012,1.5.0
62304,2011-2012,1.9.0
62305,2011-2012,1.9.0
62307,2011-2012,1.9.0
62308,2011-2012,2.4.0
62309,2011-2012,2.3.0
62310,2011-2012,1.9.0
62311,2011-2012,1.8.0
62312,2011-2012,2.3.0
62313,2011-2012,1.5.0
62314,2011-2012,1.9.0
62315,2011-2012,2.5.0
62317,2011-2012,1.8.0
62320,2011-2012,2.2.0
62321,2011-2012,2.2.0
62324,2011-2012,2.4.0
62325,2011-2012,1.5.0
62326,2011-2012,2.4.0
62327,2011-2012,1.9.0
62328,2011-2012,1.5.0
62330,2011-2012,1.8.0
62331,2011-2012,2.0.0
62332,2011-2012,2.5.0
62333,2011-2012,2.2.0
62334,2011-2012,2.4.0
62335,2011-2012,2.4.0
62336,2011-2012,2.5.0
62337,2011-2012,1.9.0
62339,2011-2012,1.5.0
62341,2011-2012,1.9.0
62342,2011-2012,2.5.0
62343,2011-2012,1.9.0
62346,2011-2012,2.2.0
62347,2011-2012,2.5.0
62349,2011-2012,2.2.0
62350,2011-2012,1.9.0
62351,2011-2012,2.0.0
62353,2011-2012,2.4.0
62354,2011-2012,2.4.0
62355,2011-2012,2.2.0
62357,2011-2012,1.8.0
62359,2011-2012,2.0.0
62360,2011-2012,1.5.0
62361,2011-2012,1.5.0
62362,2011-2012,1.9.0
62363,2011-2012,1.7.0
62366,2011-2012,2.4.0
62367,2011-2012,2.4.0
62368,2011-2012,2.4.0
62369,2011-2012,1.7.0
62370,2011-2012,2.4.0
62371,2011-2012,1.8.0
62373,2011-2012,2.2.0
62374,2011-2012,2.1.0
62375,2011-2012,2.3.0
62376,2011-2012,1.8.0
62377,2011-2012,2.4.0
62378,2011-2012,2.4.0
62379,2011-2012,2.2.0
62383,2011-2012,1.8.0
62386,2011-2012,2.4.0
62387,2011-2012,1.9.0
62389,2011-2012,2.4.0
62390,2011-2012,2.2.0
62391,2011-2012,1.5.0
62393,2011-2012,1.5.0
62396,2011-2012,2.2.0
62397,2011-2012,1.8.0
62398,2011-2012,1.8.0
62399,2011-2012,1.5.0
62400,2011-2012,1.9.0
62401,2011-2012,2.5.0
62402,2011-2012,1.8.0
62404,2011-2012,2.4.0
62407,2011-2012,2.2.0
62409,2011-2012,2.4.0
62411,2011-2012,1.9.0
62412,2011-2012,2.0.0
62413,2011-2012,1.9.0
62414,2011-2012,1.5.0
62415,2011-2012,2.1.0
62416,2011-2012,1.9.0
62417,2011-2012,2.4.0
62418,2011-2012,2.5.0
62419,2011-2012,2.3.0
62421,2011-2012,2.2.0
62425,2011-2012,2.4.0
62426,2011-2012,2.3.0
62427,2011-2012,1.9.0
62428,2011-2012,1.8.0
62429,2011-2012,1.8.0
62430,2011-2012,2.3.0
62431,2011-2012,2.4.0
62432,2011-2012,2.4.0
62434,2011-2012,2.4.0
62437,2011-2012,1.9.0
62439,2011-2012,2.4.0
62440,2011-2012,1.9.0
62441,2011-2012,1.9.0
62444,2011-2012,2.4.0
62448,2011-2012,1.5.0
62449,2011-2012,1.5.0
62450,2011-2012,1.9.0
62452,2011-2012,1.9.0
62454,2011-2012,2.5.0
62456,2011-2012,2.5.0
62457,2011-2012,2.2.0
62458,2011-2012,2.4.0
62460,2011-2012,2.4.0
62461,2011-2012,2.4.0
62462,2011-2012,2.5.0
62463,2011-2012,2.3.0
62464,2011-2012,2.0.0
62465,2011-2012,2.0.0
62467,2011-2012,2.3.0
62469,2011-2012,1.8.0
62471,2011-2012,1.5.0
62472,2011-2012,2.4.0
62473,2011-2012,1.8.0
62474,2011-2012,2.4.0
62475,2011-2012,1.9.0
62476,2011-2012,2.2.0
62477,2011-2012,2.4.0
62479,2011-2012,2.4.0
62480,2011-2012,2.4.0
62481,2011-2012,1.9.0
62482,2011-2012,2.1.0
62483,2011-2012,2.0.0
62484,2011-2012,1.7.0
62485,2011-2012,1.8.0
62487,2011-2012,2.4.0
62492,2011-2012,2.2.0
62494,2011-2012,2.2.0
62495,2011-2012,2.5.0
62497,2011-2012,1.9.0
62498,2011-2012,2.3.0
62500,2011-2012,2.4.0
62501,2011-2012,2.5.0
62502,2011-2012,2.4.0
62504,2011-2012,2.5.0
62506,2011-2012,2.5.0
62509,2011-2012,2.5.0
62510,2011-2012,2.3.0
62511,2011-2012,2.4.0
62512,2011-2012,2.2.0
62513,2011-2012,2.4.0
62514,2011-2012,2.5.0
62515,2011-2012,1.9.0
62516,2011-2012,2.4.0
62517,2011-2012,2.4.0
62519,2011-2012,2.4.0
62521,2011-2012,2.2.0
62522,2011-2012,2.0.0
62523,2011-2012,1.8.0
62524,2011-2012,1.8.0
62525,2011-2012,2.0.0
62526,2011-2012,2.4.0
62527,2011-2012,2.4.0
62528,2011-2012,2.4.0
62529,2011-2012,2.4.0
62530,2011-2012,1.9.0
62531,2011-2012,2.4.0
62532,2011-2012,1.9.0
62534,2011-2012,2.3.0
62536,2011-2012,2.2.0
62537,2011-2012,1.9.0
62539,2011-2012,1.8.0
62542,2011-2012,1.5.0
62544,2011-2012,2.1.0
62545,2011-2012,2.4.0
62546,2011-2012,2.3.0
62547,2011-2012,2.4.0
62548,2011-2012,2.5.0
62549,2011-2012,2.2.0
62550,2011-2012,2.2.0
62551,2011-2012,1.8.0
62552,2011-2012,2.5.0
62553,2011-2012,2.2.0
62555,2011-2012,2.5.0
62556,2011-2012,1.8.0
62557,2011-2012,2.4.0
62558,2011-2012,1.9.0
62559,2011-2012,2.5.0
62560,2011-2012,2.4.0
62561,2011-2012,1.5.0
62564,2011-2012,2.5.0
62565,2011-2012,1.8.0
62567,2011-2012,2.1.0
62570,2011-2012,2.5.0
62571,2011-2012,1.8.0
62572,2011-2012,2.4.0
62573,2011-2012,1.9.0
62574,2011-2012,2.4.0
62577,2011-2012,1.9.0
62578,2011-2012,2.4.0
62579,2011-2012,1.7.0
62580,2011-2012,2.1.0
62581,2011-2012,1.5.0
62583,2011-2012,2.5.0
62584,2011-2012,1.9.0
62585,2011-2012,2.0.0
62586,2011-2012,2.0.0
62587,2011-2012,2.5.0
62588,2011-2012,1.8.0
62589,2011-2012,2.4.0
62590,2011-2012,2.4.0
62591,2011-2012,1.5.0
62593,2011-2012,1.9.0
62595,2011-2012,2.2.0
62596,2011-2012,2.3.0
62597,2011-2012,1.9.0
62598,2011-2012,1.5.0
62599,2011-2012,1.9.0
62600,2011-2012,2.5.0
62601,2011-2012,1.8.0
62602,2011-2012,1.9.0
62603,2011-2012,1.5.0
62604,2011-2012,2.2.0
62609,2011-2012,2.0.0
62610,2011-2012,2.5.0
62611,2011-2012,2.4.0
62612,2011-2012,1.7.0
62613,2011-2012,2.5.0
62614,2011-2012,1.8.0
62616,2011-2012,2.2.0
62617,2011-2012,2.3.0
62618,2011-2012,1.8.0
62619,2011-2012,1.5.0
62620,2011-2012,2.4.0
62622,2011-2012,2.4.0
62623,2011-2012,2.5.0
62624,2011-2012,2.4.0
62625,2011-2012,2.4.0
62626,2011-2012,2.4.0
62630,2011-2012,2.5.0
62631,2011-2012,2.5.0
62632,2011-2012,1.7.0
62633,2011-2012,2.2.0
62634,2011-2012,1.9.0
62635,2011-2012,2.2.0
62636,2011-2012,1.5.0
62638,2011-2012,1.5.0
62639,2011-2012,2.4.0
62640,2011-2012,2.2.0
62642,2011-2012,2.0.0
62644,2011-2012,2.3.0
62645,2011-2012,2.4.0
62648,2011-2012,1.7.0
62649,2011-2012,1.7.0
62650,2011-2012,2.5.0
62651,2011-2012,2.4.0
62652,2011-2012,1.7.0
62658,2011-2012,2.0.0
62659,2011-2012,2.3.0
62662,2011-2012,1.5.0
62664,2011-2012,2.4.0
62665,2011-2012,2.2.0
62667,2011-2012,1.9.0
62668,2011-2012,1.7.0
62669,2011-2012,1.9.0
62670,2011-2012,2.1.0
62671,2011-2012,2.5.0
62672,2011-2012,2.2.0
62674,2011-2012,1.7.0
62676,2011-2012,1.8.0
62678,2011-2012,2.3.0
62679,2011-2012,1.7.0
62680,2011-2012,2.4.0
62682,2011-2012,2.4.0
62683,2011-2012,2.4.0
62684,2011-2012,2.4.0
62685,2011-2012,2.2.0
62686,2011-2012,2.4.0
62687,2011-2012,2.4.0
62689,2011-2012,1.9.0
62690,2011-2012,2.4.0
62691,2011-2012,1.5.0
62693,2011-2012,1.5.0
62694,2011-2012,2.4.0
62695,2011-2012,2.5.0
62696,2011-2012,2.4.0
62697,2011-2012,2.0.0
62701,2011-2012,1.9.0
62704,2011-2012,2.4.0
62706,2011-2012,2.4.0
62707,2011-2012,2.4.0
62709,2011-2012,2.0.0
62713,2011-2012,1.8.0
62714,2011-2012,1.5.0
62715,2011-2012,1.8.0
62716,2011-2012,2.4.0
62717,2011-2012,1.8.0
62718,2011-2012,2.4.0
62719,2011-2012,2.4.0
62720,2011-2012,2.2.0
62723,2011-2012,2.4.0
62724,2011-2012,2.4.0
62727,2011-2012,2.5.0
62728,2011-2012,2.4.0
62731,2011-2012,1.9.0
62732,2011-2012,1.9.0
62734,2011-2012,2.4.0
62735,2011-2012,2.4.0
62738,2011-2012,2.3.0
62739,2011-2012,2.4.0
62740,2011-2012,1.9.0
62742,2011-2012,1.9.0
62744,2011-2012,2.4.0
62745,2011-2012,1.5.0
62746,2011-2012,2.4.0
62747,2011-2012,2.5.0
62748,2011-2012,2.5.0
62749,2011-2012,2.4.0
62750,2011-2012,1.9.0
62751,2011-2012,2.4.0
62753,2011-2012,2.4.0
62755,2011-2012,1.9.0
62756,2011-2012,2.0.0
62757,2011-2012,2.4.0
62759,2011-2012,2.5.0
62760,2011-2012,1.9.0
62761,2011-2012,1.7.0
62763,2011-2012,2.4.0
62764,2011-2012,2.5.0
62765,2011-2012,2.2.0
62768,2011-2012,2.3.0
62769,2011-2012,1.9.0
62771,2011-2012,2.4.0
62772,2011-2012,1.7.0
62776,2011-2012,1.5.0
62777,2011-2012,2.2.0
62779,2011-2012,2.5.0
62783,2011-2012,1.7.0
62784,2011-2012,1.5.0
62786,2011-2012,2.3.0
62787,2011-2012,2.4.0
62788,2011-2012,1.9.0
62789,2011-2012,1.8.0
62790,2011-2012,1.8.0
62791,2011-2012,1.5.0
62792,2011-2012,2.5.0
62793,2011-2012,2.0.0
62794,2011-2012,2.4.0
62797,2011-2012,1.8.0
62798,2011-2012,2.4.0
62800,2011-2012,2.0.0
62801,2011-2012,2.4.0
62802,2011-2012,2.4.0
62803,2011-2012,2.4.0
62804,2011-2012,2.5.0
62805,2011-2012,2.4.0
62806,2011-2012,1.8.0
62807,2011-2012,1.8.0
62808,2011-2012,1.7.0
62809,2011-2012,2.4.0
62810,2011-2012,2.5.0
62811,2011-2012,2.4.0
62813,2011-2012,2.4.0
62814,2011-2012,1.9.0
62817,2011-2012,2.4.0
62818,2011-2012,1.5.0
62819,2011-2012,2.4.0
62821,2011-2012,2.5.0
62822,2011-2012,1.8.0
62823,2011-2012,1.9.0
62824,2011-2012,1.8.0
62828,2011-2012,1.9.0
62830,2011-2012,2.0.0
62832,2011-2012,2.2.0
62833,2011-2012,2.5.0
62834,2011-2012,2.2.0
62835,2011-2012,2.3.0
62836,2011-2012,2.4.0
62837,2011-2012,1.9.0
62838,2011-2012,2.4.0
62840,2011-2012,1.8.0
62841,2011-2012,1.5.0
62844,2011-2012,1.9.0
62845,2011-2012,2.5.0
62847,2011-2012,2.4.0
62848,2011-2012,2.4.0
62849,2011-2012,2.4.0
62853,2011-2012,2.3.0
62854,2011-2012,2.3.0
62855,2011-2012,2.4.0
62858,2011-2012,2.0.0
62859,2011-2012,2.5.0
62860,2011-2012,2.2.0
62861,2011-2012,2.0.0
62864,2011-2012,2.4.0
62867,2011-2012,2.5.0
62868,2011-2012,1.9.0
62871,2011-2012,2.2.0
62872,2011-2012,1.5.0
62874,2011-2012,2.4.0
62875,2011-2012,1.9.0
62876,2011-2012,1.8.0
62878,2011-2012,1.8.0
62879,2011-2012,1.5.0
62880,2011-2012,2.4.0
62881,2011-2012,1.8.0
62882,2011-2012,2.4.0
62884,2011-2012,2.4.0
62886,2011-2012,2.3.0
62887,2011-2012,1.9.0
62888,2011-2012,1.8.0
62890,2011-2012,2.2.0
62891,2011-2012,2.4.0
62892,2011-2012,2.5.0
62894,2011-2012,2.4.0
62898,2011-2012,1.9.0
62899,2011-2012,2.4.0
62900,2011-2012,2.5.0
62901,2011-2012,2.5.0
62902,2011-2012,2.0.0
62907,2011-2012,1.9.0
62908,2011-2012,2.4.0
62911,2011-2012,2.3.0
62912,2011-2012,1.5.0
62913,2011-2012,2.2.0
62916,2011-2012,2.3.0
62917,2011-2012,1.8.0
62918,2011-2012,2.5.0
62919,2011-2012,1.9.0
62921,2011-2012,1.9.0
62923,2011-2012,2.4.0
62924,2011-2012,2.5.0
62925,2011-2012,2.5.0
62927,2011-2012,2.4.0
62928,2011-2012,1.9.0
62929,2011-2012,2.5.0
62930,2011-2012,2.2.0
62931,2011-2012,2.3.0
62933,2011-2012,2.4.0
62935,2011-2012,2.3.0
62936,2011-2012,1.9.0
62937,2011-2012,2.0.0
62938,2011-2012,2.5.0
62939,2011-2012,2.2.0
62940,2011-2012,2.4.0
62941,2011-2012,1.9.0
62943,2011-2012,2.2.0
62944,2011-2012,1.9.0
62945,2011-2012,2.4.0
62946,2011-2012,1.9.0
62948,2011-2012,2.5.0
62949,2011-2012,1.5.0
62950,2011-2012,2.5.0
62951,2011-2012,2.4.0
62953,2011-2012,2.4.0
62955,2011-2012,2.4.0
62958,2011-2012,2.4.0
62959,2011-2012,2.2.0
62963,2011-2012,2.0.0
62966,2011-2012,1.7.0
62967,2011-2012,2.5.0
62969,2011-2012,1.9.0
62971,2011-2012,1.8.0
62973,2011-2012,2.3.0
62974,2011-2012,1.9.0
62975,2011-2012,2.4.0
62976,2011-2012,2.2.0
62977,2011-2012,1.8.0
62978,2011-2012,2.4.0
62979,2011-2012,2.3.0
62981,2011-2012,1.7.0
62982,2011-2012,2.4.0
62983,2011-2012,2.0.0
62985,2011-2012,2.2.0
62986,2011-2012,2.3.0
62987,2011-2012,1.7.0
62988,2011-2012,2.2.0
62990,2011-2012,2.4.0
62991,2011-2012,2.5.0
62992,2011-2012,2.5.0
62994,2011-2012,2.4.0
62995,2011-2012,2.4.0
62996,2011-2012,1.9.0
62997,2011-2012,1.5.0
62998,2011-2012,2.2.0
62999,2011-2012,2.3.0
63000,2011-2012,2.4.0
63002,2011-2012,2.5.0
63003,2011-2012,2.4.0
63004,2011-2012,2.2.0
63005,2011-2012,2.3.0
63006,2011-2012,1.5.0
63007,2011-2012,1.9.0
63008,2011-2012,2.4.0
63009,2011-2012,2.4.0
63010,2011-2012,1.5.0
63011,2011-2012,2.4.0
63012,2011-2012,1.8.0
63013,2011-2012,2.2.0
63014,2011-2012,2.5.0
63015,2011-2012,2.4.0
63017,2011-2012,1.9.0
63018,2011-2012,1.8.0
63019,2011-2012,2.5.0
63020,2011-2012,2.5.0
63021,2011-2012,1.8.0
63022,2011-2012,2.3.0
63023,2011-2012,1.9.0
63024,2011-2012,2.5.0
63025,2011-2012,2.5.0
63026,2011-2012,2.0.0
63027,2011-2012,2.2.0
63028,2011-2012,1.5.0
63030,2011-2012,1.7.0
63031,2011-2012,2.4.0
63032,2011-2012,1.7.0
63033,2011-2012,1.8.0
63035,2011-2012,1.9.0
63036,2011-2012,1.7.0
63037,2011-2012,1.7.0
63040,2011-2012,1.5.0
63041,2011-2012,2.3.0
63042,2011-2012,2.4.0
63043,2011-2012,2.3.0
63044,2011-2012,1.7.0
63045,2011-2012,2.3.0
63047,2011-2012,1.9.0
63048,2011-2012,1.8.0
63049,2011-2012,2.3.0
63050,2011-2012,2.4.0
63051,2011-2012,1.7.0
63053,2011-2012,2.2.0
63054,2011-2012,2.2.0
63056,2011-2012,1.8.0
63057,2011-2012,2.4.0
63058,2011-2012,1.9.0
63059,2011-2012,2.5.0
63060,2011-2012,2.3.0
63061,2011-2012,1.8.0
63063,2011-2012,2.3.0
63064,2011-2012,2.5.0
63065,2011-2012,2.3.0
63068,2011-2012,2.4.0
63069,2011-2012,1.8.0
63070,2011-2012,2.5.0
63071,2011-2012,2.4.0
63073,2011-2012,2.4.0
63076,2011-2012,2.4.0
63077,2011-2012,2.0.0
63078,2011-2012,2.2.0
63079,2011-2012,2.3.0
63080,2011-2012,2.4.0
63081,2011-2012,2.4.0
63082,2011-2012,2.5.0
63083,2011-2012,2.4.0
63086,2011-2012,2.4.0
63088,2011-2012,2.4.0
63089,2011-2012,1.9.0
63090,2011-2012,2.4.0
63091,2011-2012,2.5.0
63092,2011-2012,1.9.0
63093,2011-2012,2.4.0
63094,2011-2012,2.4.0
63096,2011-2012,1.5.0
63097,2011-2012,2.0.0
63098,2011-2012,2.0.0
63100,2011-2012,2.4.0
63101,2011-2012,1.8.0
63102,2011-2012,2.2.0
63103,2011-2012,2.4.0
63104,2011-2012,1.5.0
63106,2011-2012,2.0.0
63107,2011-2012,1.9.0
63109,2011-2012,2.4.0
63110,2011-2012,1.5.0
63112,2011-2012,2.0.0
63114,2011-2012,2.3.0
63116,2011-2012,1.9.0
63117,2011-2012,1.8.0
63118,2011-2012,2.3.0
63119,2011-2012,2.4.0
63121,2011-2012,2.4.0
63124,2011-2012,2.2.0
63125,2011-2012,1.7.0
63126,2011-2012,2.4.0
63127,2011-2012,2.4.0
63129,2011-2012,1.5.0
63130,2011-2012,2.4.0
63133,2011-2012,1.9.0
63134,2011-2012,2.5.0
63135,2011-2012,2.5.0
63136,2011-2012,2.0.0
63138,2011-2012,2.2.0
63139,2011-2012,1.8.0
63140,2011-2012,2.5.0
63141,2011-2012,2.4.0
63142,2011-2012,2.5.0
63145,2011-2012,2.4.0
63146,2011-2012,1.5.0
63147,2011-2012,2.3.0
63148,2011-2012,2.0.0
63149,2011-2012,1.9.0
63151,2011-2012,2.4.0
63152,2011-2012,1.5.0
63154,2011-2012,2.3.0
63155,2011-2012,1.8.0
63156,2011-2012,1.5.0
63157,2011-2012,1.9.0
63159,2011-2012,1.7.0
63160,2011-2012,2.3.0
63162,2011-2012,2.4.0
63163,2011-2012,2.4.0
63166,2011-2012,2.0.0
63167,2011-2012,2.4.0
63168,2011-2012,2.3.0
63170,2011-2012,1.9.0
63171,2011-2012,2.3.0
63172,2011-2012,2.2.0
63173,2011-2012,2.2.0
63174,2011-2012,1.9.0
63175,2011-2012,2.4.0
63176,2011-2012,2.4.0
63177,2011-2012,2.5.0
63178,2011-2012,1.8.0
63180,2011-2012,1.8.0
63181,2011-2012,1.9.0
63182,2011-2012,2.2.0
63183,2011-2012,2.4.0
63186,2011-2012,2.4.0
63187,2011-2012,1.5.0
63188,2011-2012,2.5.0
63190,2011-2012,2.2.0
63191,2011-2012,2.2.0
63192,2011-2012,2.3.0
63194,2011-2012,2.4.0
63195,2011-2012,2.4.0
63197,2011-2012,1.5.0
63198,2011-2012,1.7.0
63200,2011-2012,2.4.0
63201,2011-2012,2.5.0
63203,2011-2012,2.5.0
63205,2011-2012,2.5.0
63206,2011-2012,1.8.0
63207,2011-2012,1.9.0
63208,2011-2012,2.4.0
63209,2011-2012,2.3.0
63211,2011-2012,2.3.0
63212,2011-2012,2.4.0
63213,2011-2012,2.3.0
63214,2011-2012,1.8.0
63215,2011-2012,2.4.0
63216,2011-2012,2.4.0
63218,2011-2012,1.9.0
63219,2011-2012,2.2.0
63220,2011-2012,2.3.0
63221,2011-2012,2.3.0
63222,2011-2012,2.4.0
63223,2011-2012,1.9.0
63224,2011-2012,2.3.0
63225,2011-2012,2.4.0
63227,2011-2012,2.3.0
63228,2011-2012,2.4.0
63229,2011-2012,2.5.0
63230,2011-2012,1.7.0
63232,2011-2012,2.3.0
63233,2011-2012,2.4.0
63234,2011-2012,2.3.0
63235,2011-2012,2.3.0
63236,2011-2012,1.5.0
63239,2011-2012,1.8.0
63242,2011-2012,2.2.0
63245,2011-2012,2.5.0
63246,2011-2012,2.4.0
63247,2011-2012,2.4.0
63248,2011-2012,2.5.0
63249,2011-2012,1.9.0
63250,2011-2012,2.5.0
63252,2011-2012,2.5.0
63253,2011-2012,2.4.0
63254,2011-2012,2.2.0
63256,2011-2012,1.5.0
63257,2011-2012,1.9.0
63259,2011-2012,2.3.0
63260,2011-2012,2.4.0
63261,2011-2012,2.2.0
63262,2011-2012,2.3.0
63263,2011-2012,2.5.0
63264,2011-2012,2.5.0
63265,2011-2012,2.4.0
63267,2011-2012,2.5.0
63268,2011-2012,2.3.0
63269,2011-2012,2.5.0
63271,2011-2012,2.3.0
63273,2011-2012,2.5.0
63276,2011-2012,1.9.0
63277,2011-2012,1.8.0
63280,2011-2012,1.5.0
63281,2011-2012,1.5.0
63283,2011-2012,2.4.0
63284,2011-2012,2.4.0
63285,2011-2012,2.4.0
63287,2011-2012,1.5.0
63289,2011-2012,2.5.0
63290,2011-2012,1.7.0
63291,2011-2012,2.4.0
63292,2011-2012,2.3.0
63293,2011-2012,1.5.0
63295,2011-2012,1.7.0
63296,2011-2012,2.3.0
63297,2011-2012,2.0.0
63298,2011-2012,2.4.0
63299,2011-2012,1.5.0
63301,2011-2012,2.4.0
63302,2011-2012,2.5.0
63304,2011-2012,2.4.0
63305,2011-2012,1.9.0
63306,2011-2012,2.5.0
63307,2011-2012,2.4.0
63308,2011-2012,1.9.0
63310,2011-2012,1.8.0
63311,2011-2012,1.5.0
63312,2011-2012,2.2.0
63313,2011-2012,2.4.0
63316,2011-2012,1.9.0
63317,2011-2012,1.9.0
63318,2011-2012,1.9.0
63320,2011-2012,2.2.0
63321,2011-2012,2.4.0
63323,2011-2012,2.2.0
63324,2011-2012,2.2.0
63326,2011-2012,2.4.0
63327,2011-2012,1.5.0
63328,2011-2012,1.5.0
63329,2011-2012,2.4.0
63330,2011-2012,1.9.0
63331,2011-2012,2.5.0
63332,2011-2012,1.5.0
63333,2011-2012,2.3.0
63335,2011-2012,2.4.0
63336,2011-2012,2.3.0
63340,2011-2012,2.4.0
63341,2011-2012,2.2.0
63342,2011-2012,2.4.0
63343,2011-2012,1.8.0
63344,2011-2012,1.8.0
63345,2011-2012,1.9.0
63347,2011-2012,2.3.0
63349,2011-2012,2.5.0
63350,2011-2012,2.4.0
63351,2011-2012,1.5.0
63352,2011-2012,2.2.0
63353,2011-2012,2.2.0
63355,2011-2012,2.4.0
63357,2011-2012,1.9.0
63358,2011-2012,2.2.0
63360,2011-2012,2.5.0
63361,2011-2012,1.5.0
63363,2011-2012,2.5.0
63364,2011-2012,2.4.0
63365,2011-2012,2.5.0
63366,2011-2012,2.4.0
63367,2011-2012,1.7.0
63368,2011-2012,1.9.0
63369,2011-2012,1.9.0
63370,2011-2012,2.4.0
63371,2011-2012,2.5.0
63373,2011-2012,2.3.0
63375,2011-2012,1.9.0
63376,2011-2012,1.5.0
63377,2011-2012,2.4.0
63378,2011-2012,2.2.0
63379,2011-2012,2.4.0
63382,2011-2012,1.9.0
63383,2011-2012,1.5.0
63384,2011-2012,2.2.0
63385,2011-2012,2.5.0
63386,2011-2012,1.5.0
63387,2011-2012,1.8.0
63388,2011-2012,2.4.0
63389,2011-2012,2.5.0
63390,2011-2012,2.2.0
63391,2011-2012,2.4.0
63392,2011-2012,1.8.0
63393,2011-2012,1.5.0
63396,2011-2012,2.5.0
63397,2011-2012,2.4.0
63398,2011-2012,2.4.0
63401,2011-2012,2.4.0
63402,2011-2012,2.2.0
63403,2011-2012,2.5.0
63404,2011-2012,2.4.0
63405,2011-2012,2.4.0
63406,2011-2012,1.9.0
63407,2011-2012,1.5.0
63408,2011-2012,1.8.0
63409,2011-2012,2.4.0
63410,2011-2012,1.5.0
63411,2011-2012,2.4.0
63412,2011-2012,2.4.0
63413,2011-2012,1.8.0
63415,2011-2012,1.9.0
63417,2011-2012,1.5.0
63420,2011-2012,1.7.0
63421,2011-2012,2.4.0
63422,2011-2012,1.8.0
63424,2011-2012,2.4.0
63426,2011-2012,1.9.0
63427,2011-2012,2.4.0
63428,2011-2012,1.8.0
63429,2011-2012,1.9.0
63431,2011-2012,2.2.0
63432,2011-2012,2.3.0
63434,2011-2012,2.2.0
63435,2011-2012,1.9.0
63437,2011-2012,2.2.0
63438,2011-2012,2.1.0
63439,2011-2012,2.5.0
63440,2011-2012,2.3.0
63442,2011-2012,2.4.0
63443,2011-2012,2.1.0
63445,2011-2012,1.9.0
63446,2011-2012,1.8.0
63447,2011-2012,2.4.0
63448,2011-2012,1.8.0
63449,2011-2012,1.7.0
63450,2011-2012,2.5.0
63451,2011-2012,1.5.0
63452,2011-2012,2.5.0
63453,2011-2012,2.3.0
63454,2011-2012,2.3.0
63455,2011-2012,2.4.0
63456,2011-2012,2.4.0
63459,2011-2012,1.7.0
63461,2011-2012,2.3.0
63462,2011-2012,2.4.0
63463,2011-2012,2.4.0
63464,2011-2012,2.3.0
63465,2011-2012,1.5.0
63466,2011-2012,2.4.0
63467,2011-2012,1.5.0
63468,2011-2012,1.8.0
63469,2011-2012,1.9.0
63471,2011-2012,2.5.0
63472,2011-2012,1.9.0
63474,2011-2012,2.4.0
63475,2011-2012,2.2.0
63476,2011-2012,1.7.0
63478,2011-2012,2.0.0
63479,2011-2012,1.8.0
63480,2011-2012,2.3.0
63481,2011-2012,2.4.0
63482,2011-2012,1.9.0
63484,2011-2012,2.5.0
63485,2011-2012,2.4.0
63486,2011-2012,1.7.0
63487,2011-2012,2.5.0
63488,2011-2012,1.5.0
63490,2011-2012,2.5.0
63491,2011-2012,2.4.0
63495,2011-2012,2.3.0
63496,2011-2012,1.5.0
63498,2011-2012,2.4.0
63499,2011-2012,1.7.0
63502,2011-2012,2.3.0
63506,2011-2012,1.9.0
63507,2011-2012,2.5.0
63508,2011-2012,2.5.0
63510,2011-2012,1.8.0
63512,2011-2012,2.2.0
63514,2011-2012,1.9.0
63515,2011-2012,2.4.0
63516,2011-2012,2.3.0
63517,2011-2012,1.5.0
63519,2011-2012,2.4.0
63521,2011-2012,2.0.0
63522,2011-2012,2.2.0
63524,2011-2012,2.0.0
63526,2011-2012,2.4.0
63527,2011-2012,2.2.0
63528,2011-2012,1.5.0
63529,2011-2012,2.5.0
63530,2011-2012,2.4.0
63531,2011-2012,2.5.0
63532,2011-2012,2.2.0
63533,2011-2012,1.7.0
63534,2011-2012,2.4.0
63538,2011-2012,2.4.0
63539,2011-2012,2.3.0
63540,2011-2012,1.9.0
63541,2011-2012,2.4.0
63543,2011-2012,1.7.0
63544,2011-2012,1.9.0
63545,2011-2012,2.4.0
63546,2011-2012,1.5.0
63550,2011-2012,2.3.0
63551,2011-2012,2.3.0
63552,2011-2012,2.5.0
63554,2011-2012,2.4.0
63556,2011-2012,2.4.0
63558,2011-2012,2.0.0
63559,2011-2012,2.4.0
63560,2011-2012,1.9.0
63562,2011-2012,2.4.0
63563,2011-2012,2.4.0
63566,2011-2012,1.5.0
63567,2011-2012,2.4.0
63568,2011-2012,2.5.0
63571,2011-2012,1.8.0
63572,2011-2012,2.2.0
63573,2011-2012,2.4.0
63574,2011-2012,2.2.0
63575,2011-2012,2.4.0
63576,2011-2012,2.4.0
63579,2011-2012,2.4.0
63580,2011-2012,2.4.0
63581,2011-2012,2.2.0
63582,2011-2012,2.3.0
63583,2011-2012,2.0.0
63584,2011-2012,1.5.0
63585,2011-2012,2.4.0
63587,2011-2012,2.3.0
63588,2011-2012,2.3.0
63589,2011-2012,2.2.0
63590,2011-2012,1.9.0
63593,2011-2012,2.3.0
63598,2011-2012,1.7.0
63600,2011-2012,1.7.0
63602,2011-2012,2.5.0
63603,2011-2012,2.5.0
63605,2011-2012,1.9.0
63606,2011-2012,2.4.0
63607,2011-2012,2.4.0
63608,2011-2012,2.5.0
63609,2011-2012,2.3.0
63610,2011-2012,2.4.0
63611,2011-2012,2.5.0
63613,2011-2012,1.7.0
63614,2011-2012,1.9.0
63615,2011-2012,1.7.0
63616,2011-2012,2.4.0
63617,2011-2012,2.2.0
63620,2011-2012,2.3.0
63621,2011-2012,2.4.0
63622,2011-2012,1.9.0
63623,2011-2012,2.2.0
63624,2011-2012,2.2.0
63625,2011-2012,2.3.0
63626,2011-2012,2.2.0
63627,2011-2012,1.5.0
63629,2011-2012,2.2.0
63630,2011-2012,2.3.0
63631,2011-2012,2.4.0
63632,2011-2012,1.9.0
63633,2011-2012,2.4.0
63635,2011-2012,2.5.0
63636,2011-2012,2.4.0
63637,2011-2012,2.4.0
63638,2011-2012,2.3.0
63639,2011-2012,2.1.0
63641,2011-2012,1.7.0
63642,2011-2012,1.7.0
63643,2011-2012,2.4.0
63648,2011-2012,2.4.0
63651,2011-2012,1.7.0
63652,2011-2012,1.5.0
63653,2011-2012,2.5.0
63654,2011-2012,1.9.0
63655,2011-2012,1.8.0
63656,2011-2012,2.4.0
63657,2011-2012,2.4.0
63658,2011-2012,1.8.0
63659,2011-2012,2.0.0
63660,2011-2012,2.4.0
63661,2011-2012,2.4.0
63662,2011-2012,2.5.0
63663,2011-2012,2.2.0
63664,2011-2012,2.4.0
63665,2011-2012,2.5.0
63666,2011-2012,2.4.0
63669,2011-2012,2.4.0
63670,2011-2012,1.8.0
63672,2011-2012,1.9.0
63673,2011-2012,2.5.0
63675,2011-2012,2.4.0
63678,2011-2012,1.9.0
63682,2011-2012,2.4.0
63683,2011-2012,2.4.0
63684,2011-2012,2.5.0
63685,2011-2012,2.2.0
63686,2011-2012,2.5.0
63687,2011-2012,2.3.0
63689,2011-2012,1.5.0
63690,2011-2012,1.7.0
63691,2011-2012,2.4.0
63692,2011-2012,1.5.0
63693,2011-2012,1.7.0
63696,2011-2012,2.3.0
63697,2011-2012,2.4.0
63698,2011-2012,2.5.0
63699,2011-2012,2.0.0
63700,2011-2012,2.4.0
63701,2011-2012,2.4.0
63702,2011-2012,2.5.0
63704,2011-2012,2.4.0
63705,2011-2012,1.9.0
63706,2011-2012,2.3.0
63707,2011-2012,2.5.0
63708,2011-2012,1.7.0
63709,2011-2012,2.4.0
63713,2011-2012,2.2.0
63714,2011-2012,1.5.0
63715,2011-2012,1.5.0
63717,2011-2012,2.4.0
63718,2011-2012,2.4.0
63719,2011-2012,2.4.0
63721,2011-2012,2.2.0
63723,2011-2012,1.5.0
63724,2011-2012,2.3.0
63726,2011-2012,2.4.0
63728,2011-2012,1.7.0
63729,2011-2012,2.4.0
63730,2011-2012,2.5.0
63731,2011-2012,2.4.0
63732,2011-2012,1.9.0
63733,2011-2012,2.5.0
63734,2011-2012,1.9.0
63735,2011-2012,1.8.0
63736,2011-2012,1.8.0
63738,2011-2012,1.9.0
63739,2011-2012,1.8.0
63740,2011-2012,1.9.0
63741,2011-2012,2.3.0
63742,2011-2012,1.5.0
63743,2011-2012,1.5.0
63744,2011-2012,1.9.0
63746,2011-2012,1.8.0
63748,2011-2012,2.5.0
63749,2011-2012,2.2.0
63752,2011-2012,2.4.0
63753,2011-2012,2.5.0
63754,2011-2012,1.5.0
63759,2011-2012,1.8.0
63760,2011-2012,2.4.0
63761,2011-2012,2.3.0
63762,2011-2012,2.4.0
63763,2011-2012,1.9.0
63764,2011-2012,1.9.0
63765,2011-2012,1.5.0
63766,2011-2012,2.2.0
63767,2011-2012,2.2.0
63768,2011-2012,1.9.0
63769,2011-2012,1.7.0
63770,2011-2012,2.4.0
63771,2011-2012,2.5.0
63772,2011-2012,1.9.0
63774,2011-2012,2.3.0
63776,2011-2012,2.5.0
63777,2011-2012,1.7.0
63778,2011-2012,2.3.0
63780,2011-2012,2.1.0
63781,2011-2012,2.5.0
63783,2011-2012,2.5.0
63784,2011-2012,1.5.0
63787,2011-2012,2.5.0
63790,2011-2012,2.4.0
63793,2011-2012,2.0.0
63796,2011-2012,2.2.0
63797,2011-2012,2.4.0
63799,2011-2012,2.2.0
63801,2011-2012,2.0.0
63802,2011-2012,2.1.0
63803,2011-2012,1.7.0
63805,2011-2012,2.4.0
63806,2011-2012,1.9.0
63807,2011-2012,2.2.0
63809,2011-2012,1.9.0
63810,2011-2012,1.8.0
63812,2011-2012,1.5.0
63813,2011-2012,1.8.0
63814,2011-2012,1.9.0
63815,2011-2012,1.5.0
63817,2011-2012,2.4.0
63818,2011-2012,1.9.0
63820,2011-2012,1.5.0
63822,2011-2012,2.4.0
63825,2011-2012,2.2.0
63827,2011-2012,1.5.0
63828,2011-2012,1.9.0
63831,2011-2012,2.2.0
63832,2011-2012,2.4.0
63833,2011-2012,1.5.0
63836,2011-2012,1.9.0
63837,2011-2012,1.8.0
63838,2011-2012,2.5.0
63839,2011-2012,1.9.0
63840,2011-2012,2.5.0
63841,2011-2012,1.7.0
63843,2011-2012,2.4.0
63844,2011-2012,2.2.0
63845,2011-2012,2.4.0
63847,2011-2012,2.4.0
63848,2011-2012,2.3.0
63849,2011-2012,2.2.0
63850,2011-2012,2.2.0
63851,2011-2012,1.8.0
63852,2011-2012,2.5.0
63853,2011-2012,2.2.0
63855,2011-2012,2.4.0
63856,2011-2012,2.4.0
63858,2011-2012,1.7.0
63859,2011-2012,2.4.0
63862,2011-2012,2.4.0
63863,2011-2012,1.9.0
63867,2011-2012,2.3.0
63868,2011-2012,2.0.0
63870,2011-2012,1.9.0
63871,2011-2012,1.5.0
63872,2011-2012,2.2.0
63873,2011-2012,1.5.0
63875,2011-2012,2.4.0
63876,2011-2012,2.3.0
63877,2011-2012,1.5.0
63878,2011-2012,2.3.0
63879,2011-2012,2.0.0
63880,2011-2012,2.2.0
63882,2011-2012,2.2.0
63886,2011-2012,2.4.0
63887,2011-2012,2.4.0
63888,2011-2012,1.5.0
63889,2011-2012,2.4.0
63890,2011-2012,1.9.0
63891,2011-2012,2.4.0
63894,2011-2012,1.9.0
63896,2011-2012,2.4.0
63897,2011-2012,2.4.0
63898,2011-2012,1.5.0
63899,2011-2012,2.4.0
63901,2011-2012,1.8.0
63902,2011-2012,1.5.0
63903,2011-2012,2.5.0
63906,2011-2012,1.7.0
63907,2011-2012,2.5.0
63908,2011-2012,1.9.0
63909,2011-2012,1.5.0
63911,2011-2012,2.4.0
63912,2011-2012,2.3.0
63913,2011-2012,1.9.0
63914,2011-2012,1.5.0
63915,2011-2012,2.5.0
63916,2011-2012,2.4.0
63917,2011-2012,2.5.0
63918,2011-2012,2.0.0
63920,2011-2012,1.5.0
63922,2011-2012,1.9.0
63923,2011-2012,1.9.0
63924,2011-2012,1.7.0
63926,2011-2012,1.7.0
63928,2011-2012,2.4.0
63933,2011-2012,2.0.0
63934,2011-2012,2.5.0
63935,2011-2012,1.9.0
63937,2011-2012,2.5.0
63938,2011-2012,1.5.0
63940,2011-2012,1.9.0
63941,2011-2012,2.2.0
63942,2011-2012,2.0.0
63943,2011-2012,1.8.0
63944,2011-2012,1.9.0
63945,2011-2012,2.2.0
63946,2011-2012,2.2.0
63948,2011-2012,2.5.0
63949,2011-2012,2.3.0
63950,2011-2012,2.4.0
63951,2011-2012,1.8.0
63952,2011-2012,2.2.0
63953,2011-2012,1.5.0
63955,2011-2012,1.8.0
63956,2011-2012,2.4.0
63957,2011-2012,2.3.0
63958,2011-2012,2.5.0
63959,2011-2012,2.5.0
63960,2011-2012,2.4.0
63963,2011-2012,1.7.0
63964,2011-2012,1.5.0
63965,2011-2012,2.3.0
63967,2011-2012,1.8.0
63968,2011-2012,2.5.0
63969,2011-2012,1.8.0
63971,2011-2012,2.4.0
63972,2011-2012,1.8.0
63973,2011-2012,2.4.0
63975,2011-2012,1.5.0
63977,2011-2012,2.2.0
63978,2011-2012,2.5.0
63979,2011-2012,2.4.0
63980,2011-2012,2.4.0
63981,2011-2012,2.3.0
63982,2011-2012,2.5.0
63983,2011-2012,2.5.0
63984,2011-2012,2.2.0
63986,2011-2012,2.5.0
63989,2011-2012,1.9.0
63990,2011-2012,2.4.0
63991,2011-2012,1.9.0
63992,2011-2012,2.5.0
63993,2011-2012,1.5.0
63994,2011-2012,1.5.0
63996,2011-2012,2.4.0
63997,2011-2012,1.7.0
63999,2011-2012,2.3.0
64000,2011-2012,1.9.0
64001,2011-2012,1.8.0
64002,2011-2012,2.4.0
64003,2011-2012,2.4.0
64005,2011-2012,1.5.0
64006,2011-2012,1.5.0
64011,2011-2012,2.3.0
64012,2011-2012,2.5.0
64013,2011-2012,1.7.0
64014,2011-2012,2.3.0
64015,2011-2012,2.2.0
64017,2011-2012,1.9.0
64018,2011-2012,2.1.0
64019,2011-2012,1.7.0
64020,2011-2012,2.4.0
64021,2011-2012,1.9.0
64023,2011-2012,1.5.0
64024,2011-2012,2.4.0
64025,2011-2012,2.2.0
64026,2011-2012,1.5.0
64028,2011-2012,1.9.0
64029,2011-2012,1.5.0
64030,2011-2012,2.3.0
64033,2011-2012,2.2.0
64034,2011-2012,1.8.0
64035,2011-2012,2.2.0
64036,2011-2012,2.4.0
64037,2011-2012,2.2.0
64040,2011-2012,2.5.0
64041,2011-2012,1.5.0
64042,2011-2012,2.0.0
64043,2011-2012,2.4.0
64044,2011-2012,2.3.0
64047,2011-2012,2.3.0
64048,2011-2012,1.5.0
64049,2011-2012,2.2.0
64050,2011-2012,2.4.0
64052,2011-2012,1.7.0
64053,2011-2012,2.0.0
64054,2011-2012,2.4.0
64055,2011-2012,2.4.0
64056,2011-2012,2.4.0
64057,2011-2012,2.2.0
64058,2011-2012,2.4.0
64059,2011-2012,1.5.0
64062,2011-2012,1.5.0
64063,2011-2012,1.9.0
64064,2011-2012,2.2.0
64065,2011-2012,1.8.0
64066,2011-2012,1.8.0
64068,2011-2012,2.5.0
64069,2011-2012,2.4.0
64070,2011-2012,2.4.0
64071,2011-2012,1.8.0
64072,2011-2012,2.2.0
64073,2011-2012,2.5.0
64075,2011-2012,2.4.0
64077,2011-2012,2.3.0
64078,2011-2012,1.8.0
64079,2011-2012,2.5.0
64081,2011-2012,1.9.0
64082,2011-2012,2.5.0
64083,2011-2012,2.0.0
64085,2011-2012,2.2.0
64086,2011-2012,2.4.0
64088,2011-2012,1.8.0
64089,2011-2012,2.4.0
64090,2011-2012,2.5.0
64091,2011-2012,2.4.0
64093,2011-2012,2.3.0
64095,2011-2012,1.7.0
64096,2011-2012,1.8.0
64097,2011-2012,1.5.0
64098,2011-2012,2.4.0
64099,2011-2012,1.8.0
64103,2011-2012,2.3.0
64105,2011-2012,2.2.0
64106,2011-2012,2.5.0
64107,2011-2012,1.9.0
64110,2011-2012,2.4.0
64111,2011-2012,1.9.0
64112,2011-2012,2.3.0
64113,2011-2012,2.0.0
64114,2011-2012,2.5.0
64115,2011-2012,2.4.0
64116,2011-2012,2.4.0
64117,2011-2012,2.1.0
64119,2011-2012,2.4.0
64120,2011-2012,2.4.0
64121,2011-2012,1.9.0
64122,2011-2012,1.7.0
64124,2011-2012,1.5.0
64126,2011-2012,2.3.0
64127,2011-2012,1.7.0
64128,2011-2012,1.5.0
64129,2011-2012,1.8.0
64130,2011-2012,2.4.0
64131,2011-2012,1.9.0
64132,2011-2012,2.4.0
64133,2011-2012,2.5.0
64134,2011-2012,1.8.0
64135,2011-2012,2.3.0
64136,2011-2012,2.2.0
64138,2011-2012,2.2.0
64139,2011-2012,1.9.0
64140,2011-2012,1.5.0
64141,2011-2012,2.5.0
64142,2011-2012,2.2.0
64143,2011-2012,2.4.0
64146,2011-2012,2.4.0
64147,2011-2012,2.3.0
64149,2011-2012,2.3.0
64151,2011-2012,1.8.0
64152,2011-2012,1.7.0
64153,2011-2012,2.1.0
64154,2011-2012,1.7.0
64155,2011-2012,2.4.0
64156,2011-2012,2.2.0
64157,2011-2012,2.4.0
64159,2011-2012,2.5.0
64160,2011-2012,2.3.0
64161,2011-2012,2.4.0
64162,2011-2012,2.4.0
64163,2011-2012,1.9.0
64165,2011-2012,2.3.0
64166,2011-2012,2.4.0
64167,2011-2012,1.8.0
64168,2011-2012,1.5.0
64169,2011-2012,2.3.0
64170,2011-2012,2.4.0
64171,2011-2012,1.8.0
64172,2011-2012,2.4.0
64173,2011-2012,2.4.0
64174,2011-2012,1.7.0
64175,2011-2012,1.9.0
64178,2011-2012,2.2.0
64179,2011-2012,1.5.0
64180,2011-2012,2.4.0
64181,2011-2012,1.9.0
64182,2011-2012,1.5.0
64183,2011-2012,2.3.0
64184,2011-2012,2.5.0
64185,2011-2012,2.4.0
64186,2011-2012,2.5.0
64187,2011-2012,2.5.0
64191,2011-2012,2.5.0
64192,2011-2012,1.9.0
64193,2011-2012,1.9.0
64194,2011-2012,2.0.0
64195,2011-2012,1.9.0
64196,2011-2012,2.4.0
64197,2011-2012,2.4.0
64198,2011-2012,1.9.0
64201,2011-2012,2.2.0
64202,2011-2012,1.9.0
64203,2011-2012,2.4.0
64206,2011-2012,1.8.0
64207,2011-2012,2.4.0
64208,2011-2012,2.3.0
64209,2011-2012,1.8.0
64214,2011-2012,1.7.0
64215,2011-2012,1.8.0
64217,2011-2012,1.5.0
64218,2011-2012,1.9.0
64219,2011-2012,1.9.0
64220,2011-2012,2.2.0
64221,2011-2012,1.5.0
64222,2011-2012,2.2.0
64224,2011-2012,1.8.0
64225,2011-2012,2.5.0
64226,2011-2012,2.4.0
64227,2011-2012,2.5.0
64228,2011-2012,2.4.0
64229,2011-2012,2.4.0
64231,2011-2012,1.5.0
64234,2011-2012,1.7.0
64235,2011-2012,1.9.0
64237,2011-2012,2.0.0
64240,2011-2012,2.3.0
64242,2011-2012,2.4.0
64243,2011-2012,1.8.0
64244,2011-2012,1.8.0
64245,2011-2012,2.4.0
64247,2011-2012,2.3.0
64248,2011-2012,2.4.0
64252,2011-2012,2.2.0
64253,2011-2012,2.2.0
64255,2011-2012,2.4.0
64256,2011-2012,1.9.0
64257,2011-2012,2.1.0
64258,2011-2012,2.3.0
64259,2011-2012,2.0.0
64260,2011-2012,1.9.0
64262,2011-2012,1.7.0
64263,2011-2012,1.5.0
64264,2011-2012,1.9.0
64265,2011-2012,2.5.0
64266,2011-2012,2.4.0
64267,2011-2012,2.4.0
64268,2011-2012,1.8.0
64270,2011-2012,2.5.0
64271,2011-2012,2.2.0
64276,2011-2012,2.3.0
64277,2011-2012,1.7.0
64278,2011-2012,1.9.0
64281,2011-2012,2.5.0
64284,2011-2012,1.9.0
64285,2011-2012,1.8.0
64287,2011-2012,2.4.0
64288,2011-2012,2.3.0
64290,2011-2012,2.0.0
64291,2011-2012,1.9.0
64292,2011-2012,1.5.0
64294,2011-2012,2.4.0
64296,2011-2012,2.5.0
64298,2011-2012,2.4.0
64299,2011-2012,1.5.0
64302,2011-2012,2.4.0
64305,2011-2012,2.3.0
64307,2011-2012,2.4.0
64308,2011-2012,1.5.0
64310,2011-2012,2.4.0
64311,2011-2012,1.9.0
64312,2011-2012,2.3.0
64313,2011-2012,1.7.0
64314,2011-2012,2.0.0
64315,2011-2012,2.5.0
64316,2011-2012,1.8.0
64317,2011-2012,2.2.0
64318,2011-2012,1.7.0
64320,2011-2012,1.5.0
64321,2011-2012,2.5.0
64322,2011-2012,2.3.0
64324,2011-2012,1.9.0
64325,2011-2012,1.5.0
64326,2011-2012,2.2.0
64327,2011-2012,2.4.0
64328,2011-2012,1.9.0
64329,2011-2012,1.8.0
64330,2011-2012,2.5.0
64331,2011-2012,1.8.0
64333,2011-2012,1.5.0
64334,2011-2012,1.7.0
64335,2011-2012,2.4.0
64336,2011-2012,2.4.0
64337,2011-2012,2.4.0
64339,2011-2012,2.3.0
64341,2011-2012,2.5.0
64342,2011-2012,2.3.0
64343,2011-2012,2.4.0
64344,2011-2012,2.5.0
64347,2011-2012,1.9.0
64348,2011-2012,2.5.0
64349,2011-2012,2.2.0
64350,2011-2012,2.5.0
64351,2011-2012,1.8.0
64354,2011-2012,2.5.0
64356,2011-2012,1.5.0
64359,2011-2012,1.8.0
64360,2011-2012,2.5.0
64361,2011-2012,1.9.0
64362,2011-2012,2.4.0
64363,2011-2012,2.2.0
64364,2011-2012,1.9.0
64367,2011-2012,2.4.0
64368,2011-2012,1.5.0
64369,2011-2012,2.2.0
64370,2011-2012,2.5.0
64371,2011-2012,2.4.0
64372,2011-2012,2.4.0
64373,2011-2012,2.0.0
64374,2011-2012,1.8.0
64375,2011-2012,1.9.0
64376,2011-2012,2.0.0
64377,2011-2012,1.9.0
64378,2011-2012,2.2.0
64379,2011-2012,1.5.0
64380,2011-2012,2.4.0
64381,2011-2012,2.5.0
64382,2011-2012,1.8.0
64383,2011-2012,2.2.0
64386,2011-2012,2.4.0
64387,2011-2012,2.4.0
64388,2011-2012,1.5.0
64389,2011-2012,2.3.0
64390,2011-2012,2.4.0
64391,2011-2012,2.1.0
64392,2011-2012,1.9.0
64395,2011-2012,2.0.0
64396,2011-2012,2.4.0
64397,2011-2012,2.4.0
64399,2011-2012,1.9.0
64400,2011-2012,2.4.0
64401,2011-2012,2.1.0
64402,2011-2012,1.9.0
64403,2011-2012,2.4.0
64404,2011-2012,2.2.0
64406,2011-2012,2.4.0
64408,2011-2012,1.9.0
64409,2011-2012,1.8.0
64410,2011-2012,2.2.0
64412,2011-2012,1.5.0
64413,2011-2012,1.9.0
64415,2011-2012,2.3.0
64416,2011-2012,2.4.0
64418,2011-2012,2.4.0
64419,2011-2012,2.3.0
64420,2011-2012,2.4.0
64422,2011-2012,1.9.0
64423,2011-2012,1.5.0
64425,2011-2012,1.7.0
64427,2011-2012,1.8.0
64428,2011-2012,1.7.0
64430,2011-2012,2.5.0
64432,2011-2012,1.7.0
64433,2011-2012,2.0.0
64434,2011-2012,2.0.0
64435,2011-2012,2.2.0
64436,2011-2012,1.9.0
64437,2011-2012,2.4.0
64438,2011-2012,2.5.0
64439,2011-2012,1.5.0
64440,2011-2012,2.3.0
64444,2011-2012,1.8.0
64446,2011-2012,2.4.0
64447,2011-2012,2.4.0
64449,2011-2012,1.7.0
64450,2011-2012,1.9.0
64451,2011-2012,2.5.0
64455,2011-2012,1.7.0
64456,2011-2012,1.5.0
64459,2011-2012,2.5.0
64460,2011-2012,2.5.0
64461,2011-2012,2.5.0
64463,2011-2012,2.4.0
64465,2011-2012,2.4.0
64466,2011-2012,2.5.0
64468,2011-2012,1.8.0
64469,2011-2012,1.5.0
64470,2011-2012,2.2.0
64472,2011-2012,2.4.0
64473,2011-2012,1.5.0
64474,2011-2012,2.4.0
64475,2011-2012,2.4.0
64477,2011-2012,2.4.0
64478,2011-2012,2.5.0
64479,2011-2012,2.4.0
64481,2011-2012,1.8.0
64484,2011-2012,1.7.0
64485,2011-2012,2.5.0
64487,2011-2012,2.4.0
64489,2011-2012,2.4.0
64490,2011-2012,2.3.0
64491,2011-2012,2.4.0
64493,2011-2012,2.4.0
64494,2011-2012,2.5.0
64495,2011-2012,1.9.0
64497,2011-2012,2.4.0
64498,2011-2012,2.2.0
64499,2011-2012,1.7.0
64500,2011-2012,2.2.0
64501,2011-2012,2.5.0
64503,2011-2012,1.9.0
64504,2011-2012,2.4.0
64505,2011-2012,2.5.0
64506,2011-2012,2.5.0
64507,2011-2012,1.8.0
64508,2011-2012,2.4.0
64509,2011-2012,2.2.0
64510,2011-2012,1.5.0
64511,2011-2012,1.9.0
64512,2011-2012,1.9.0
64514,2011-2012,1.9.0
64515,2011-2012,1.7.0
64518,2011-2012,2.4.0
64520,2011-2012,2.4.0
64521,2011-2012,2.5.0
64523,2011-2012,2.5.0
64525,2011-2012,2.4.0
64528,2011-2012,1.9.0
64529,2011-2012,2.4.0
64530,2011-2012,1.8.0
64532,2011-2012,2.4.0
64533,2011-2012,2.4.0
64534,2011-2012,2.0.0
64535,2011-2012,2.4.0
64536,2011-2012,2.5.0
64538,2011-2012,1.7.0
64539,2011-2012,2.4.0
64544,2011-2012,1.9.0
64545,2011-2012,2.5.0
64548,2011-2012,2.4.0
64549,2011-2012,2.2.0
64550,2011-2012,2.4.0
64551,2011-2012,1.7.0
64552,2011-2012,1.9.0
64553,2011-2012,1.8.0
64558,2011-2012,2.4.0
64559,2011-2012,2.0.0
64562,2011-2012,2.5.0
64564,2011-2012,2.3.0
64566,2011-2012,1.5.0
64567,2011-2012,2.5.0
64569,2011-2012,2.2.0
64571,2011-2012,1.8.0
64572,2011-2012,1.8.0
64573,2011-2012,1.5.0
64574,2011-2012,1.9.0
64575,2011-2012,2.4.0
64576,2011-2012,2.4.0
64580,2011-2012,1.7.0
64581,2011-2012,2.4.0
64583,2011-2012,1.7.0
64584,2011-2012,2.3.0
64587,2011-2012,1.8.0
64589,2011-2012,1.9.0
64590,2011-2012,1.8.0
64591,2011-2012,1.5.0
64592,2011-2012,2.4.0
64594,2011-2012,2.4.0
64596,2011-2012,1.7.0
64597,2011-2012,1.9.0
64598,2011-2012,2.1.0
64599,2011-2012,1.8.0
64600,2011-2012,2.4.0
64602,2011-2012,1.9.0
64603,2011-2012,2.4.0
64604,2011-2012,2.5.0
64606,2011-2012,2.5.0
64607,2011-2012,2.4.0
64608,2011-2012,2.4.0
64609,2011-2012,2.4.0
64610,2011-2012,2.4.0
64611,2011-2012,1.5.0
64612,2011-2012,2.4.0
64613,2011-2012,2.4.0
64614,2011-2012,1.8.0
64615,2011-2012,1.9.0
64616,2011-2012,1.5.0
64617,2011-2012,2.4.0
64619,2011-2012,2.4.0
64620,2011-2012,2.4.0
64621,2011-2012,2.5.0
64622,2011-2012,2.0.0
64625,2011-2012,2.4.0
64627,2011-2012,1.7.0
64628,2011-2012,2.3.0
64629,2011-2012,1.9.0
64632,2011-2012,2.4.0
64634,2011-2012,2.5.0
64635,2011-2012,2.2.0
64636,2011-2012,1.8.0
64637,2011-2012,2.2.0
64639,2011-2012,2.3.0
64640,2011-2012,1.5.0
64642,2011-2012,2.2.0
64643,2011-2012,2.4.0
64644,2011-2012,2.5.0
64646,2011-2012,2.4.0
64648,2011-2012,2.3.0
64650,2011-2012,1.9.0
64651,2011-2012,2.2.0
64652,2011-2012,2.5.0
64654,2011-2012,2.5.0
64655,2011-2012,2.5.0
64661,2011-2012,1.9.0
64662,2011-2012,2.5.0
64663,2011-2012,2.3.0
64664,2011-2012,2.4.0
64665,2011-2012,1.9.0
64667,2011-2012,1.5.0
64669,2011-2012,2.5.0
64671,2011-2012,1.8.0
64672,2011-2012,1.5.0
64673,2011-2012,2.2.0
64674,2011-2012,2.5.0
64675,2011-2012,2.0.0
64676,2011-2012,2.5.0
64679,2011-2012,1.8.0
64680,2011-2012,2.4.0
64681,2011-2012,1.7.0
64682,2011-2012,2.4.0
64684,2011-2012,1.5.0
64685,2011-2012,2.4.0
64687,2011-2012,2.5.0
64689,2011-2012,2.3.0
64690,2011-2012,1.9.0
64694,2011-2012,2.5.0
64695,2011-2012,2.4.0
64696,2011-2012,2.1.0
64697,2011-2012,2.5.0
64698,2011-2012,2.4.0
64699,2011-2012,1.8.0
64701,2011-2012,2.5.0
64703,2011-2012,1.9.0
64704,2011-2012,1.7.0
64705,2011-2012,1.9.0
64706,2011-2012,2.5.0
64707,2011-2012,2.3.0
64708,2011-2012,1.8.0
64709,2011-2012,2.5.0
64711,2011-2012,1.5.0
64712,2011-2012,1.7.0
64713,2011-2012,2.0.0
64714,2011-2012,1.9.0
64715,2011-2012,1.8.0
64718,2011-2012,2.4.0
64719,2011-2012,1.8.0
64720,2011-2012,2.5.0
64721,2011-2012,1.5.0
64722,2011-2012,1.7.0
64723,2011-2012,2.2.0
64725,2011-2012,2.4.0
64727,2011-2012,1.9.0
64728,2011-2012,2.5.0
64729,2011-2012,2.2.0
64730,2011-2012,1.9.0
64731,2011-2012,2.5.0
64732,2011-2012,1.8.0
64733,2011-2012,2.5.0
64734,2011-2012,2.5.0
64736,2011-2012,2.3.0
64737,2011-2012,1.8.0
64738,2011-2012,1.9.0
64739,2011-2012,2.4.0
64741,2011-2012,2.5.0
64742,2011-2012,1.5.0
64743,2011-2012,1.9.0
64745,2011-2012,1.5.0
64746,2011-2012,2.4.0
64750,2011-2012,2.3.0
64751,2011-2012,2.0.0
64752,2011-2012,2.3.0
64753,2011-2012,1.9.0
64754,2011-2012,2.0.0
64756,2011-2012,2.5.0
64757,2011-2012,1.8.0
64758,2011-2012,2.2.0
64759,2011-2012,1.8.0
64761,2011-2012,2.3.0
64762,2011-2012,1.8.0
64763,2011-2012,2.5.0
64764,2011-2012,1.9.0
64765,2011-2012,2.4.0
64767,2011-2012,2.5.0
64768,2011-2012,2.4.0
64769,2011-2012,2.4.0
64770,2011-2012,1.9.0
64771,2011-2012,1.7.0
64773,2011-2012,2.4.0
64775,2011-2012,2.2.0
64776,2011-2012,2.3.0
64777,2011-2012,1.9.0
64779,2011-2012,1.5.0
64780,2011-2012,1.5.0
64781,2011-2012,2.4.0
64784,2011-2012,1.9.0
64785,2011-2012,2.3.0
64786,2011-2012,2.4.0
64787,2011-2012,1.9.0
64789,2011-2012,2.0.0
64791,2011-2012,2.4.0
64792,2011-2012,2.4.0
64793,2011-2012,2.4.0
64794,2011-2012,2.4.0
64795,2011-2012,1.9.0
64798,2011-2012,1.8.0
64799,2011-2012,2.5.0
64800,2011-2012,2.4.0
64801,2011-2012,2.5.0
64803,2011-2012,1.7.0
64804,2011-2012,1.8.0
64805,2011-2012,1.9.0
64806,2011-2012,1.5.0
64807,2011-2012,1.5.0
64808,2011-2012,2.5.0
64809,2011-2012,2.4.0
64811,2011-2012,2.2.0
64812,2011-2012,2.5.0
64813,2011-2012,1.5.0
64815,2011-2012,1.7.0
64818,2011-2012,2.2.0
64820,2011-2012,2.3.0
64821,2011-2012,1.8.0
64823,2011-2012,2.3.0
64824,2011-2012,2.4.0
64825,2011-2012,1.5.0
64826,2011-2012,1.8.0
64827,2011-2012,1.8.0
64828,2011-2012,2.3.0
64829,2011-2012,2.4.0
64830,2011-2012,2.3.0
64831,2011-2012,2.2.0
64832,2011-2012,2.4.0
64833,2011-2012,2.3.0
64835,2011-2012,1.7.0
64837,2011-2012,2.5.0
64838,2011-2012,2.3.0
64839,2011-2012,1.5.0
64840,2011-2012,2.5.0
64841,2011-2012,1.7.0
64846,2011-2012,1.9.0
64847,2011-2012,1.8.0
64848,2011-2012,1.8.0
64850,2011-2012,2.3.0
64851,2011-2012,2.2.0
64854,2011-2012,1.9.0
64857,2011-2012,2.4.0
64858,2011-2012,2.5.0
64859,2011-2012,2.2.0
64860,2011-2012,1.9.0
64861,2011-2012,1.7.0
64862,2011-2012,2.1.0
64864,2011-2012,1.8.0
64866,2011-2012,1.7.0
64867,2011-2012,1.5.0
64870,2011-2012,2.4.0
64871,2011-2012,2.4.0
64873,2011-2012,2.0.0
64875,2011-2012,1.7.0
64876,2011-2012,2.2.0
64877,2011-2012,1.9.0
64878,2011-2012,2.4.0
64879,2011-2012,2.5.0
64880,2011-2012,2.4.0
64881,2011-2012,2.3.0
64882,2011-2012,1.7.0
64886,2011-2012,2.2.0
64887,2011-2012,1.9.0
64889,2011-2012,2.5.0
64890,2011-2012,1.5.0
64891,2011-2012,2.3.0
64894,2011-2012,1.8.0
64895,2011-2012,1.5.0
64897,2011-2012,1.9.0
64898,2011-2012,2.0.0
64899,2011-2012,2.2.0
64900,2011-2012,2.4.0
64901,2011-2012,2.2.0
64902,2011-2012,1.9.0
64903,2011-2012,2.0.0
64904,2011-2012,2.5.0
64908,2011-2012,2.2.0
64909,2011-2012,1.8.0
64910,2011-2012,1.9.0
64911,2011-2012,1.9.0
64912,2011-2012,2.5.0
64913,2011-2012,2.1.0
64914,2011-2012,1.8.0
64916,2011-2012,1.5.0
64919,2011-2012,2.4.0
64920,2011-2012,1.9.0
64921,2011-2012,1.9.0
64922,2011-2012,2.3.0
64923,2011-2012,2.4.0
64924,2011-2012,1.5.0
64926,2011-2012,1.9.0
64928,2011-2012,2.4.0
64929,2011-2012,2.2.0
64930,2011-2012,1.9.0
64931,2011-2012,1.7.0
64932,2011-2012,1.7.0
64933,2011-2012,2.4.0
64934,2011-2012,2.2.0
64935,2011-2012,2.5.0
64936,2011-2012,2.4.0
64937,2011-2012,1.5.0
64938,2011-2012,2.5.0
64939,2011-2012,1.5.0
64940,2011-2012,2.3.0
64942,2011-2012,1.5.0
64944,2011-2012,2.4.0
64946,2011-2012,2.5.0
64947,2011-2012,1.9.0
64948,2011-2012,2.5.0
64949,2011-2012,2.4.0
64951,2011-2012,2.2.0
64952,2011-2012,2.1.0
64954,2011-2012,2.4.0
64956,2011-2012,2.5.0
64958,2011-2012,2.4.0
64960,2011-2012,2.2.0
64961,2011-2012,2.4.0
64962,2011-2012,1.7.0
64963,2011-2012,2.4.0
64964,2011-2012,2.2.0
64965,2011-2012,1.5.0
64968,2011-2012,2.4.0
64969,2011-2012,2.4.0
64970,2011-2012,2.5.0
64971,2011-2012,2.2.0
64972,2011-2012,2.4.0
64973,2011-2012,2.3.0
64974,2011-2012,1.7.0
64975,2011-2012,2.4.0
64976,2011-2012,1.5.0
64977,2011-2012,2.4.0
64978,2011-2012,1.7.0
64979,2011-2012,2.4.0
64982,2011-2012,2.0.0
64983,2011-2012,1.5.0
64984,2011-2012,1.8.0
64985,2011-2012,1.8.0
64987,2011-2012,1.5.0
64989,2011-2012,2.4.0
64991,2011-2012,2.4.0
64992,2011-2012,2.5.0
64994,2011-2012,2.2.0
64995,2011-2012,1.7.0
64997,2011-2012,1.9.0
64998,2011-2012,1.9.0
64999,2011-2012,1.5.0
65001,2011-2012,1.8.0
65002,2011-2012,2.4.0
65003,2011-2012,2.4.0
65005,2011-2012,2.4.0
65006,2011-2012,2.5.0
65007,2011-2012,1.7.0
65009,2011-2012,2.4.0
65010,2011-2012,2.5.0
65011,2011-2012,2.1.0
65013,2011-2012,1.9.0
65015,2011-2012,1.8.0
65016,2011-2012,2.3.0
65018,2011-2012,2.4.0
65019,2011-2012,1.8.0
65020,2011-2012,1.9.0
65021,2011-2012,2.4.0
65023,2011-2012,2.5.0
65024,2011-2012,2.4.0
65025,2011-2012,1.9.0
65027,2011-2012,2.5.0
65031,2011-2012,2.5.0
65032,2011-2012,2.4.0
65033,2011-2012,2.5.0
65034,2011-2012,2.5.0
65036,2011-2012,2.4.0
65039,2011-2012,2.4.0
65040,2011-2012,2.5.0
65041,2011-2012,2.4.0
65042,2011-2012,1.9.0
65043,2011-2012,2.3.0
65044,2011-2012,2.2.0
65045,2011-2012,1.5.0
65046,2011-2012,2.4.0
65047,2011-2012,2.5.0
65048,2011-2012,2.4.0
65049,2011-2012,2.3.0
65050,2011-2012,2.0.0
65051,2011-2012,1.9.0
65052,2011-2012,2.2.0
65054,2011-2012,2.3.0
65056,2011-2012,1.9.0
65058,2011-2012,2.2.0
65061,2011-2012,1.8.0
65063,2011-2012,2.4.0
65064,2011-2012,2.4.0
65065,2011-2012,2.2.0
65066,2011-2012,1.9.0
65067,2011-2012,2.5.0
65069,2011-2012,2.5.0
65071,2011-2012,2.5.0
65072,2011-2012,1.8.0
65074,2011-2012,1.5.0
65075,2011-2012,2.4.0
65076,2011-2012,1.9.0
65078,2011-2012,1.5.0
65079,2011-2012,2.5.0
65080,2011-2012,2.4.0
65081,2011-2012,1.8.0
65082,2011-2012,2.4.0
65084,2011-2012,2.5.0
65085,2011-2012,2.5.0
65086,2011-2012,2.3.0
65087,2011-2012,1.9.0
65088,2011-2012,2.4.0
65090,2011-2012,2.5.0
65091,2011-2012,1.9.0
65092,2011-2012,1.9.0
65093,2011-2012,1.8.0
65095,2011-2012,2.5.0
65098,2011-2012,2.4.0
65101,2011-2012,1.8.0
65102,2011-2012,2.5.0
65104,2011-2012,2.4.0
65105,2011-2012,2.5.0
65106,2011-2012,2.4.0
65107,2011-2012,2.0.0
65108,2011-2012,2.5.0
65110,2011-2012,1.8.0
65111,2011-2012,1.9.0
65112,2011-2012,1.7.0
65113,2011-2012,2.4.0
65114,2011-2012,2.4.0
65115,2011-2012,1.5.0
65117,2011-2012,2.5.0
65118,2011-2012,1.9.0
65119,2011-2012,1.5.0
65120,2011-2012,2.4.0
65122,2011-2012,2.4.0
65123,2011-2012,2.4.0
65124,2011-2012,1.9.0
65125,2011-2012,2.3.0
65128,2011-2012,1.5.0
65129,2011-2012,1.5.0
65131,2011-2012,1.9.0
65132,2011-2012,2.4.0
65133,2011-2012,2.5.0
65135,2011-2012,2.2.0
65136,2011-2012,1.5.0
65137,2011-2012,2.4.0
65139,2011-2012,2.3.0
65140,2011-2012,2.4.0
65141,2011-2012,2.4.0
65142,2011-2012,2.5.0
65144,2011-2012,2.2.0
65145,2011-2012,2.4.0
65148,2011-2012,1.8.0
65149,2011-2012,1.7.0
65150,2011-2012,1.5.0
65151,2011-2012,1.5.0
65152,2011-2012,1.8.0
65153,2011-2012,1.5.0
65154,2011-2012,2.4.0
65155,2011-2012,2.5.0
65156,2011-2012,1.9.0
65157,2011-2012,2.2.0
65160,2011-2012,1.9.0
65161,2011-2012,1.5.0
65162,2011-2012,2.1.0
65163,2011-2012,2.4.0
65164,2011-2012,1.9.0
65165,2011-2012,2.5.0
65167,2011-2012,2.4.0
65168,2011-2012,2.5.0
65169,2011-2012,2.4.0
65171,2011-2012,1.9.0
65172,2011-2012,2.2.0
65173,2011-2012,1.9.0
65174,2011-2012,2.4.0
65175,2011-2012,1.5.0
65176,2011-2012,2.5.0
65179,2011-2012,2.5.0
65180,2011-2012,2.4.0
65182,2011-2012,2.4.0
65183,2011-2012,2.3.0
65184,2011-2012,2.2.0
65185,2011-2012,1.9.0
65187,2011-2012,2.5.0
65188,2011-2012,1.7.0
65190,2011-2012,2.4.0
65191,2011-2012,1.8.0
65192,2011-2012,2.4.0
65194,2011-2012,1.8.0
65195,2011-2012,2.4.0
65198,2011-2012,2.0.0
65199,2011-2012,2.2.0
65201,2011-2012,2.5.0
65202,2011-2012,1.7.0
65203,2011-2012,1.8.0
65204,2011-2012,1.9.0
65205,2011-2012,2.4.0
65207,2011-2012,1.7.0
65209,2011-2012,1.7.0
65210,2011-2012,2.0.0
65212,2011-2012,2.2.0
65213,2011-2012,2.5.0
65214,2011-2012,2.0.0
65217,2011-2012,1.8.0
65218,2011-2012,2.4.0
65220,2011-2012,1.5.0
65222,2011-2012,1.9.0
65223,2011-2012,1.8.0
65225,2011-2012,2.3.0
65227,2011-2012,2.3.0
65228,2011-2012,2.4.0
65229,2011-2012,2.4.0
65230,2011-2012,2.0.0
65231,2011-2012,1.8.0
65233,2011-2012,2.3.0
65236,2011-2012,2.4.0
65237,2011-2012,2.4.0
65238,2011-2012,2.3.0
65240,2011-2012,1.8.0
65241,2011-2012,2.4.0
65243,2011-2012,2.3.0
65244,2011-2012,1.5.0
65247,2011-2012,2.4.0
65248,2011-2012,1.8.0
65249,2011-2012,1.8.0
65250,2011-2012,2.4.0
65251,2011-2012,2.4.0
65252,2011-2012,1.8.0
65255,2011-2012,2.0.0
65256,2011-2012,2.4.0
65257,2011-2012,2.5.0
65258,2011-2012,1.7.0
65260,2011-2012,2.3.0
65261,2011-2012,1.8.0
65262,2011-2012,1.8.0
65263,2011-2012,1.7.0
65264,2011-2012,2.4.0
65265,2011-2012,2.4.0
65266,2011-2012,1.5.0
65267,2011-2012,2.2.0
65269,2011-2012,2.2.0
65270,2011-2012,2.4.0
65271,2011-2012,1.8.0
65276,2011-2012,1.5.0
65278,2011-2012,1.8.0
65279,2011-2012,1.9.0
65281,2011-2012,2.4.0
65283,2011-2012,2.3.0
65284,2011-2012,1.8.0
65285,2011-2012,2.5.0
65286,2011-2012,1.8.0
65288,2011-2012,2.3.0
65289,2011-2012,2.4.0
65291,2011-2012,2.0.0
65293,2011-2012,2.4.0
65294,2011-2012,2.2.0
65295,2011-2012,2.2.0
65296,2011-2012,2.4.0
65298,2011-2012,2.4.0
65299,2011-2012,1.9.0
65301,2011-2012,2.2.0
65302,2011-2012,1.8.0
65303,2011-2012,2.2.0
65304,2011-2012,1.7.0
65305,2011-2012,1.8.0
65306,2011-2012,2.5.0
65308,2011-2012,2.4.0
65310,2011-2012,2.5.0
65311,2011-2012,2.5.0
65314,2011-2012,1.5.0
65317,2011-2012,1.9.0
65318,2011-2012,2.4.0
65319,2011-2012,2.0.0
65320,2011-2012,2.4.0
65321,2011-2012,1.7.0
65322,2011-2012,1.9.0
65325,2011-2012,1.7.0
65327,2011-2012,1.5.0
65328,2011-2012,1.7.0
65329,2011-2012,2.4.0
65331,2011-2012,2.5.0
65332,2011-2012,2.3.0
65334,2011-2012,2.4.0
65335,2011-2012,2.2.0
65336,2011-2012,2.5.0
65337,2011-2012,2.5.0
65338,2011-2012,1.8.0
65339,2011-2012,2.2.0
65340,2011-2012,1.5.0
65341,2011-2012,2.0.0
65344,2011-2012,1.5.0
65346,2011-2012,1.5.0
65347,2011-2012,2.4.0
65348,2011-2012,1.5.0
65349,2011-2012,2.5.0
65350,2011-2012,2.4.0
65352,2011-2012,2.2.0
65353,2011-2012,1.5.0
65354,2011-2012,2.4.0
65355,2011-2012,2.4.0
65356,2011-2012,2.4.0
65357,2011-2012,2.5.0
65358,2011-2012,2.5.0
65359,2011-2012,2.4.0
65361,2011-2012,2.2.0
65362,2011-2012,2.4.0
65364,2011-2012,1.9.0
65365,2011-2012,2.2.0
65366,2011-2012,2.5.0
65367,2011-2012,2.4.0
65368,2011-2012,1.5.0
65370,2011-2012,2.4.0
65371,2011-2012,1.8.0
65373,2011-2012,1.8.0
65374,2011-2012,2.4.0
65375,2011-2012,1.5.0
65377,2011-2012,1.5.0
65379,2011-2012,1.8.0
65380,2011-2012,2.4.0
65381,2011-2012,2.5.0
65384,2011-2012,1.7.0
65385,2011-2012,2.4.0
65386,2011-2012,1.7.0
65391,2011-2012,2.2.0
65392,2011-2012,1.9.0
65393,2011-2012,2.0.0
65394,2011-2012,1.8.0
65395,2011-2012,2.2.0
65396,2011-2012,2.2.0
65398,2011-2012,2.4.0
65399,2011-2012,2.4.0
65400,2011-2012,1.5.0
65401,2011-2012,2.4.0
65402,2011-2012,2.2.0
65403,2011-2012,2.4.0
65405,2011-2012,2.3.0
65407,2011-2012,1.5.0
65408,2011-2012,1.9.0
65410,2011-2012,2.3.0
65411,2011-2012,2.4.0
65414,2011-2012,2.3.0
65416,2011-2012,2.4.0
65417,2011-2012,2.3.0
65418,2011-2012,2.5.0
65419,2011-2012,1.8.0
65420,2011-2012,1.5.0
65421,2011-2012,2.4.0
65422,2011-2012,2.5.0
65423,2011-2012,2.5.0
65427,2011-2012,1.9.0
65429,2011-2012,1.9.0
65430,2011-2012,1.9.0
65431,2011-2012,1.5.0
65433,2011-2012,2.2.0
65434,2011-2012,2.2.0
65436,2011-2012,1.8.0
65439,2011-2012,1.8.0
65440,2011-2012,1.5.0
65441,2011-2012,2.5.0
65443,2011-2012,1.8.0
65446,2011-2012,1.9.0
65447,2011-2012,2.4.0
65448,2011-2012,2.0.0
65450,2011-2012,1.5.0
65451,2011-2012,2.4.0
65452,2011-2012,2.4.0
65453,2011-2012,1.9.0
65454,2011-2012,2.1.0
65455,2011-2012,1.9.0
65456,2011-2012,2.2.0
65457,2011-2012,2.3.0
65458,2011-2012,2.5.0
65461,2011-2012,1.8.0
65462,2011-2012,2.4.0
65463,2011-2012,2.4.0
65464,2011-2012,2.4.0
65465,2011-2012,2.4.0
65466,2011-2012,1.5.0
65468,2011-2012,2.5.0
65469,2011-2012,2.0.0
65473,2011-2012,2.5.0
65474,2011-2012,1.5.0
65475,2011-2012,2.4.0
65476,2011-2012,2.5.0
65477,2011-2012,1.7.0
65478,2011-2012,2.4.0
65479,2011-2012,2.5.0
65480,2011-2012,2.5.0
65481,2011-2012,2.5.0
65485,2011-2012,2.4.0
65486,2011-2012,2.0.0
65488,2011-2012,2.4.0
65489,2011-2012,2.4.0
65491,2011-2012,2.4.0
65492,2011-2012,2.0.0
65493,2011-2012,2.4.0
65497,2011-2012,2.0.0
65499,2011-2012,1.9.0
65500,2011-2012,1.5.0
65501,2011-2012,2.4.0
65503,2011-2012,1.7.0
65504,2011-2012,1.7.0
65505,2011-2012,2.3.0
65506,2011-2012,2.3.0
65507,2011-2012,2.4.0
65508,2011-2012,2.5.0
65509,2011-2012,2.4.0
65510,2011-2012,2.0.0
65511,2011-2012,1.7.0
65512,2011-2012,1.9.0
65513,2011-2012,2.4.0
65514,2011-2012,2.4.0
65515,2011-2012,2.4.0
65518,2011-2012,1.9.0
65519,2011-2012,2.4.0
65520,2011-2012,1.8.0
65521,2011-2012,1.5.0
65522,2011-2012,2.5.0
65523,2011-2012,1.5.0
65524,2011-2012,2.4.0
65525,2011-2012,1.9.0
65527,2011-2012,2.0.0
65530,2011-2012,2.4.0
65531,2011-2012,2.2.0
65534,2011-2012,2.5.0
65536,2011-2012,1.7.0
65537,2011-2012,2.4.0
65538,2011-2012,1.5.0
65539,2011-2012,2.3.0
65540,2011-2012,2.4.0
65541,2011-2012,1.8.0
65543,2011-2012,2.3.0
65544,2011-2012,2.4.0
65546,2011-2012,2.3.0
65547,2011-2012,1.5.0
65548,2011-2012,1.5.0
65549,2011-2012,1.9.0
65551,2011-2012,2.0.0
65552,2011-2012,2.4.0
65553,2011-2012,1.9.0
65554,2011-2012,1.9.0
65555,2011-2012,2.4.0
65557,2011-2012,2.4.0
65558,2011-2012,2.5.0
65559,2011-2012,1.9.0
65561,2011-2012,2.3.0
65562,2011-2012,2.5.0
65564,2011-2012,2.4.0
65565,2011-2012,2.4.0
65566,2011-2012,2.4.0
65567,2011-2012,2.5.0
65568,2011-2012,2.3.0
65569,2011-2012,1.8.0
65570,2011-2012,1.9.0
65571,2011-2012,1.8.0
65572,2011-2012,2.4.0
65573,2011-2012,2.4.0
65575,2011-2012,1.9.0
65576,2011-2012,1.7.0
65577,2011-2012,2.4.0
65580,2011-2012,2.5.0
65581,2011-2012,1.8.0
65582,2011-2012,1.8.0
65584,2011-2012,2.0.0
65585,2011-2012,2.4.0
65586,2011-2012,1.9.0
65587,2011-2012,2.4.0
65588,2011-2012,2.0.0
65589,2011-2012,2.2.0
65590,2011-2012,2.5.0
65592,2011-2012,2.5.0
65593,2011-2012,1.5.0
65594,2011-2012,2.2.0
65596,2011-2012,2.4.0
65597,2011-2012,1.8.0
65599,2011-2012,2.4.0
65600,2011-2012,2.4.0
65601,2011-2012,1.7.0
65602,2011-2012,2.4.0
65603,2011-2012,1.8.0
65604,2011-2012,2.2.0
65606,2011-2012,1.8.0
65610,2011-2012,1.8.0
65611,2011-2012,1.9.0
65613,2011-2012,1.9.0
65614,2011-2012,2.3.0
65617,2011-2012,2.2.0
65619,2011-2012,1.8.0
65620,2011-2012,2.2.0
65621,2011-2012,2.4.0
65623,2011-2012,1.7.0
65624,2011-2012,1.8.0
65626,2011-2012,2.1.0
65629,2011-2012,2.4.0
65631,2011-2012,1.9.0
65632,2011-2012,2.2.0
65633,2011-2012,2.4.0
65634,2011-2012,2.4.0
65635,2011-2012,1.9.0
65636,2011-2012,2.4.0
65637,2011-2012,2.0.0
65641,2011-2012,1.9.0
65642,2011-2012,1.9.0
65643,2011-2012,2.4.0
65644,2011-2012,1.5.0
65645,2011-2012,2.4.0
65646,2011-2012,2.4.0
65647,2011-2012,2.4.0
65648,2011-2012,1.5.0
65649,2011-2012,2.4.0
65650,2011-2012,2.3.0
65651,2011-2012,1.8.0
65653,2011-2012,1.8.0
65654,2011-2012,2.2.0
65655,2011-2012,2.4.0
65657,2011-2012,2.3.0
65658,2011-2012,2.4.0
65660,2011-2012,2.4.0
65661,2011-2012,2.4.0
65662,2011-2012,1.5.0
65663,2011-2012,2.4.0
65667,2011-2012,1.5.0
65668,2011-2012,2.3.0
65669,2011-2012,2.0.0
65672,2011-2012,1.8.0
65674,2011-2012,2.2.0
65675,2011-2012,2.2.0
65676,2011-2012,2.3.0
65678,2011-2012,1.9.0
65679,2011-2012,2.4.0
65680,2011-2012,2.2.0
65682,2011-2012,2.1.0
65686,2011-2012,1.7.0
65687,2011-2012,2.4.0
65688,2011-2012,2.4.0
65689,2011-2012,2.4.0
65690,2011-2012,1.8.0
65691,2011-2012,2.3.0
65692,2011-2012,2.0.0
65693,2011-2012,2.4.0
65696,2011-2012,2.4.0
65697,2011-2012,2.5.0
65698,2011-2012,2.4.0
65699,2011-2012,2.4.0
65700,2011-2012,2.5.0
65701,2011-2012,2.4.0
65702,2011-2012,1.5.0
65704,2011-2012,2.4.0
65705,2011-2012,2.3.0
65706,2011-2012,2.0.0
65707,2011-2012,2.4.0
65708,2011-2012,2.5.0
65709,2011-2012,1.8.0
65710,2011-2012,2.2.0
65712,2011-2012,1.9.0
65713,2011-2012,1.8.0
65714,2011-2012,2.4.0
65715,2011-2012,2.0.0
65716,2011-2012,2.4.0
65717,2011-2012,2.5.0
65721,2011-2012,2.2.0
65722,2011-2012,1.9.0
65725,2011-2012,1.8.0
65726,2011-2012,1.8.0
65729,2011-2012,2.4.0
65730,2011-2012,1.5.0
65731,2011-2012,2.5.0
65734,2011-2012,2.4.0
65735,2011-2012,2.5.0
65736,2011-2012,2.5.0
65737,2011-2012,2.4.0
65738,2011-2012,2.4.0
65739,2011-2012,1.5.0
65740,2011-2012,2.2.0
65741,2011-2012,1.7.0
65742,2011-2012,1.9.0
65743,2011-2012,2.4.0
65745,2011-2012,2.3.0
65746,2011-2012,2.4.0
65747,2011-2012,2.4.0
65748,2011-2012,1.9.0
65750,2011-2012,2.4.0
65751,2011-2012,2.0.0
65752,2011-2012,1.8.0
65753,2011-2012,1.8.0
65754,2011-2012,2.3.0
65757,2011-2012,1.9.0
65758,2011-2012,1.8.0
65759,2011-2012,1.8.0
65760,2011-2012,1.7.0
65761,2011-2012,2.4.0
65762,2011-2012,1.9.0
65763,2011-2012,2.5.0
65768,2011-2012,1.9.0
65770,2011-2012,1.8.0
65771,2011-2012,2.4.0
65772,2011-2012,2.3.0
65773,2011-2012,2.5.0
65774,2011-2012,2.3.0
65775,2011-2012,2.4.0
65777,2011-2012,2.4.0
65778,2011-2012,1.8.0
65780,2011-2012,1.8.0
65781,2011-2012,1.8.0
65782,2011-2012,2.4.0
65783,2011-2012,1.8.0
65784,2011-2012,2.5.0
65786,2011-2012,2.4.0
65787,2011-2012,2.0.0
65793,2011-2012,2.4.0
65794,2011-2012,2.2.0
65796,2011-2012,1.8.0
65797,2011-2012,2.4.0
65798,2011-2012,1.7.0
65799,2011-2012,2.5.0
65800,2011-2012,2.3.0
65801,2011-2012,1.9.0
65803,2011-2012,1.9.0
65804,2011-2012,2.4.0
65805,2011-2012,2.5.0
65807,2011-2012,1.5.0
65808,2011-2012,1.5.0
65811,2011-2012,1.9.0
65812,2011-2012,2.2.0
65813,2011-2012,1.9.0
65814,2011-2012,1.5.0
65816,2011-2012,2.0.0
65817,2011-2012,2.4.0
65818,2011-2012,2.4.0
65819,2011-2012,2.2.0
65820,2011-2012,1.7.0
65822,2011-2012,1.8.0
65823,2011-2012,2.2.0
65824,2011-2012,2.5.0
65825,2011-2012,2.3.0
65826,2011-2012,2.3.0
65827,2011-2012,1.7.0
65831,2011-2012,1.5.0
65832,2011-2012,1.9.0
65834,2011-2012,2.4.0
65835,2011-2012,2.4.0
65836,2011-2012,2.2.0
65837,2011-2012,2.5.0
65838,2011-2012,1.9.0
65840,2011-2012,2.2.0
65841,2011-2012,1.8.0
65843,2011-2012,2.0.0
65844,2011-2012,2.4.0
65845,2011-2012,1.9.0
65846,2011-2012,2.5.0
65849,2011-2012,1.9.0
65850,2011-2012,1.5.0
65851,2011-2012,2.3.0
65853,2011-2012,1.8.0
65854,2011-2012,2.4.0
65855,2011-2012,1.8.0
65856,2011-2012,1.8.0
65857,2011-2012,1.9.0
65861,2011-2012,2.4.0
65862,2011-2012,2.4.0
65863,2011-2012,2.2.0
65866,2011-2012,2.5.0
65867,2011-2012,2.4.0
65868,2011-2012,1.9.0
65869,2011-2012,1.5.0
65871,2011-2012,1.5.0
65873,2011-2012,2.4.0
65874,2011-2012,1.8.0
65876,2011-2012,2.2.0
65877,2011-2012,1.7.0
65879,2011-2012,2.3.0
65880,2011-2012,1.5.0
65882,2011-2012,1.9.0
65883,2011-2012,1.7.0
65885,2011-2012,2.1.0
65888,2011-2012,1.5.0
65889,2011-2012,2.3.0
65892,2011-2012,2.5.0
65894,2011-2012,1.8.0
65895,2011-2012,2.4.0
65896,2011-2012,2.2.0
65897,2011-2012,2.4.0
65899,2011-2012,1.8.0
65900,2011-2012,2.5.0
65901,2011-2012,2.5.0
65902,2011-2012,2.5.0
65905,2011-2012,2.4.0
65906,2011-2012,2.5.0
65908,2011-2012,2.4.0
65909,2011-2012,1.8.0
65910,2011-2012,1.9.0
65911,2011-2012,2.3.0
65912,2011-2012,1.8.0
65913,2011-2012,2.4.0
65914,2011-2012,1.9.0
65915,2011-2012,1.9.0
65916,2011-2012,2.4.0
65917,2011-2012,1.9.0
65918,2011-2012,2.3.0
65921,2011-2012,2.4.0
65922,2011-2012,2.5.0
65923,2011-2012,2.4.0
65926,2011-2012,1.7.0
65927,2011-2012,1.9.0
65928,2011-2012,2.5.0
65929,2011-2012,2.3.0
65931,2011-2012,2.4.0
65932,2011-2012,2.2.0
65933,2011-2012,1.5.0
65935,2011-2012,1.9.0
65936,2011-2012,2.0.0
65937,2011-2012,1.9.0
65939,2011-2012,1.5.0
65940,2011-2012,2.2.0
65944,2011-2012,1.9.0
65946,2011-2012,1.7.0
65950,2011-2012,2.5.0
65951,2011-2012,2.0.0
65952,2011-2012,1.7.0
65953,2011-2012,1.7.0
65954,2011-2012,2.1.0
65955,2011-2012,2.2.0
65956,2011-2012,1.9.0
65957,2011-2012,2.5.0
65958,2011-2012,2.4.0
65959,2011-2012,1.5.0
65962,2011-2012,2.2.0
65963,2011-2012,2.2.0
65964,2011-2012,2.4.0
65965,2011-2012,2.5.0
65966,2011-2012,2.4.0
65967,2011-2012,2.0.0
65968,2011-2012,2.5.0
65970,2011-2012,2.4.0
65971,2011-2012,2.4.0
65974,2011-2012,1.8.0
65975,2011-2012,1.9.0
65976,2011-2012,1.5.0
65978,2011-2012,2.5.0
65981,2011-2012,1.5.0
65983,2011-2012,2.2.0
65984,2011-2012,2.4.0
65985,2011-2012,2.3.0
65986,2011-2012,2.1.0
65987,2011-2012,2.2.0
65990,2011-2012,2.5.0
65991,2011-2012,2.2.0
65992,2011-2012,2.4.0
65993,2011-2012,2.3.0
65994,2011-2012,2.4.0
65996,2011-2012,2.5.0
65997,2011-2012,2.5.0
65998,2011-2012,1.5.0
65999,2011-2012,2.5.0
66000,2011-2012,2.2.0
66001,2011-2012,1.8.0
66002,2011-2012,1.7.0
66003,2011-2012,1.8.0
66005,2011-2012,1.9.0
66006,2011-2012,2.5.0
66007,2011-2012,2.1.0
66008,2011-2012,1.8.0
66010,2011-2012,2.5.0
66011,2011-2012,2.1.0
66013,2011-2012,1.9.0
66017,2011-2012,2.4.0
66019,2011-2012,1.7.0
66020,2011-2012,1.9.0
66021,2011-2012,1.7.0
66024,2011-2012,2.3.0
66025,2011-2012,2.4.0
66026,2011-2012,2.4.0
66027,2011-2012,1.9.0
66028,2011-2012,2.3.0
66029,2011-2012,2.4.0
66030,2011-2012,2.3.0
66032,2011-2012,1.9.0
66033,2011-2012,1.9.0
66034,2011-2012,2.4.0
66036,2011-2012,2.4.0
66037,2011-2012,2.5.0
66039,2011-2012,1.9.0
66041,2011-2012,1.8.0
66042,2011-2012,1.9.0
66043,2011-2012,1.8.0
66044,2011-2012,2.3.0
66045,2011-2012,2.4.0
66049,2011-2012,2.4.0
66050,2011-2012,1.5.0
66051,2011-2012,1.5.0
66052,2011-2012,2.5.0
66053,2011-2012,2.0.0
66054,2011-2012,2.4.0
66056,2011-2012,2.5.0
66057,2011-2012,2.4.0
66058,2011-2012,1.8.0
66059,2011-2012,2.2.0
66060,2011-2012,2.4.0
66061,2011-2012,2.3.0
66062,2011-2012,2.5.0
66066,2011-2012,1.8.0
66067,2011-2012,1.9.0
66068,2011-2012,2.3.0
66070,2011-2012,2.4.0
66071,2011-2012,2.4.0
66073,2011-2012,2.2.0
66075,2011-2012,2.3.0
66076,2011-2012,1.8.0
66077,2011-2012,1.9.0
66079,2011-2012,1.8.0
66080,2011-2012,2.4.0
66082,2011-2012,2.5.0
66083,2011-2012,1.8.0
66084,2011-2012,2.4.0
66087,2011-2012,2.4.0
66089,2011-2012,2.2.0
66090,2011-2012,2.3.0
66091,2011-2012,1.9.0
66092,2011-2012,2.3.0
66093,2011-2012,2.5.0
66094,2011-2012,1.8.0
66095,2011-2012,2.4.0
66099,2011-2012,2.4.0
66101,2011-2012,1.5.0
66103,2011-2012,2.5.0
66104,2011-2012,1.8.0
66105,2011-2012,2.4.0
66107,2011-2012,2.5.0
66109,2011-2012,2.4.0
66110,2011-2012,2.2.0
66111,2011-2012,2.4.0
66113,2011-2012,2.4.0
66114,2011-2012,1.5.0
66115,2011-2012,1.8.0
66116,2011-2012,1.8.0
66117,2011-2012,2.4.0
66118,2011-2012,2.5.0
66119,2011-2012,2.2.0
66121,2011-2012,2.4.0
66123,2011-2012,2.5.0
66124,2011-2012,1.8.0
66125,2011-2012,2.2.0
66126,2011-2012,1.8.0
66127,2011-2012,1.9.0
66129,2011-2012,2.1.0
66131,2011-2012,2.4.0
66132,2011-2012,1.9.0
66133,2011-2012,2.4.0
66135,2011-2012,2.4.0
66136,2011-2012,2.3.0
66137,2011-2012,2.4.0
66138,2011-2012,2.2.0
66139,2011-2012,2.2.0
66140,2011-2012,1.8.0
66141,2011-2012,2.4.0
66142,2011-2012,1.8.0
66146,2011-2012,1.9.0
66147,2011-2012,2.3.0
66149,2011-2012,1.8.0
66150,2011-2012,2.5.0
66151,2011-2012,1.8.0
66153,2011-2012,2.5.0
66154,2011-2012,2.4.0
66155,2011-2012,2.2.0
66157,2011-2012,1.9.0
66159,2011-2012,1.7.0
66161,2011-2012,2.3.0
66162,2011-2012,2.5.0
66163,2011-2012,2.2.0
66164,2011-2012,2.2.0
66165,2011-2012,2.4.0
66167,2011-2012,2.3.0
66168,2011-2012,1.5.0
66171,2011-2012,2.4.0
66172,2011-2012,2.4.0
66173,2011-2012,1.5.0
66175,2011-2012,2.5.0
66177,2011-2012,2.4.0
66178,2011-2012,1.5.0
66179,2011-2012,2.4.0
66180,2011-2012,2.4.0
66181,2011-2012,1.8.0
66182,2011-2012,2.4.0
66183,2011-2012,1.9.0
66184,2011-2012,2.5.0
66186,2011-2012,2.3.0
66189,2011-2012,1.9.0
66191,2011-2012,2.0.0
66192,2011-2012,2.4.0
66193,2011-2012,1.7.0
66194,2011-2012,2.4.0
66195,2011-2012,2.3.0
66196,2011-2012,2.5.0
66197,2011-2012,2.5.0
66198,2011-2012,2.4.0
66199,2011-2012,2.3.0
66200,2011-2012,1.8.0
66201,2011-2012,1.8.0
66202,2011-2012,2.2.0
66203,2011-2012,2.4.0
66204,2011-2012,2.5.0
66205,2011-2012,1.7.0
66206,2011-2012,2.5.0
66207,2011-2012,2.4.0
66208,2011-2012,2.4.0
66209,2011-2012,2.5.0
66210,2011-2012,2.4.0
66211,2011-2012,2.5.0
66212,2011-2012,1.5.0
66213,2011-2012,2.3.0
66214,2011-2012,2.5.0
66215,2011-2012,2.4.0
66216,2011-2012,2.4.0
66217,2011-2012,2.3.0
66218,2011-2012,2.4.0
66219,2011-2012,2.5.0
66220,2011-2012,2.2.0
66222,2011-2012,2.4.0
66223,2011-2012,2.4.0
66224,2011-2012,2.5.0
66227,2011-2012,2.2.0
66228,2011-2012,2.2.0
66229,2011-2012,2.2.0
66230,2011-2012,2.4.0
66232,2011-2012,2.4.0
66233,2011-2012,2.4.0
66234,2011-2012,2.3.0
66235,2011-2012,1.8.0
66237,2011-2012,2.5.0
66238,2011-2012,1.5.0
66239,2011-2012,2.2.0
66240,2011-2012,2.3.0
66241,2011-2012,1.9.0
66242,2011-2012,2.3.0
66243,2011-2012,1.5.0
66246,2011-2012,2.0.0
66247,2011-2012,1.5.0
66249,2011-2012,1.5.0
66250,2011-2012,2.3.0
66253,2011-2012,2.5.0
66254,2011-2012,2.5.0
66255,2011-2012,2.3.0
66256,2011-2012,2.0.0
66257,2011-2012,2.4.0
66258,2011-2012,1.7.0
66259,2011-2012,2.3.0
66261,2011-2012,2.4.0
66263,2011-2012,2.2.0
66264,2011-2012,2.3.0
66265,2011-2012,1.9.0
66266,2011-2012,2.3.0
66269,2011-2012,1.8.0
66270,2011-2012,1.8.0
66271,2011-2012,2.0.0
66272,2011-2012,1.9.0
66275,2011-2012,1.7.0
66276,2011-2012,2.4.0
66277,2011-2012,1.5.0
66278,2011-2012,2.4.0
66279,2011-2012,2.2.0
66280,2011-2012,2.4.0
66281,2011-2012,2.5.0
66283,2011-2012,1.5.0
66284,2011-2012,1.5.0
66285,2011-2012,2.4.0
66286,2011-2012,1.7.0
66287,2011-2012,2.4.0
66289,2011-2012,2.0.0
66290,2011-2012,1.7.0
66291,2011-2012,2.2.0
66292,2011-2012,2.5.0
66293,2011-2012,2.4.0
66294,2011-2012,2.0.0
66295,2011-2012,1.8.0
66296,2011-2012,1.8.0
66297,2011-2012,1.9.0
66298,2011-2012,2.5.0
66299,2011-2012,2.3.0
66300,2011-2012,1.5.0
66301,2011-2012,1.8.0
66302,2011-2012,1.9.0
66303,2011-2012,1.8.0
66304,2011-2012,1.8.0
66305,2011-2012,2.5.0
66306,2011-2012,2.5.0
66309,2011-2012,2.2.0
66311,2011-2012,2.3.0
66312,2011-2012,2.0.0
66317,2011-2012,1.8.0
66318,2011-2012,1.9.0
66320,2011-2012,1.9.0
66321,2011-2012,2.3.0
66323,2011-2012,1.5.0
66325,2011-2012,2.4.0
66327,2011-2012,2.4.0
66328,2011-2012,2.4.0
66329,2011-2012,2.1.0
66331,2011-2012,1.9.0
66332,2011-2012,2.4.0
66333,2011-2012,2.5.0
66334,2011-2012,2.4.0
66335,2011-2012,2.4.0
66336,2011-2012,1.8.0
66338,2011-2012,2.4.0
66339,2011-2012,1.9.0
66341,2011-2012,2.5.0
66342,2011-2012,2.5.0
66343,2011-2012,2.4.0
66344,2011-2012,2.5.0
66346,2011-2012,2.2.0
66347,2011-2012,1.9.0
66348,2011-2012,1.7.0
66349,2011-2012,1.5.0
66350,2011-2012,1.9.0
66351,2011-2012,2.0.0
66352,2011-2012,2.3.0
66354,2011-2012,2.4.0
66355,2011-2012,2.3.0
66358,2011-2012,1.8.0
66359,2011-2012,2.3.0
66360,2011-2012,2.3.0
66362,2011-2012,2.4.0
66366,2011-2012,1.8.0
66367,2011-2012,1.5.0
66368,2011-2012,2.4.0
66371,2011-2012,2.4.0
66373,2011-2012,2.4.0
66375,2011-2012,2.2.0
66376,2011-2012,2.0.0
66378,2011-2012,2.5.0
66381,2011-2012,2.4.0
66382,2011-2012,2.3.0
66384,2011-2012,2.1.0
66385,2011-2012,1.5.0
66386,2011-2012,2.4.0
66388,2011-2012,2.5.0
66389,2011-2012,2.2.0
66391,2011-2012,2.2.0
66392,2011-2012,1.7.0
66393,2011-2012,2.4.0
66396,2011-2012,1.7.0
66397,2011-2012,1.9.0
66398,2011-2012,1.8.0
66399,2011-2012,2.4.0
66400,2011-2012,2.4.0
66401,2011-2012,1.7.0
66402,2011-2012,1.8.0
66404,2011-2012,1.8.0
66405,2011-2012,2.4.0
66407,2011-2012,2.4.0
66409,2011-2012,2.0.0
66410,2011-2012,2.5.0
66411,2011-2012,2.5.0
66412,2011-2012,2.5.0
66416,2011-2012,2.4.0
66418,2011-2012,2.2.0
66420,2011-2012,2.5.0
66421,2011-2012,2.4.0
66423,2011-2012,1.9.0
66424,2011-2012,2.2.0
66425,2011-2012,2.1.0
66427,2011-2012,1.9.0
66429,2011-2012,1.9.0
66430,2011-2012,2.2.0
66431,2011-2012,1.9.0
66432,2011-2012,2.4.0
66433,2011-2012,1.5.0
66434,2011-2012,2.4.0
66436,2011-2012,2.5.0
66437,2011-2012,2.3.0
66438,2011-2012,2.5.0
66439,2011-2012,1.5.0
66440,2011-2012,2.0.0
66441,2011-2012,2.2.0
66442,2011-2012,1.8.0
66443,2011-2012,2.3.0
66444,2011-2012,2.4.0
66445,2011-2012,2.3.0
66447,2011-2012,1.5.0
66448,2011-2012,2.3.0
66449,2011-2012,2.4.0
66450,2011-2012,2.4.0
66451,2011-2012,2.4.0
66453,2011-2012,1.8.0
66454,2011-2012,1.7.0
66456,2011-2012,2.5.0
66457,2011-2012,2.4.0
66458,2011-2012,2.4.0
66459,2011-2012,2.2.0
66460,2011-2012,2.2.0
66462,2011-2012,1.7.0
66464,2011-2012,2.3.0
66465,2011-2012,1.9.0
66466,2011-2012,2.4.0
66467,2011-2012,2.4.0
66469,2011-2012,2.5.0
66470,2011-2012,1.9.0
66471,2011-2012,2.1.0
66473,2011-2012,2.5.0
66474,2011-2012,2.5.0
66475,2011-2012,1.7.0
66476,2011-2012,2.0.0
66478,2011-2012,1.5.0
66480,2011-2012,1.7.0
66481,2011-2012,1.9.0
66482,2011-2012,1.7.0
66484,2011-2012,2.0.0
66485,2011-2012,2.4.0
66487,2011-2012,2.4.0
66488,2011-2012,2.4.0
66491,2011-2012,2.5.0
66492,2011-2012,2.4.0
66493,2011-2012,1.9.0
66494,2011-2012,2.5.0
66495,2011-2012,2.5.0
66497,2011-2012,1.7.0
66498,2011-2012,2.4.0
66500,2011-2012,2.2.0
66504,2011-2012,2.0.0
66505,2011-2012,2.2.0
66506,2011-2012,2.0.0
66507,2011-2012,2.0.0
66508,2011-2012,2.0.0
66509,2011-2012,2.4.0
66510,2011-2012,2.4.0
66511,2011-2012,1.8.0
66512,2011-2012,2.3.0
66513,2011-2012,2.4.0
66515,2011-2012,2.4.0
66516,2011-2012,1.5.0
66519,2011-2012,2.4.0
66520,2011-2012,2.5.0
66521,2011-2012,1.9.0
66522,2011-2012,2.3.0
66523,2011-2012,2.2.0
66524,2011-2012,2.4.0
66525,2011-2012,2.5.0
66527,2011-2012,2.4.0
66528,2011-2012,1.7.0
66531,2011-2012,1.9.0
66533,2011-2012,1.8.0
66535,2011-2012,2.4.0
66536,2011-2012,2.3.0
66537,2011-2012,2.4.0
66538,2011-2012,1.5.0
66539,2011-2012,1.8.0
66541,2011-2012,2.5.0
66542,2011-2012,1.5.0
66543,2011-2012,2.4.0
66545,2011-2012,2.5.0
66547,2011-2012,2.4.0
66549,2011-2012,1.8.0
66550,2011-2012,1.8.0
66551,2011-2012,1.5.0
66552,2011-2012,2.5.0
66554,2011-2012,2.5.0
66557,2011-2012,1.8.0
66558,2011-2012,2.4.0
66559,2011-2012,2.4.0
66563,2011-2012,2.4.0
66564,2011-2012,2.4.0
66565,2011-2012,2.4.0
66566,2011-2012,2.4.0
66568,2011-2012,2.5.0
66569,2011-2012,1.9.0
66571,2011-2012,2.2.0
66574,2011-2012,1.7.0
66575,2011-2012,2.3.0
66576,2011-2012,1.8.0
66577,2011-2012,1.8.0
66578,2011-2012,2.3.0
66579,2011-2012,2.4.0
66581,2011-2012,2.2.0
66582,2011-2012,2.4.0
66583,2011-2012,2.4.0
66584,2011-2012,2.4.0
66585,2011-2012,2.2.0
66586,2011-2012,2.5.0
66587,2011-2012,2.4.0
66589,2011-2012,2.4.0
66590,2011-2012,1.8.0
66591,2011-2012,2.4.0
66592,2011-2012,2.0.0
66593,2011-2012,2.2.0
66594,2011-2012,1.5.0
66595,2011-2012,1.9.0
66596,2011-2012,2.2.0
66598,2011-2012,2.5.0
66599,2011-2012,1.5.0
66600,2011-2012,2.4.0
66602,2011-2012,2.4.0
66603,2011-2012,2.5.0
66605,2011-2012,2.4.0
66608,2011-2012,1.9.0
66609,2011-2012,2.4.0
66611,2011-2012,2.3.0
66614,2011-2012,1.9.0
66615,2011-2012,2.4.0
66617,2011-2012,2.4.0
66618,2011-2012,2.4.0
66619,2011-2012,1.9.0
66620,2011-2012,2.3.0
66622,2011-2012,2.2.0
66623,2011-2012,2.4.0
66624,2011-2012,2.5.0
66626,2011-2012,2.5.0
66627,2011-2012,2.2.0
66630,2011-2012,2.5.0
66631,2011-2012,1.5.0
66632,2011-2012,1.9.0
66633,2011-2012,2.3.0
66634,2011-2012,2.4.0
66635,2011-2012,2.4.0
66636,2011-2012,1.5.0
66638,2011-2012,2.0.0
66640,2011-2012,1.8.0
66641,2011-2012,1.9.0
66642,2011-2012,2.4.0
66643,2011-2012,2.4.0
66644,2011-2012,1.9.0
66645,2011-2012,2.3.0
66647,2011-2012,1.8.0
66648,2011-2012,2.5.0
66649,2011-2012,1.5.0
66650,2011-2012,1.5.0
66651,2011-2012,1.7.0
66652,2011-2012,2.4.0
66653,2011-2012,1.9.0
66654,2011-2012,1.8.0
66655,2011-2012,2.4.0
66657,2011-2012,1.8.0
66658,2011-2012,2.4.0
66659,2011-2012,2.4.0
66660,2011-2012,1.9.0
66661,2011-2012,2.5.0
66663,2011-2012,1.9.0
66665,2011-2012,2.2.0
66667,2011-2012,2.4.0
66668,2011-2012,2.0.0
66669,2011-2012,2.4.0
66670,2011-2012,2.4.0
66671,2011-2012,1.5.0
66672,2011-2012,2.0.0
66674,2011-2012,2.5.0
66676,2011-2012,1.5.0
66677,2011-2012,2.0.0
66678,2011-2012,1.8.0
66679,2011-2012,2.4.0
66680,2011-2012,2.4.0
66682,2011-2012,2.5.0
66684,2011-2012,2.2.0
66685,2011-2012,2.3.0
66687,2011-2012,2.5.0
66690,2011-2012,1.7.0
66693,2011-2012,2.4.0
66695,2011-2012,2.4.0
66696,2011-2012,1.8.0
66697,2011-2012,2.2.0
66698,2011-2012,2.4.0
66699,2011-2012,1.8.0
66700,2011-2012,2.2.0
66701,2011-2012,2.2.0
66702,2011-2012,2.2.0
66706,2011-2012,1.8.0
66707,2011-2012,2.4.0
66708,2011-2012,2.2.0
66710,2011-2012,2.4.0
66712,2011-2012,2.4.0
66713,2011-2012,2.3.0
66714,2011-2012,1.7.0
66715,2011-2012,1.8.0
66716,2011-2012,1.8.0
66717,2011-2012,2.4.0
66718,2011-2012,2.4.0
66719,2011-2012,2.5.0
66720,2011-2012,2.4.0
66721,2011-2012,1.9.0
66724,2011-2012,2.0.0
66725,2011-2012,2.5.0
66727,2011-2012,2.2.0
66730,2011-2012,2.3.0
66731,2011-2012,2.4.0
66732,2011-2012,1.8.0
66734,2011-2012,2.2.0
66735,2011-2012,1.8.0
66736,2011-2012,1.7.0
66737,2011-2012,2.4.0
66738,2011-2012,2.4.0
66739,2011-2012,2.2.0
66741,2011-2012,1.9.0
66744,2011-2012,1.5.0
66747,2011-2012,2.4.0
66748,2011-2012,2.2.0
66749,2011-2012,2.5.0
66751,2011-2012,1.7.0
66752,2011-2012,2.4.0
66754,2011-2012,2.5.0
66755,2011-2012,1.9.0
66758,2011-2012,2.0.0
66759,2011-2012,2.4.0
66762,2011-2012,1.9.0
66763,2011-2012,2.4.0
66766,2011-2012,2.5.0
66768,2011-2012,1.8.0
66769,2011-2012,2.4.0
66770,2011-2012,1.9.0
66771,2011-2012,2.4.0
66774,2011-2012,2.3.0
66775,2011-2012,2.2.0
66777,2011-2012,2.4.0
66778,2011-2012,2.4.0
66779,2011-2012,2.2.0
66781,2011-2012,2.4.0
66782,2011-2012,1.8.0
66784,2011-2012,1.5.0
66785,2011-2012,1.7.0
66786,2011-2012,1.9.0
66787,2011-2012,2.5.0
66788,2011-2012,1.5.0
66789,2011-2012,2.4.0
66791,2011-2012,2.4.0
66793,2011-2012,2.5.0
66794,2011-2012,2.2.0
66795,2011-2012,2.4.0
66796,2011-2012,2.0.0
66798,2011-2012,1.5.0
66799,2011-2012,2.4.0
66800,2011-2012,1.5.0
66801,2011-2012,2.5.0
66802,2011-2012,2.0.0
66804,2011-2012,1.5.0
66807,2011-2012,2.2.0
66810,2011-2012,2.3.0
66812,2011-2012,2.2.0
66813,2011-2012,2.5.0
66817,2011-2012,2.4.0
66818,2011-2012,1.9.0
66819,2011-2012,2.5.0
66821,2011-2012,1.7.0
66822,2011-2012,2.3.0
66824,2011-2012,2.5.0
66825,2011-2012,2.4.0
66827,2011-2012,2.2.0
66829,2011-2012,2.4.0
66830,2011-2012,2.2.0
66832,2011-2012,2.0.0
66833,2011-2012,2.4.0
66834,2011-2012,2.4.0
66835,2011-2012,2.4.0
66836,2011-2012,2.2.0
66837,2011-2012,2.4.0
66838,2011-2012,2.5.0
66839,2011-2012,1.8.0
66840,2011-2012,2.4.0
66844,2011-2012,2.4.0
66848,2011-2012,2.4.0
66851,2011-2012,2.4.0
66854,2011-2012,1.8.0
66855,2011-2012,2.2.0
66857,2011-2012,1.8.0
66858,2011-2012,1.5.0
66861,2011-2012,2.4.0
66862,2011-2012,1.9.0
66864,2011-2012,1.5.0
66865,2011-2012,2.4.0
66868,2011-2012,1.7.0
66869,2011-2012,2.4.0
66870,2011-2012,2.4.0
66872,2011-2012,2.4.0
66873,2011-2012,2.1.0
66874,2011-2012,1.5.0
66875,2011-2012,2.4.0
66876,2011-2012,2.4.0
66877,2011-2012,1.5.0
66878,2011-2012,2.4.0
66879,2011-2012,2.5.0
66880,2011-2012,1.8.0
66881,2011-2012,2.4.0
66882,2011-2012,2.4.0
66883,2011-2012,2.4.0
66884,2011-2012,2.0.0
66885,2011-2012,2.5.0
66889,2011-2012,2.5.0
66890,2011-2012,2.4.0
66891,2011-2012,2.4.0
66893,2011-2012,2.0.0
66895,2011-2012,2.4.0
66896,2011-2012,1.5.0
66897,2011-2012,1.5.0
66898,2011-2012,2.4.0
66899,2011-2012,2.3.0
66901,2011-2012,2.4.0
66902,2011-2012,2.4.0
66903,2011-2012,2.0.0
66904,2011-2012,2.4.0
66905,2011-2012,1.7.0
66906,2011-2012,2.5.0
66908,2011-2012,2.2.0
66909,2011-2012,2.0.0
66911,2011-2012,1.5.0
66912,2011-2012,1.8.0
66913,2011-2012,2.4.0
66914,2011-2012,2.2.0
66915,2011-2012,2.5.0
66917,2011-2012,1.8.0
66918,2011-2012,2.3.0
66919,2011-2012,2.3.0
66920,2011-2012,1.5.0
66921,2011-2012,2.4.0
66922,2011-2012,1.8.0
66923,2011-2012,2.5.0
66924,2011-2012,2.4.0
66925,2011-2012,1.9.0
66926,2011-2012,1.8.0
66927,2011-2012,1.8.0
66929,2011-2012,2.5.0
66930,2011-2012,1.9.0
66931,2011-2012,1.8.0
66932,2011-2012,1.5.0
66933,2011-2012,2.3.0
66934,2011-2012,1.5.0
66936,2011-2012,2.2.0
66937,2011-2012,2.3.0
66938,2011-2012,2.4.0
66940,2011-2012,2.4.0
66941,2011-2012,2.2.0
66942,2011-2012,2.5.0
66943,2011-2012,2.5.0
66944,2011-2012,2.4.0
66945,2011-2012,2.2.0
66946,2011-2012,2.4.0
66947,2011-2012,2.2.0
66948,2011-2012,2.5.0
66949,2011-2012,2.3.0
66950,2011-2012,2.0.0
66951,2011-2012,2.3.0
66953,2011-2012,2.3.0
66954,2011-2012,2.2.0
66955,2011-2012,1.5.0
66956,2011-2012,1.5.0
66957,2011-2012,2.4.0
66958,2011-2012,2.5.0
66959,2011-2012,1.7.0
66961,2011-2012,2.5.0
66964,2011-2012,2.0.0
66966,2011-2012,2.4.0
66968,2011-2012,2.3.0
66969,2011-2012,2.3.0
66970,2011-2012,1.9.0
66971,2011-2012,2.4.0
66973,2011-2012,2.0.0
66974,2011-2012,2.5.0
66975,2011-2012,2.5.0
66976,2011-2012,1.9.0
66977,2011-2012,1.9.0
66978,2011-2012,1.9.0
66979,2011-2012,2.2.0
66980,2011-2012,1.9.0
66981,2011-2012,2.5.0
66982,2011-2012,2.4.0
66984,2011-2012,2.5.0
66985,2011-2012,2.5.0
66986,2011-2012,2.2.0
66988,2011-2012,2.4.0
66990,2011-2012,1.5.0
66992,2011-2012,2.0.0
66994,2011-2012,2.5.0
66995,2011-2012,2.4.0
66996,2011-2012,2.4.0
67000,2011-2012,2.2.0
67001,2011-2012,1.8.0
67002,2011-2012,1.8.0
67003,2011-2012,2.2.0
67007,2011-2012,1.8.0
67009,2011-2012,2.3.0
67012,2011-2012,2.3.0
67014,2011-2012,2.5.0
67015,2011-2012,2.4.0
67016,2011-2012,2.4.0
67019,2011-2012,1.5.0
67020,2011-2012,1.5.0
67021,2011-2012,2.0.0
67022,2011-2012,2.5.0
67024,2011-2012,2.0.0
67025,2011-2012,1.9.0
67027,2011-2012,2.0.0
67028,2011-2012,2.3.0
67030,2011-2012,1.5.0
67031,2011-2012,1.9.0
67032,2011-2012,2.2.0
67034,2011-2012,2.0.0
67036,2011-2012,2.4.0
67037,2011-2012,2.4.0
67039,2011-2012,2.4.0
67040,2011-2012,1.8.0
67041,2011-2012,1.8.0
67042,2011-2012,2.2.0
67044,2011-2012,2.4.0
67046,2011-2012,1.9.0
67047,2011-2012,1.7.0
67049,2011-2012,1.5.0
67050,2011-2012,1.9.0
67051,2011-2012,2.3.0
67053,2011-2012,2.5.0
67054,2011-2012,2.4.0
67055,2011-2012,2.4.0
67056,2011-2012,2.5.0
67058,2011-2012,2.4.0
67059,2011-2012,2.4.0
67060,2011-2012,2.4.0
67061,2011-2012,2.5.0
67063,2011-2012,1.5.0
67065,2011-2012,2.5.0
67066,2011-2012,2.4.0
67067,2011-2012,2.5.0
67068,2011-2012,1.9.0
67069,2011-2012,1.8.0
67070,2011-2012,1.8.0
67071,2011-2012,2.4.0
67072,2011-2012,1.5.0
67073,2011-2012,2.4.0
67074,2011-2012,1.7.0
67075,2011-2012,1.8.0
67076,2011-2012,2.4.0
67078,2011-2012,1.9.0
67079,2011-2012,2.4.0
67080,2011-2012,1.9.0
67081,2011-2012,2.2.0
67082,2011-2012,1.5.0
67083,2011-2012,2.2.0
67086,2011-2012,2.3.0
67087,2011-2012,2.0.0
67088,2011-2012,1.5.0
67091,2011-2012,2.5.0
67092,2011-2012,2.4.0
67093,2011-2012,2.5.0
67094,2011-2012,2.4.0
67095,2011-2012,2.4.0
67096,2011-2012,2.3.0
67097,2011-2012,1.9.0
67098,2011-2012,1.5.0
67099,2011-2012,2.5.0
67100,2011-2012,2.5.0
67101,2011-2012,2.3.0
67102,2011-2012,2.4.0
67104,2011-2012,1.9.0
67105,2011-2012,1.5.0
67106,2011-2012,1.9.0
67107,2011-2012,2.2.0
67110,2011-2012,2.4.0
67111,2011-2012,1.7.0
67112,2011-2012,1.5.0
67113,2011-2012,1.8.0
67115,2011-2012,2.5.0
67117,2011-2012,2.5.0
67118,2011-2012,2.4.0
67119,2011-2012,2.4.0
67121,2011-2012,1.9.0
67122,2011-2012,2.2.0
67124,2011-2012,2.4.0
67126,2011-2012,1.8.0
67127,2011-2012,1.7.0
67128,2011-2012,1.9.0
67129,2011-2012,2.5.0
67130,2011-2012,1.7.0
67131,2011-2012,2.4.0
67132,2011-2012,2.4.0
67133,2011-2012,2.3.0
67134,2011-2012,2.4.0
67135,2011-2012,2.4.0
67136,2011-2012,1.9.0
67137,2011-2012,1.5.0
67138,2011-2012,1.7.0
67141,2011-2012,1.7.0
67143,2011-2012,2.0.0
67146,2011-2012,2.0.0
67148,2011-2012,1.9.0
67149,2011-2012,1.5.0
67152,2011-2012,1.5.0
67153,2011-2012,1.5.0
67156,2011-2012,2.5.0
67157,2011-2012,2.4.0
67158,2011-2012,2.5.0
67159,2011-2012,2.2.0
67160,2011-2012,1.9.0
67164,2011-2012,2.2.0
67165,2011-2012,2.0.0
67166,2011-2012,1.8.0
67167,2011-2012,1.9.0
67168,2011-2012,2.4.0
67169,2011-2012,2.5.0
67170,2011-2012,1.9.0
67171,2011-2012,1.9.0
67174,2011-2012,2.1.0
67175,2011-2012,2.4.0
67176,2011-2012,1.9.0
67177,2011-2012,2.2.0
67179,2011-2012,1.8.0
67180,2011-2012,2.4.0
67181,2011-2012,2.5.0
67182,2011-2012,2.5.0
67183,2011-2012,2.5.0
67184,2011-2012,2.0.0
67185,2011-2012,2.3.0
67186,2011-2012,1.5.0
67187,2011-2012,2.3.0
67188,2011-2012,2.5.0
67189,2011-2012,2.3.0
67190,2011-2012,2.5.0
67191,2011-2012,2.5.0
67192,2011-2012,1.5.0
67193,2011-2012,1.8.0
67194,2011-2012,1.8.0
67195,2011-2012,2.4.0
67197,2011-2012,1.9.0
67198,2011-2012,2.5.0
67199,2011-2012,2.2.0
67200,2011-2012,1.8.0
67201,2011-2012,1.9.0
67202,2011-2012,2.4.0
67203,2011-2012,1.9.0
67204,2011-2012,2.4.0
67206,2011-2012,2.5.0
67207,2011-2012,2.4.0
67208,2011-2012,1.5.0
67209,2011-2012,2.2.0
67210,2011-2012,2.5.0
67214,2011-2012,2.2.0
67215,2011-2012,2.4.0
67217,2011-2012,1.7.0
67219,2011-2012,2.4.0
67220,2011-2012,2.5.0
67221,2011-2012,2.5.0
67222,2011-2012,1.7.0
67223,2011-2012,2.5.0
67225,2011-2012,2.4.0
67226,2011-2012,2.4.0
67227,2011-2012,2.4.0
67228,2011-2012,2.4.0
67229,2011-2012,2.4.0
67230,2011-2012,2.4.0
67231,2011-2012,2.3.0
67232,2011-2012,2.4.0
67233,2011-2012,1.9.0
67234,2011-2012,2.5.0
67235,2011-2012,2.4.0
67236,2011-2012,1.7.0
67237,2011-2012,2.4.0
67238,2011-2012,2.4.0
67243,2011-2012,1.5.0
67244,2011-2012,1.5.0
67245,2011-2012,2.2.0
67247,2011-2012,2.4.0
67248,2011-2012,2.2.0
67249,2011-2012,2.2.0
67250,2011-2012,1.7.0
67251,2011-2012,2.4.0
67252,2011-2012,2.2.0
67253,2011-2012,2.0.0
67254,2011-2012,1.7.0
67255,2011-2012,2.2.0
67256,2011-2012,2.5.0
67257,2011-2012,2.4.0
67258,2011-2012,1.9.0
67259,2011-2012,1.9.0
67264,2011-2012,2.4.0
67266,2011-2012,2.3.0
67269,2011-2012,1.8.0
67270,2011-2012,2.3.0
67272,2011-2012,2.4.0
67273,2011-2012,1.7.0
67275,2011-2012,1.5.0
67276,2011-2012,1.9.0
67279,2011-2012,1.9.0
67280,2011-2012,2.3.0
67281,2011-2012,2.0.0
67282,2011-2012,1.8.0
67283,2011-2012,2.4.0
67284,2011-2012,2.2.0
67285,2011-2012,2.2.0
67286,2011-2012,2.4.0
67287,2011-2012,2.3.0
67288,2011-2012,2.3.0
67290,2011-2012,2.4.0
67291,2011-2012,2.5.0
67292,2011-2012,1.5.0
67293,2011-2012,2.0.0
67297,2011-2012,2.5.0
67298,2011-2012,2.4.0
67299,2011-2012,2.4.0
67304,2011-2012,2.5.0
67305,2011-2012,1.8.0
67306,2011-2012,1.9.0
67307,2011-2012,2.5.0
67308,2011-2012,2.3.0
67309,2011-2012,2.5.0
67310,2011-2012,2.3.0
67311,2011-2012,2.3.0
67312,2011-2012,1.9.0
67313,2011-2012,2.3.0
67314,2011-2012,1.8.0
67315,2011-2012,1.5.0
67316,2011-2012,2.2.0
67318,2011-2012,2.4.0
67320,2011-2012,1.9.0
67321,2011-2012,1.9.0
67322,2011-2012,2.4.0
67323,2011-2012,2.3.0
67324,2011-2012,1.9.0
67326,2011-2012,1.9.0
67327,2011-2012,2.0.0
67328,2011-2012,1.7.0
67329,2011-2012,1.5.0
67330,2011-2012,1.5.0
67331,2011-2012,2.4.0
67332,2011-2012,2.3.0
67333,2011-2012,2.4.0
67335,2011-2012,1.7.0
67336,2011-2012,1.5.0
67337,2011-2012,1.8.0
67338,2011-2012,1.8.0
67339,2011-2012,1.7.0
67340,2011-2012,1.5.0
67341,2011-2012,2.4.0
67342,2011-2012,2.3.0
67343,2011-2012,2.0.0
67344,2011-2012,1.7.0
67346,2011-2012,1.5.0
67347,2011-2012,1.9.0
67348,2011-2012,2.4.0
67349,2011-2012,1.5.0
67351,2011-2012,1.5.0
67352,2011-2012,2.4.0
67353,2011-2012,2.2.0
67355,2011-2012,2.3.0
67356,2011-2012,1.5.0
67357,2011-2012,1.5.0
67359,2011-2012,2.3.0
67360,2011-2012,2.0.0
67361,2011-2012,2.4.0
67362,2011-2012,2.2.0
67363,2011-2012,1.9.0
67364,2011-2012,2.2.0
67365,2011-2012,2.4.0
67367,2011-2012,1.7.0
67368,2011-2012,2.2.0
67371,2011-2012,2.2.0
67373,2011-2012,2.5.0
67375,2011-2012,1.5.0
67376,2011-2012,2.4.0
67378,2011-2012,2.4.0
67379,2011-2012,2.4.0
67380,2011-2012,2.4.0
67381,2011-2012,2.0.0
67382,2011-2012,1.5.0
67383,2011-2012,2.4.0
67384,2011-2012,2.5.0
67385,2011-2012,1.9.0
67388,2011-2012,2.3.0
67389,2011-2012,2.4.0
67390,2011-2012,2.5.0
67391,2011-2012,2.2.0
67392,2011-2012,2.5.0
67393,2011-2012,2.5.0
67394,2011-2012,1.9.0
67395,2011-2012,2.5.0
67397,2011-2012,2.4.0
67399,2011-2012,2.3.0
67400,2011-2012,1.9.0
67402,2011-2012,1.5.0
67403,2011-2012,2.3.0
67407,2011-2012,2.4.0
67408,2011-2012,2.4.0
67412,2011-2012,2.3.0
67413,2011-2012,1.8.0
67414,2011-2012,2.1.0
67417,2011-2012,1.9.0
67418,2011-2012,1.9.0
67421,2011-2012,1.5.0
67422,2011-2012,1.9.0
67424,2011-2012,1.8.0
67425,2011-2012,1.8.0
67427,2011-2012,2.2.0
67429,2011-2012,1.9.0
67430,2011-2012,1.9.0
67431,2011-2012,2.2.0
67432,2011-2012,1.7.0
67434,2011-2012,2.4.0
67435,2011-2012,1.7.0
67436,2011-2012,2.2.0
67438,2011-2012,2.5.0
67439,2011-2012,1.7.0
67441,2011-2012,1.8.0
67442,2011-2012,2.1.0
67445,2011-2012,1.5.0
67446,2011-2012,2.4.0
67447,2011-2012,2.4.0
67449,2011-2012,2.0.0
67450,2011-2012,2.4.0
67451,2011-2012,2.2.0
67452,2011-2012,2.4.0
67454,2011-2012,2.5.0
67457,2011-2012,2.3.0
67458,2011-2012,2.4.0
67459,2011-2012,2.5.0
67462,2011-2012,1.7.0
67463,2011-2012,1.9.0
67464,2011-2012,1.5.0
67466,2011-2012,2.5.0
67468,2011-2012,2.5.0
67470,2011-2012,1.9.0
67471,2011-2012,1.7.0
67473,2011-2012,2.3.0
67474,2011-2012,2.4.0
67475,2011-2012,1.5.0
67476,2011-2012,2.0.0
67477,2011-2012,2.4.0
67480,2011-2012,2.2.0
67481,2011-2012,2.5.0
67482,2011-2012,1.8.0
67483,2011-2012,1.5.0
67486,2011-2012,1.7.0
67487,2011-2012,1.8.0
67488,2011-2012,1.8.0
67489,2011-2012,2.3.0
67490,2011-2012,1.7.0
67492,2011-2012,2.4.0
67493,2011-2012,1.5.0
67494,2011-2012,2.4.0
67495,2011-2012,1.7.0
67497,2011-2012,2.2.0
67498,2011-2012,2.5.0
67499,2011-2012,2.2.0
67500,2011-2012,1.9.0
67501,2011-2012,1.9.0
67502,2011-2012,2.3.0
67503,2011-2012,1.9.0
67505,2011-2012,2.5.0
67506,2011-2012,2.4.0
67507,2011-2012,2.5.0
67508,2011-2012,1.8.0
67509,2011-2012,1.9.0
67513,2011-2012,2.4.0
67515,2011-2012,1.5.0
67516,2011-2012,2.5.0
67519,2011-2012,2.4.0
67520,2011-2012,2.4.0
67521,2011-2012,2.5.0
67522,2011-2012,1.7.0
67524,2011-2012,1.9.0
67526,2011-2012,2.0.0
67527,2011-2012,2.4.0
67529,2011-2012,2.4.0
67530,2011-2012,2.0.0
67534,2011-2012,2.0.0
67535,2011-2012,2.4.0
67536,2011-2012,2.0.0
67537,2011-2012,2.4.0
67538,2011-2012,2.4.0
67539,2011-2012,2.5.0
67540,2011-2012,1.9.0
67541,2011-2012,2.4.0
67542,2011-2012,2.2.0
67543,2011-2012,1.9.0
67544,2011-2012,1.9.0
67545,2011-2012,2.4.0
67546,2011-2012,2.5.0
67548,2011-2012,1.9.0
67549,2011-2012,2.3.0
67550,2011-2012,2.5.0
67551,2011-2012,2.5.0
67553,2011-2012,2.4.0
67555,2011-2012,2.0.0
67556,2011-2012,2.4.0
67557,2011-2012,2.5.0
67559,2011-2012,2.4.0
67560,2011-2012,2.3.0
67561,2011-2012,1.5.0
67563,2011-2012,1.8.0
67564,2011-2012,2.3.0
67565,2011-2012,2.5.0
67566,2011-2012,2.4.0
67567,2011-2012,2.2.0
67568,2011-2012,2.5.0
67569,2011-2012,2.4.0
67570,2011-2012,1.5.0
67571,2011-2012,2.2.0
67573,2011-2012,1.5.0
67574,2011-2012,2.2.0
67575,2011-2012,2.4.0
67576,2011-2012,1.9.0
67577,2011-2012,1.9.0
67579,2011-2012,2.3.0
67580,2011-2012,2.3.0
67581,2011-2012,1.9.0
67582,2011-2012,1.5.0
67585,2011-2012,1.5.0
67586,2011-2012,2.5.0
67587,2011-2012,1.9.0
67589,2011-2012,1.5.0
67590,2011-2012,2.4.0
67591,2011-2012,2.3.0
67594,2011-2012,2.5.0
67595,2011-2012,1.9.0
67596,2011-2012,1.8.0
67597,2011-2012,2.4.0
67600,2011-2012,2.4.0
67602,2011-2012,1.8.0
67603,2011-2012,2.3.0
67604,2011-2012,2.4.0
67605,2011-2012,1.8.0
67606,2011-2012,1.8.0
67607,2011-2012,2.4.0
67613,2011-2012,2.4.0
67614,2011-2012,1.5.0
67615,2011-2012,1.9.0
67616,2011-2012,2.5.0
67617,2011-2012,2.5.0
67618,2011-2012,2.2.0
67619,2011-2012,2.4.0
67620,2011-2012,1.7.0
67621,2011-2012,2.4.0
67622,2011-2012,2.4.0
67624,2011-2012,2.2.0
67625,2011-2012,2.4.0
67627,2011-2012,2.4.0
67629,2011-2012,2.4.0
67630,2011-2012,2.5.0
67631,2011-2012,1.5.0
67633,2011-2012,2.4.0
67634,2011-2012,1.9.0
67635,2011-2012,2.4.0
67638,2011-2012,2.2.0
67640,2011-2012,2.4.0
67642,2011-2012,2.0.0
67643,2011-2012,2.4.0
67644,2011-2012,2.3.0
67645,2011-2012,2.4.0
67646,2011-2012,2.4.0
67647,2011-2012,1.8.0
67650,2011-2012,1.5.0
67651,2011-2012,1.9.0
67652,2011-2012,1.5.0
67653,2011-2012,1.9.0
67654,2011-2012,1.8.0
67655,2011-2012,1.9.0
67658,2011-2012,1.7.0
67659,2011-2012,2.2.0
67660,2011-2012,2.2.0
67661,2011-2012,1.5.0
67662,2011-2012,2.2.0
67664,2011-2012,2.3.0
67666,2011-2012,2.1.0
67668,2011-2012,2.5.0
67670,2011-2012,2.2.0
67672,2011-2012,2.3.0
67673,2011-2012,2.5.0
67675,2011-2012,2.4.0
67677,2011-2012,1.7.0
67678,2011-2012,2.5.0
67679,2011-2012,1.7.0
67680,2011-2012,2.4.0
67681,2011-2012,2.0.0
67682,2011-2012,2.4.0
67683,2011-2012,2.0.0
67684,2011-2012,1.8.0
67685,2011-2012,2.4.0
67686,2011-2012,2.3.0
67687,2011-2012,2.4.0
67689,2011-2012,2.0.0
67690,2011-2012,2.5.0
67691,2011-2012,1.8.0
67692,2011-2012,2.4.0
67694,2011-2012,2.4.0
67696,2011-2012,1.7.0
67698,2011-2012,2.3.0
67699,2011-2012,1.5.0
67700,2011-2012,2.4.0
67703,2011-2012,2.3.0
67704,2011-2012,2.4.0
67706,2011-2012,2.4.0
67707,2011-2012,2.4.0
67708,2011-2012,2.4.0
67709,2011-2012,2.3.0
67710,2011-2012,1.9.0
67711,2011-2012,2.4.0
67712,2011-2012,1.5.0
67713,2011-2012,2.5.0
67714,2011-2012,2.3.0
67716,2011-2012,1.5.0
67717,2011-2012,1.8.0
67718,2011-2012,2.5.0
67719,2011-2012,2.4.0
67720,2011-2012,1.7.0
67721,2011-2012,2.2.0
67722,2011-2012,2.4.0
67726,2011-2012,2.4.0
67727,2011-2012,2.5.0
67730,2011-2012,2.5.0
67732,2011-2012,2.5.0
67733,2011-2012,2.5.0
67735,2011-2012,1.9.0
67737,2011-2012,2.2.0
67738,2011-2012,2.5.0
67739,2011-2012,2.4.0
67740,2011-2012,2.5.0
67741,2011-2012,2.4.0
67743,2011-2012,2.4.0
67744,2011-2012,2.3.0
67745,2011-2012,2.2.0
67746,2011-2012,1.9.0
67751,2011-2012,2.4.0
67752,2011-2012,2.4.0
67754,2011-2012,2.3.0
67755,2011-2012,2.4.0
67756,2011-2012,2.5.0
67758,2011-2012,1.9.0
67760,2011-2012,2.5.0
67761,2011-2012,1.8.0
67762,2011-2012,1.8.0
67763,2011-2012,1.9.0
67766,2011-2012,2.4.0
67767,2011-2012,2.5.0
67768,2011-2012,1.8.0
67769,2011-2012,2.3.0
67771,2011-2012,1.5.0
67772,2011-2012,2.1.0
67773,2011-2012,2.3.0
67775,2011-2012,1.7.0
67776,2011-2012,2.3.0
67778,2011-2012,2.2.0
67779,2011-2012,2.4.0
67780,2011-2012,1.5.0
67781,2011-2012,2.5.0
67782,2011-2012,2.5.0
67783,2011-2012,2.4.0
67784,2011-2012,2.2.0
67785,2011-2012,2.0.0
67786,2011-2012,1.9.0
67787,2011-2012,2.0.0
67788,2011-2012,1.9.0
67789,2011-2012,2.5.0
67790,2011-2012,2.4.0
67791,2011-2012,2.4.0
67793,2011-2012,2.5.0
67794,2011-2012,2.4.0
67795,2011-2012,2.3.0
67797,2011-2012,2.4.0
67798,2011-2012,2.5.0
67799,2011-2012,2.4.0
67801,2011-2012,2.4.0
67803,2011-2012,2.4.0
67806,2011-2012,2.4.0
67808,2011-2012,2.4.0
67809,2011-2012,2.3.0
67813,2011-2012,2.4.0
67814,2011-2012,1.8.0
67816,2011-2012,2.4.0
67817,2011-2012,2.4.0
67818,2011-2012,1.9.0
67819,2011-2012,2.0.0
67820,2011-2012,2.4.0
67821,2011-2012,1.8.0
67823,2011-2012,2.3.0
67824,2011-2012,2.2.0
67825,2011-2012,2.4.0
67826,2011-2012,2.4.0
67827,2011-2012,1.8.0
67828,2011-2012,1.8.0
67829,2011-2012,2.5.0
67832,2011-2012,1.5.0
67833,2011-2012,2.4.0
67834,2011-2012,2.2.0
67835,2011-2012,2.4.0
67836,2011-2012,2.4.0
67837,2011-2012,2.4.0
67838,2011-2012,2.4.0
67840,2011-2012,2.3.0
67841,2011-2012,2.4.0
67842,2011-2012,1.7.0
67844,2011-2012,2.2.0
67845,2011-2012,1.9.0
67846,2011-2012,1.8.0
67847,2011-2012,2.4.0
67848,2011-2012,1.5.0
67850,2011-2012,2.1.0
67852,2011-2012,2.3.0
67854,2011-2012,1.8.0
67855,2011-2012,2.4.0
67858,2011-2012,1.9.0
67859,2011-2012,2.5.0
67860,2011-2012,1.9.0
67861,2011-2012,1.8.0
67863,2011-2012,1.8.0
67864,2011-2012,2.4.0
67865,2011-2012,2.4.0
67866,2011-2012,2.5.0
67870,2011-2012,2.4.0
67871,2011-2012,2.4.0
67872,2011-2012,2.4.0
67873,2011-2012,1.5.0
67875,2011-2012,1.7.0
67877,2011-2012,2.3.0
67878,2011-2012,1.5.0
67879,2011-2012,2.5.0
67880,2011-2012,1.5.0
67881,2011-2012,1.5.0
67884,2011-2012,1.8.0
67885,2011-2012,1.7.0
67887,2011-2012,2.3.0
67888,2011-2012,1.8.0
67889,2011-2012,2.4.0
67890,2011-2012,1.9.0
67891,2011-2012,1.7.0
67893,2011-2012,2.2.0
67894,2011-2012,2.4.0
67895,2011-2012,1.5.0
67896,2011-2012,1.8.0
67897,2011-2012,2.3.0
67898,2011-2012,1.9.0
67899,2011-2012,2.4.0
67902,2011-2012,1.5.0
67905,2011-2012,2.3.0
67906,2011-2012,1.8.0
67907,2011-2012,2.0.0
67908,2011-2012,2.5.0
67910,2011-2012,2.3.0
67911,2011-2012,2.4.0
67912,2011-2012,1.8.0
67913,2011-2012,2.4.0
67914,2011-2012,2.4.0
67915,2011-2012,1.7.0
67916,2011-2012,2.4.0
67917,2011-2012,2.3.0
67918,2011-2012,2.4.0
67919,2011-2012,2.4.0
67921,2011-2012,2.2.0
67923,2011-2012,2.5.0
67924,2011-2012,2.2.0
67925,2011-2012,2.4.0
67926,2011-2012,2.4.0
67927,2011-2012,2.4.0
67928,2011-2012,2.0.0
67930,2011-2012,2.4.0
67932,2011-2012,2.3.0
67933,2011-2012,2.3.0
67934,2011-2012,2.4.0
67935,2011-2012,2.3.0
67938,2011-2012,1.7.0
67939,2011-2012,1.5.0
67940,2011-2012,2.0.0
67944,2011-2012,2.4.0
67945,2011-2012,2.2.0
67947,2011-2012,2.5.0
67948,2011-2012,2.4.0
67949,2011-2012,1.9.0
67951,2011-2012,1.5.0
67952,2011-2012,1.9.0
67954,2011-2012,1.9.0
67955,2011-2012,1.9.0
67957,2011-2012,1.5.0
67959,2011-2012,2.4.0
67960,2011-2012,1.5.0
67961,2011-2012,2.4.0
67962,2011-2012,2.2.0
67963,2011-2012,1.5.0
67964,2011-2012,2.0.0
67965,2011-2012,1.9.0
67967,2011-2012,2.5.0
67968,2011-2012,2.4.0
67970,2011-2012,1.5.0
67971,2011-2012,2.2.0
67972,2011-2012,1.7.0
67973,2011-2012,2.4.0
67974,2011-2012,2.4.0
67975,2011-2012,1.5.0
67977,2011-2012,2.2.0
67978,2011-2012,2.4.0
67979,2011-2012,1.5.0
67980,2011-2012,1.5.0
67981,2011-2012,2.0.0
67984,2011-2012,1.7.0
67985,2011-2012,2.2.0
67986,2011-2012,2.4.0
67987,2011-2012,2.4.0
67988,2011-2012,2.2.0
67990,2011-2012,2.4.0
67991,2011-2012,2.4.0
67992,2011-2012,1.7.0
67993,2011-2012,1.9.0
67994,2011-2012,2.0.0
67995,2011-2012,2.5.0
67996,2011-2012,1.7.0
67998,2011-2012,1.7.0
67999,2011-2012,2.4.0
68000,2011-2012,1.9.0
68001,2011-2012,1.9.0
68002,2011-2012,2.5.0
68003,2011-2012,2.2.0
68004,2011-2012,2.3.0
68006,2011-2012,1.9.0
68007,2011-2012,2.3.0
68009,2011-2012,1.5.0
68010,2011-2012,1.8.0
68011,2011-2012,2.4.0
68012,2011-2012,1.5.0
68013,2011-2012,2.4.0
68014,2011-2012,2.5.0
68015,2011-2012,2.4.0
68016,2011-2012,2.4.0
68017,2011-2012,2.3.0
68019,2011-2012,2.5.0
68020,2011-2012,2.4.0
68021,2011-2012,1.8.0
68022,2011-2012,2.3.0
68023,2011-2012,2.2.0
68024,2011-2012,1.9.0
68025,2011-2012,2.3.0
68027,2011-2012,1.5.0
68028,2011-2012,2.5.0
68029,2011-2012,2.5.0
68032,2011-2012,1.5.0
68034,2011-2012,2.4.0
68035,2011-2012,2.3.0
68037,2011-2012,2.4.0
68038,2011-2012,2.4.0
68040,2011-2012,1.9.0
68041,2011-2012,2.4.0
68042,2011-2012,2.5.0
68043,2011-2012,1.5.0
68044,2011-2012,2.4.0
68045,2011-2012,1.8.0
68046,2011-2012,2.0.0
68047,2011-2012,2.4.0
68048,2011-2012,1.9.0
68049,2011-2012,1.9.0
68052,2011-2012,2.5.0
68054,2011-2012,1.8.0
68056,2011-2012,2.4.0
68058,2011-2012,1.5.0
68060,2011-2012,2.3.0
68062,2011-2012,1.7.0
68063,2011-2012,2.5.0
68064,2011-2012,1.5.0
68065,2011-2012,2.4.0
68066,2011-2012,1.5.0
68068,2011-2012,2.4.0
68069,2011-2012,2.0.0
68070,2011-2012,2.4.0
68072,2011-2012,1.5.0
68073,2011-2012,2.3.0
68075,2011-2012,1.8.0
68076,2011-2012,2.2.0
68077,2011-2012,1.9.0
68078,2011-2012,2.4.0
68079,2011-2012,1.9.0
68080,2011-2012,2.5.0
68083,2011-2012,1.7.0
68084,2011-2012,1.5.0
68085,2011-2012,2.0.0
68086,2011-2012,2.3.0
68087,2011-2012,2.4.0
68088,2011-2012,2.3.0
68089,2011-2012,2.4.0
68090,2011-2012,2.2.0
68091,2011-2012,1.5.0
68092,2011-2012,2.3.0
68093,2011-2012,1.5.0
68095,2011-2012,2.0.0
68098,2011-2012,2.2.0
68099,2011-2012,2.5.0
68100,2011-2012,1.7.0
68101,2011-2012,2.2.0
68102,2011-2012,1.9.0
68104,2011-2012,2.4.0
68105,2011-2012,2.5.0
68106,2011-2012,2.3.0
68107,2011-2012,2.5.0
68109,2011-2012,1.5.0
68110,2011-2012,1.8.0
68111,2011-2012,2.2.0
68112,2011-2012,2.5.0
68115,2011-2012,1.9.0
68116,2011-2012,1.5.0
68117,2011-2012,1.7.0
68119,2011-2012,1.7.0
68120,2011-2012,1.8.0
68121,2011-2012,2.5.0
68123,2011-2012,2.3.0
68125,2011-2012,2.4.0
68126,2011-2012,1.8.0
68127,2011-2012,2.2.0
68128,2011-2012,1.7.0
68129,2011-2012,1.8.0
68130,2011-2012,2.5.0
68131,2011-2012,2.5.0
68133,2011-2012,2.5.0
68134,2011-2012,2.2.0
68135,2011-2012,2.3.0
68137,2011-2012,2.4.0
68139,2011-2012,2.4.0
68140,2011-2012,1.9.0
68142,2011-2012,2.2.0
68143,2011-2012,2.5.0
68144,2011-2012,2.4.0
68145,2011-2012,2.5.0
68146,2011-2012,2.0.0
68147,2011-2012,2.2.0
68148,2011-2012,1.5.0
68149,2011-2012,2.3.0
68150,2011-2012,2.4.0
68152,2011-2012,1.5.0
68153,2011-2012,2.2.0
68154,2011-2012,2.2.0
68156,2011-2012,1.7.0
68157,2011-2012,2.2.0
68158,2011-2012,2.3.0
68159,2011-2012,2.3.0
68160,2011-2012,2.4.0
68161,2011-2012,1.5.0
68164,2011-2012,2.3.0
68166,2011-2012,2.5.0
68169,2011-2012,2.4.0
68170,2011-2012,1.5.0
68172,2011-2012,2.2.0
68173,2011-2012,1.9.0
68176,2011-2012,2.4.0
68177,2011-2012,2.5.0
68178,2011-2012,1.9.0
68179,2011-2012,2.4.0
68180,2011-2012,2.4.0
68181,2011-2012,2.4.0
68182,2011-2012,2.5.0
68184,2011-2012,1.7.0
68185,2011-2012,2.4.0
68186,2011-2012,2.3.0
68188,2011-2012,1.8.0
68189,2011-2012,1.8.0
68191,2011-2012,2.5.0
68194,2011-2012,2.4.0
68195,2011-2012,2.5.0
68196,2011-2012,2.4.0
68197,2011-2012,2.4.0
68198,2011-2012,2.4.0
68199,2011-2012,2.2.0
68200,2011-2012,2.3.0
68201,2011-2012,1.7.0
68202,2011-2012,1.9.0
68203,2011-2012,2.0.0
68204,2011-2012,1.9.0
68205,2011-2012,2.4.0
68206,2011-2012,1.8.0
68207,2011-2012,2.5.0
68208,2011-2012,2.2.0
68209,2011-2012,2.5.0
68210,2011-2012,2.2.0
68212,2011-2012,1.5.0
68213,2011-2012,2.5.0
68215,2011-2012,1.7.0
68217,2011-2012,2.4.0
68219,2011-2012,2.5.0
68220,2011-2012,1.9.0
68222,2011-2012,1.5.0
68223,2011-2012,1.8.0
68224,2011-2012,1.9.0
68226,2011-2012,2.4.0
68227,2011-2012,1.8.0
68228,2011-2012,1.9.0
68229,2011-2012,2.0.0
68230,2011-2012,1.8.0
68231,2011-2012,2.4.0
68232,2011-2012,2.3.0
68234,2011-2012,2.5.0
68235,2011-2012,2.0.0
68236,2011-2012,2.4.0
68237,2011-2012,2.4.0
68239,2011-2012,2.4.0
68240,2011-2012,2.4.0
68241,2011-2012,2.3.0
68242,2011-2012,1.9.0
68243,2011-2012,2.3.0
68244,2011-2012,2.4.0
68245,2011-2012,2.4.0
68246,2011-2012,1.9.0
68248,2011-2012,1.5.0
68249,2011-2012,2.4.0
68250,2011-2012,2.4.0
68251,2011-2012,1.5.0
68252,2011-2012,1.9.0
68253,2011-2012,2.4.0
68254,2011-2012,2.5.0
68255,2011-2012,1.9.0
68256,2011-2012,1.5.0
68257,2011-2012,2.4.0
68260,2011-2012,1.8.0
68261,2011-2012,1.9.0
68262,2011-2012,2.4.0
68263,2011-2012,1.8.0
68264,2011-2012,2.0.0
68265,2011-2012,2.2.0
68270,2011-2012,1.9.0
68271,2011-2012,2.5.0
68273,2011-2012,1.8.0
68274,2011-2012,2.3.0
68275,2011-2012,1.9.0
68276,2011-2012,2.4.0
68277,2011-2012,2.3.0
68280,2011-2012,2.5.0
68281,2011-2012,1.9.0
68282,2011-2012,1.9.0
68284,2011-2012,1.5.0
68285,2011-2012,2.4.0
68286,2011-2012,2.1.0
68287,2011-2012,1.5.0
68289,2011-2012,2.5.0
68291,2011-2012,2.5.0
68293,2011-2012,2.4.0
68294,2011-2012,2.5.0
68296,2011-2012,1.5.0
68299,2011-2012,2.4.0
68300,2011-2012,1.8.0
68301,2011-2012,2.4.0
68302,2011-2012,1.9.0
68303,2011-2012,1.7.0
68304,2011-2012,2.5.0
68305,2011-2012,1.7.0
68306,2011-2012,2.0.0
68310,2011-2012,2.4.0
68311,2011-2012,2.4.0
68312,2011-2012,2.3.0
68314,2011-2012,2.3.0
68315,2011-2012,2.5.0
68316,2011-2012,2.5.0
68317,2011-2012,1.5.0
68318,2011-2012,2.3.0
68319,2011-2012,1.9.0
68321,2011-2012,1.9.0
68322,2011-2012,1.9.0
68323,2011-2012,2.2.0
68324,2011-2012,2.5.0
68327,2011-2012,1.5.0
68329,2011-2012,1.5.0
68330,2011-2012,2.0.0
68332,2011-2012,1.9.0
68334,2011-2012,2.4.0
68337,2011-2012,1.8.0
68338,2011-2012,2.5.0
68340,2011-2012,2.4.0
68341,2011-2012,2.5.0
68343,2011-2012,1.5.0
68344,2011-2012,2.0.0
68345,2011-2012,1.8.0
68348,2011-2012,2.3.0
68350,2011-2012,2.5.0
68351,2011-2012,2.2.0
68352,2011-2012,2.5.0
68353,2011-2012,2.5.0
68354,2011-2012,2.2.0
68355,2011-2012,1.5.0
68356,2011-2012,1.9.0
68360,2011-2012,2.3.0
68361,2011-2012,1.8.0
68364,2011-2012,1.9.0
68365,2011-2012,1.9.0
68367,2011-2012,2.4.0
68368,2011-2012,2.2.0
68370,2011-2012,2.1.0
68373,2011-2012,2.4.0
68374,2011-2012,1.7.0
68375,2011-2012,2.5.0
68380,2011-2012,2.5.0
68381,2011-2012,2.5.0
68384,2011-2012,2.4.0
68385,2011-2012,1.8.0
68387,2011-2012,2.1.0
68389,2011-2012,2.5.0
68393,2011-2012,2.4.0
68400,2011-2012,2.4.0
68401,2011-2012,1.9.0
68403,2011-2012,2.4.0
68404,2011-2012,1.8.0
68406,2011-2012,2.4.0
68408,2011-2012,2.5.0
68410,2011-2012,2.4.0
68411,2011-2012,2.2.0
68412,2011-2012,2.5.0
68416,2011-2012,2.3.0
68417,2011-2012,1.9.0
68418,2011-2012,2.5.0
68419,2011-2012,2.4.0
68420,2011-2012,2.5.0
68422,2011-2012,2.3.0
68423,2011-2012,2.0.0
68424,2011-2012,2.4.0
68425,2011-2012,1.5.0
68427,2011-2012,1.8.0
68428,2011-2012,2.5.0
68429,2011-2012,2.4.0
68432,2011-2012,2.4.0
68433,2011-2012,2.2.0
68435,2011-2012,2.4.0
68436,2011-2012,1.9.0
68438,2011-2012,1.5.0
68439,2011-2012,2.4.0
68440,2011-2012,2.0.0
68441,2011-2012,1.8.0
68442,2011-2012,2.2.0
68444,2011-2012,1.5.0
68445,2011-2012,2.5.0
68446,2011-2012,2.2.0
68447,2011-2012,1.9.0
68449,2011-2012,2.4.0
68450,2011-2012,2.4.0
68451,2011-2012,1.5.0
68452,2011-2012,1.9.0
68453,2011-2012,2.5.0
68455,2011-2012,1.9.0
68459,2011-2012,2.0.0
68461,2011-2012,1.8.0
68462,2011-2012,2.4.0
68464,2011-2012,1.9.0
68465,2011-2012,2.2.0
68467,2011-2012,2.5.0
68468,2011-2012,1.9.0
68469,2011-2012,1.9.0
68470,2011-2012,2.4.0
68471,2011-2012,2.4.0
68472,2011-2012,2.5.0
68473,2011-2012,2.4.0
68474,2011-2012,2.5.0
68475,2011-2012,2.5.0
68477,2011-2012,1.9.0
68478,2011-2012,2.0.0
68480,2011-2012,1.9.0
68481,2011-2012,2.4.0
68482,2011-2012,1.8.0
68483,2011-2012,2.2.0
68484,2011-2012,1.8.0
68485,2011-2012,2.2.0
68487,2011-2012,2.4.0
68489,2011-2012,1.9.0
68491,2011-2012,2.2.0
68493,2011-2012,2.2.0
68494,2011-2012,1.5.0
68495,2011-2012,1.8.0
68496,2011-2012,2.5.0
68497,2011-2012,1.5.0
68499,2011-2012,1.9.0
68500,2011-2012,1.9.0
68501,2011-2012,2.4.0
68504,2011-2012,2.4.0
68505,2011-2012,2.2.0
68506,2011-2012,2.0.0
68507,2011-2012,1.7.0
68508,2011-2012,2.2.0
68509,2011-2012,2.4.0
68510,2011-2012,1.5.0
68511,2011-2012,2.4.0
68513,2011-2012,1.8.0
68515,2011-2012,2.2.0
68516,2011-2012,2.5.0
68517,2011-2012,2.4.0
68518,2011-2012,1.9.0
68520,2011-2012,1.9.0
68521,2011-2012,2.4.0
68522,2011-2012,2.4.0
68523,2011-2012,1.5.0
68525,2011-2012,2.3.0
68526,2011-2012,2.5.0
68527,2011-2012,2.4.0
68528,2011-2012,1.8.0
68529,2011-2012,2.5.0
68530,2011-2012,2.4.0
68531,2011-2012,2.4.0
68533,2011-2012,2.4.0
68534,2011-2012,1.7.0
68536,2011-2012,2.5.0
68538,2011-2012,2.5.0
68540,2011-2012,2.2.0
68541,2011-2012,2.4.0
68543,2011-2012,2.3.0
68544,2011-2012,2.3.0
68545,2011-2012,2.4.0
68546,2011-2012,2.4.0
68547,2011-2012,2.4.0
68548,2011-2012,2.5.0
68551,2011-2012,2.4.0
68553,2011-2012,2.4.0
68555,2011-2012,2.5.0
68556,2011-2012,2.4.0
68557,2011-2012,2.4.0
68558,2011-2012,2.3.0
68559,2011-2012,2.4.0
68560,2011-2012,2.0.0
68561,2011-2012,2.5.0
68563,2011-2012,2.5.0
68565,2011-2012,2.2.0
68566,2011-2012,1.7.0
68567,2011-2012,2.0.0
68568,2011-2012,2.4.0
68569,2011-2012,2.3.0
68570,2011-2012,1.5.0
68571,2011-2012,2.3.0
68572,2011-2012,2.5.0
68573,2011-2012,2.2.0
68574,2011-2012,1.5.0
68575,2011-2012,2.5.0
68577,2011-2012,1.7.0
68578,2011-2012,2.4.0
68579,2011-2012,2.2.0
68580,2011-2012,2.3.0
68581,2011-2012,1.5.0
68582,2011-2012,2.4.0
68583,2011-2012,2.0.0
68584,2011-2012,2.5.0
68586,2011-2012,1.8.0
68588,2011-2012,2.2.0
68589,2011-2012,2.4.0
68591,2011-2012,1.8.0
68592,2011-2012,2.4.0
68593,2011-2012,2.4.0
68594,2011-2012,1.9.0
68595,2011-2012,2.0.0
68596,2011-2012,1.5.0
68597,2011-2012,1.5.0
68598,2011-2012,1.7.0
68600,2011-2012,2.0.0
68601,2011-2012,2.3.0
68602,2011-2012,1.5.0
68603,2011-2012,1.9.0
68605,2011-2012,2.4.0
68606,2011-2012,2.4.0
68610,2011-2012,2.3.0
68612,2011-2012,2.4.0
68613,2011-2012,1.8.0
68614,2011-2012,2.4.0
68616,2011-2012,2.4.0
68618,2011-2012,1.9.0
68619,2011-2012,1.9.0
68620,2011-2012,1.7.0
68621,2011-2012,1.8.0
68624,2011-2012,1.7.0
68625,2011-2012,2.2.0
68626,2011-2012,2.5.0
68627,2011-2012,2.4.0
68628,2011-2012,2.5.0
68630,2011-2012,2.4.0
68631,2011-2012,1.8.0
68632,2011-2012,2.4.0
68633,2011-2012,2.0.0
68634,2011-2012,1.5.0
68635,2011-2012,2.3.0
68637,2011-2012,2.4.0
68639,2011-2012,1.9.0
68641,2011-2012,1.7.0
68642,2011-2012,2.3.0
68643,2011-2012,2.3.0
68645,2011-2012,2.5.0
68646,2011-2012,2.4.0
68647,2011-2012,2.5.0
68648,2011-2012,1.8.0
68651,2011-2012,1.7.0
68652,2011-2012,2.4.0
68653,2011-2012,2.2.0
68655,2011-2012,1.8.0
68657,2011-2012,2.0.0
68658,2011-2012,1.8.0
68659,2011-2012,2.4.0
68660,2011-2012,2.5.0
68661,2011-2012,2.4.0
68662,2011-2012,2.5.0
68663,2011-2012,2.2.0
68666,2011-2012,2.3.0
68667,2011-2012,2.3.0
68668,2011-2012,2.3.0
68669,2011-2012,2.5.0
68671,2011-2012,2.4.0
68672,2011-2012,2.3.0
68673,2011-2012,1.7.0
68676,2011-2012,1.9.0
68678,2011-2012,1.9.0
68679,2011-2012,1.5.0
68680,2011-2012,2.3.0
68681,2011-2012,2.5.0
68682,2011-2012,1.8.0
68683,2011-2012,1.9.0
68685,2011-2012,2.4.0
68686,2011-2012,1.5.0
68687,2011-2012,2.2.0
68688,2011-2012,2.4.0
68689,2011-2012,2.2.0
68690,2011-2012,2.2.0
68691,2011-2012,2.4.0
68693,2011-2012,2.0.0
68694,2011-2012,1.9.0
68695,2011-2012,1.5.0
68696,2011-2012,2.5.0
68697,2011-2012,2.0.0
68698,2011-2012,1.7.0
68699,2011-2012,2.5.0
68702,2011-2012,2.4.0
68703,2011-2012,2.3.0
68704,2011-2012,2.4.0
68705,2011-2012,1.7.0
68706,2011-2012,2.5.0
68707,2011-2012,2.3.0
68708,2011-2012,2.3.0
68710,2011-2012,2.5.0
68711,2011-2012,1.9.0
68713,2011-2012,2.4.0
68714,2011-2012,2.4.0
68715,2011-2012,2.2.0
68716,2011-2012,2.4.0
68717,2011-2012,2.4.0
68718,2011-2012,1.9.0
68720,2011-2012,2.4.0
68721,2011-2012,2.5.0
68722,2011-2012,1.5.0
68723,2011-2012,2.3.0
68724,2011-2012,2.3.0
68726,2011-2012,2.4.0
68727,2011-2012,2.4.0
68728,2011-2012,2.5.0
68729,2011-2012,1.5.0
68730,2011-2012,2.4.0
68732,2011-2012,2.3.0
68733,2011-2012,1.7.0
68735,2011-2012,1.9.0
68736,2011-2012,1.5.0
68737,2011-2012,1.9.0
68739,2011-2012,2.0.0
68740,2011-2012,1.7.0
68743,2011-2012,2.0.0
68744,2011-2012,2.4.0
68745,2011-2012,2.4.0
68746,2011-2012,2.4.0
68747,2011-2012,1.5.0
68748,2011-2012,1.7.0
68749,2011-2012,2.4.0
68752,2011-2012,2.3.0
68753,2011-2012,2.0.0
68754,2011-2012,2.4.0
68758,2011-2012,2.5.0
68760,2011-2012,2.4.0
68763,2011-2012,1.9.0
68765,2011-2012,2.4.0
68766,2011-2012,2.4.0
68767,2011-2012,2.4.0
68768,2011-2012,1.9.0
68769,2011-2012,2.2.0
68771,2011-2012,2.4.0
68773,2011-2012,2.1.0
68774,2011-2012,1.8.0
68775,2011-2012,2.0.0
68777,2011-2012,2.5.0
68779,2011-2012,1.5.0
68781,2011-2012,1.8.0
68783,2011-2012,2.5.0
68784,2011-2012,2.2.0
68786,2011-2012,2.5.0
68787,2011-2012,2.5.0
68789,2011-2012,2.5.0
68790,2011-2012,1.9.0
68791,2011-2012,2.5.0
68793,2011-2012,2.2.0
68794,2011-2012,2.5.0
68797,2011-2012,2.4.0
68799,2011-2012,1.8.0
68802,2011-2012,2.5.0
68803,2011-2012,1.8.0
68808,2011-2012,2.4.0
68810,2011-2012,1.9.0
68813,2011-2012,2.4.0
68815,2011-2012,2.2.0
68816,2011-2012,1.9.0
68818,2011-2012,1.7.0
68819,2011-2012,1.7.0
68823,2011-2012,2.5.0
68824,2011-2012,1.9.0
68825,2011-2012,2.3.0
68826,2011-2012,2.4.0
68827,2011-2012,2.4.0
68828,2011-2012,2.4.0
68830,2011-2012,2.3.0
68831,2011-2012,2.5.0
68832,2011-2012,2.4.0
68833,2011-2012,2.4.0
68834,2011-2012,2.4.0
68836,2011-2012,2.4.0
68837,2011-2012,1.8.0
68838,2011-2012,2.2.0
68839,2011-2012,2.3.0
68840,2011-2012,2.5.0
68841,2011-2012,2.4.0
68842,2011-2012,1.8.0
68843,2011-2012,1.9.0
68844,2011-2012,2.4.0
68845,2011-2012,1.9.0
68846,2011-2012,2.5.0
68847,2011-2012,1.7.0
68850,2011-2012,2.3.0
68851,2011-2012,1.5.0
68853,2011-2012,2.4.0
68854,2011-2012,1.8.0
68855,2011-2012,1.9.0
68856,2011-2012,2.4.0
68857,2011-2012,1.9.0
68858,2011-2012,1.9.0
68859,2011-2012,2.4.0
68860,2011-2012,1.9.0
68861,2011-2012,2.2.0
68864,2011-2012,2.4.0
68865,2011-2012,1.7.0
68867,2011-2012,1.5.0
68868,2011-2012,2.5.0
68871,2011-2012,2.4.0
68872,2011-2012,1.5.0
68873,2011-2012,2.1.0
68875,2011-2012,2.0.0
68876,2011-2012,2.4.0
68877,2011-2012,1.9.0
68881,2011-2012,1.9.0
68882,2011-2012,2.3.0
68884,2011-2012,1.8.0
68886,2011-2012,1.8.0
68888,2011-2012,2.2.0
68890,2011-2012,1.7.0
68892,2011-2012,2.4.0
68893,2011-2012,1.9.0
68894,2011-2012,2.2.0
68899,2011-2012,1.5.0
68900,2011-2012,1.8.0
68901,2011-2012,2.2.0
68902,2011-2012,2.4.0
68904,2011-2012,2.4.0
68906,2011-2012,1.9.0
68907,2011-2012,2.3.0
68908,2011-2012,1.5.0
68909,2011-2012,2.4.0
68910,2011-2012,2.2.0
68911,2011-2012,1.8.0
68912,2011-2012,2.2.0
68913,2011-2012,1.9.0
68915,2011-2012,1.5.0
68916,2011-2012,2.3.0
68917,2011-2012,1.8.0
68918,2011-2012,2.0.0
68919,2011-2012,2.4.0
68920,2011-2012,2.5.0
68921,2011-2012,2.4.0
68922,2011-2012,2.5.0
68923,2011-2012,2.4.0
68924,2011-2012,2.4.0
68925,2011-2012,1.9.0
68927,2011-2012,1.9.0
68928,2011-2012,1.9.0
68929,2011-2012,2.4.0
68930,2011-2012,1.5.0
68933,2011-2012,1.5.0
68934,2011-2012,2.4.0
68935,2011-2012,2.5.0
68937,2011-2012,2.5.0
68938,2011-2012,2.2.0
68939,2011-2012,1.7.0
68942,2011-2012,1.5.0
68944,2011-2012,1.7.0
68945,2011-2012,2.4.0
68946,2011-2012,2.4.0
68947,2011-2012,2.5.0
68948,2011-2012,1.8.0
68950,2011-2012,1.5.0
68952,2011-2012,2.4.0
68953,2011-2012,2.4.0
68955,2011-2012,1.9.0
68957,2011-2012,2.5.0
68958,2011-2012,2.3.0
68959,2011-2012,2.4.0
68960,2011-2012,1.7.0
68961,2011-2012,2.4.0
68962,2011-2012,2.4.0
68964,2011-2012,2.4.0
68966,2011-2012,1.9.0
68968,2011-2012,1.5.0
68970,2011-2012,1.9.0
68972,2011-2012,2.4.0
68974,2011-2012,1.5.0
68976,2011-2012,1.9.0
68977,2011-2012,1.8.0
68978,2011-2012,1.7.0
68979,2011-2012,2.4.0
68980,2011-2012,2.0.0
68981,2011-2012,2.4.0
68982,2011-2012,2.4.0
68983,2011-2012,2.2.0
68986,2011-2012,1.8.0
68987,2011-2012,2.4.0
68988,2011-2012,1.5.0
68989,2011-2012,1.9.0
68990,2011-2012,2.0.0
68991,2011-2012,2.4.0
68992,2011-2012,2.4.0
68993,2011-2012,2.4.0
68994,2011-2012,2.4.0
68995,2011-2012,2.4.0
68997,2011-2012,2.5.0
68998,2011-2012,1.9.0
69000,2011-2012,1.9.0
69001,2011-2012,2.4.0
69002,2011-2012,1.5.0
69003,2011-2012,1.9.0
69004,2011-2012,2.4.0
69005,2011-2012,2.4.0
69006,2011-2012,2.4.0
69007,2011-2012,2.5.0
69009,2011-2012,1.7.0
69010,2011-2012,2.3.0
69011,2011-2012,2.2.0
69013,2011-2012,2.4.0
69014,2011-2012,2.4.0
69016,2011-2012,2.5.0
69017,2011-2012,2.4.0
69019,2011-2012,2.5.0
69021,2011-2012,2.4.0
69022,2011-2012,1.5.0
69023,2011-2012,2.2.0
69024,2011-2012,2.4.0
69025,2011-2012,1.8.0
69027,2011-2012,2.4.0
69029,2011-2012,1.7.0
69034,2011-2012,2.5.0
69035,2011-2012,1.8.0
69037,2011-2012,1.7.0
69038,2011-2012,2.2.0
69041,2011-2012,1.5.0
69042,2011-2012,2.4.0
69047,2011-2012,2.2.0
69048,2011-2012,2.4.0
69049,2011-2012,2.4.0
69053,2011-2012,2.4.0
69054,2011-2012,2.5.0
69055,2011-2012,1.5.0
69056,2011-2012,1.9.0
69057,2011-2012,2.2.0
69060,2011-2012,1.5.0
69061,2011-2012,2.4.0
69062,2011-2012,2.4.0
69064,2011-2012,1.8.0
69065,2011-2012,2.2.0
69066,2011-2012,2.4.0
69067,2011-2012,2.4.0
69069,2011-2012,1.7.0
69074,2011-2012,1.9.0
69076,2011-2012,2.4.0
69079,2011-2012,2.4.0
69080,2011-2012,1.8.0
69081,2011-2012,2.2.0
69082,2011-2012,2.4.0
69085,2011-2012,2.5.0
69086,2011-2012,1.5.0
69087,2011-2012,2.5.0
69088,2011-2012,2.5.0
69089,2011-2012,2.4.0
69091,2011-2012,1.9.0
69093,2011-2012,2.4.0
69097,2011-2012,2.4.0
69098,2011-2012,2.2.0
69101,2011-2012,1.7.0
69102,2011-2012,1.9.0
69103,2011-2012,1.5.0
69105,2011-2012,1.7.0
69107,2011-2012,1.5.0
69110,2011-2012,1.5.0
69111,2011-2012,2.5.0
69112,2011-2012,1.8.0
69113,2011-2012,2.4.0
69115,2011-2012,1.5.0
69116,2011-2012,2.5.0
69117,2011-2012,2.4.0
69118,2011-2012,2.1.0
69119,2011-2012,2.5.0
69120,2011-2012,2.4.0
69122,2011-2012,2.4.0
69123,2011-2012,2.2.0
69125,2011-2012,2.2.0
69127,2011-2012,1.5.0
69128,2011-2012,2.2.0
69129,2011-2012,1.7.0
69130,2011-2012,2.4.0
69131,2011-2012,1.5.0
69132,2011-2012,2.4.0
69136,2011-2012,2.2.0
69137,2011-2012,2.4.0
69138,2011-2012,2.3.0
69139,2011-2012,2.3.0
69140,2011-2012,2.3.0
69141,2011-2012,1.5.0
69142,2011-2012,1.9.0
69143,2011-2012,1.5.0
69144,2011-2012,1.9.0
69146,2011-2012,2.4.0
69147,2011-2012,2.2.0
69150,2011-2012,1.9.0
69151,2011-2012,1.8.0
69152,2011-2012,1.9.0
69154,2011-2012,2.4.0
69155,2011-2012,2.4.0
69156,2011-2012,1.5.0
69157,2011-2012,1.9.0
69158,2011-2012,2.5.0
69159,2011-2012,2.5.0
69160,2011-2012,2.3.0
69161,2011-2012,2.2.0
69162,2011-2012,1.5.0
69163,2011-2012,1.7.0
69164,2011-2012,2.4.0
69165,2011-2012,1.7.0
69166,2011-2012,2.4.0
69167,2011-2012,1.8.0
69168,2011-2012,2.4.0
69169,2011-2012,1.5.0
69170,2011-2012,2.0.0
69171,2011-2012,2.5.0
69172,2011-2012,1.5.0
69173,2011-2012,2.4.0
69174,2011-2012,1.5.0
69176,2011-2012,1.8.0
69177,2011-2012,1.8.0
69178,2011-2012,2.2.0
69181,2011-2012,2.3.0
69182,2011-2012,1.9.0
69183,2011-2012,2.2.0
69184,2011-2012,1.9.0
69185,2011-2012,2.5.0
69187,2011-2012,2.4.0
69188,2011-2012,2.4.0
69190,2011-2012,1.9.0
69193,2011-2012,2.0.0
69194,2011-2012,2.5.0
69196,2011-2012,2.4.0
69198,2011-2012,2.0.0
69201,2011-2012,2.5.0
69202,2011-2012,2.3.0
69203,2011-2012,2.4.0
69204,2011-2012,1.5.0
69207,2011-2012,2.5.0
69208,2011-2012,2.5.0
69210,2011-2012,1.8.0
69212,2011-2012,1.8.0
69213,2011-2012,2.4.0
69215,2011-2012,1.7.0
69217,2011-2012,1.9.0
69220,2011-2012,1.9.0
69221,2011-2012,2.3.0
69222,2011-2012,2.5.0
69223,2011-2012,2.2.0
69224,2011-2012,1.9.0
69226,2011-2012,2.0.0
69227,2011-2012,2.5.0
69229,2011-2012,2.5.0
69230,2011-2012,1.5.0
69231,2011-2012,2.4.0
69234,2011-2012,1.9.0
69236,2011-2012,1.9.0
69237,2011-2012,2.4.0
69239,2011-2012,1.8.0
69240,2011-2012,2.5.0
69241,2011-2012,2.4.0
69243,2011-2012,1.8.0
69245,2011-2012,2.3.0
69246,2011-2012,1.7.0
69247,2011-2012,1.7.0
69248,2011-2012,2.4.0
69250,2011-2012,2.5.0
69252,2011-2012,1.7.0
69253,2011-2012,2.4.0
69255,2011-2012,2.3.0
69256,2011-2012,1.9.0
69257,2011-2012,1.7.0
69258,2011-2012,2.5.0
69259,2011-2012,1.8.0
69261,2011-2012,2.4.0
69264,2011-2012,2.5.0
69265,2011-2012,2.3.0
69266,2011-2012,2.5.0
69267,2011-2012,2.5.0
69268,2011-2012,1.7.0
69269,2011-2012,2.3.0
69270,2011-2012,1.7.0
69274,2011-2012,2.4.0
69275,2011-2012,2.5.0
69276,2011-2012,1.5.0
69277,2011-2012,2.2.0
69278,2011-2012,2.5.0
69279,2011-2012,2.5.0
69280,2011-2012,2.4.0
69282,2011-2012,2.4.0
69283,2011-2012,1.7.0
69284,2011-2012,2.2.0
69285,2011-2012,1.9.0
69286,2011-2012,1.7.0
69287,2011-2012,2.5.0
69288,2011-2012,1.5.0
69292,2011-2012,2.4.0
69293,2011-2012,2.4.0
69295,2011-2012,2.4.0
69296,2011-2012,2.4.0
69297,2011-2012,2.5.0
69299,2011-2012,2.4.0
69300,2011-2012,1.8.0
69301,2011-2012,2.0.0
69302,2011-2012,1.5.0
69303,2011-2012,2.3.0
69304,2011-2012,1.9.0
69305,2011-2012,1.9.0
69307,2011-2012,2.4.0
69308,2011-2012,2.5.0
69310,2011-2012,1.7.0
69311,2011-2012,1.5.0
69316,2011-2012,2.2.0
69319,2011-2012,1.5.0
69320,2011-2012,2.5.0
69321,2011-2012,2.4.0
69322,2011-2012,2.0.0
69323,2011-2012,2.4.0
69324,2011-2012,1.9.0
69325,2011-2012,2.4.0
69327,2011-2012,1.9.0
69328,2011-2012,2.4.0
69329,2011-2012,2.4.0
69330,2011-2012,1.9.0
69331,2011-2012,2.2.0
69332,2011-2012,1.8.0
69333,2011-2012,2.2.0
69334,2011-2012,1.5.0
69335,2011-2012,1.9.0
69338,2011-2012,2.2.0
69339,2011-2012,1.7.0
69340,2011-2012,2.4.0
69341,2011-2012,2.2.0
69342,2011-2012,2.5.0
69343,2011-2012,2.4.0
69344,2011-2012,1.5.0
69347,2011-2012,2.5.0
69348,2011-2012,2.5.0
69349,2011-2012,2.4.0
69354,2011-2012,1.7.0
69355,2011-2012,1.5.0
69356,2011-2012,1.9.0
69357,2011-2012,1.5.0
69358,2011-2012,2.3.0
69361,2011-2012,2.4.0
69363,2011-2012,1.5.0
69364,2011-2012,2.3.0
69365,2011-2012,2.0.0
69366,2011-2012,1.8.0
69368,2011-2012,2.5.0
69369,2011-2012,2.4.0
69370,2011-2012,1.5.0
69371,2011-2012,1.8.0
69373,2011-2012,1.8.0
69375,2011-2012,2.4.0
69376,2011-2012,2.4.0
69378,2011-2012,2.4.0
69379,2011-2012,1.9.0
69380,2011-2012,1.5.0
69381,2011-2012,2.3.0
69382,2011-2012,2.4.0
69383,2011-2012,2.2.0
69384,2011-2012,2.4.0
69385,2011-2012,2.4.0
69386,2011-2012,2.5.0
69387,2011-2012,1.5.0
69388,2011-2012,2.2.0
69389,2011-2012,1.5.0
69390,2011-2012,2.5.0
69391,2011-2012,2.3.0
69392,2011-2012,2.2.0
69393,2011-2012,2.5.0
69394,2011-2012,1.5.0
69395,2011-2012,2.5.0
69396,2011-2012,2.4.0
69400,2011-2012,1.8.0
69403,2011-2012,2.4.0
69404,2011-2012,2.4.0
69405,2011-2012,2.4.0
69406,2011-2012,1.7.0
69407,2011-2012,2.2.0
69408,2011-2012,2.3.0
69409,2011-2012,2.2.0
69410,2011-2012,1.5.0
69411,2011-2012,1.9.0
69412,2011-2012,2.3.0
69413,2011-2012,1.5.0
69415,2011-2012,2.0.0
69417,2011-2012,2.0.0
69418,2011-2012,2.4.0
69419,2011-2012,2.4.0
69420,2011-2012,2.4.0
69421,2011-2012,2.3.0
69422,2011-2012,2.4.0
69423,2011-2012,2.5.0
69425,2011-2012,2.2.0
69426,2011-2012,2.4.0
69427,2011-2012,1.8.0
69428,2011-2012,2.5.0
69429,2011-2012,2.4.0
69430,2011-2012,2.2.0
69431,2011-2012,1.5.0
69433,2011-2012,2.2.0
69434,2011-2012,2.5.0
69436,2011-2012,2.4.0
69437,2011-2012,1.9.0
69438,2011-2012,2.4.0
69441,2011-2012,2.5.0
69442,2011-2012,1.5.0
69443,2011-2012,2.2.0
69445,2011-2012,1.5.0
69446,2011-2012,1.8.0
69447,2011-2012,2.4.0
69449,2011-2012,1.9.0
69450,2011-2012,2.5.0
69451,2011-2012,2.1.0
69452,2011-2012,2.2.0
69453,2011-2012,2.3.0
69455,2011-2012,2.2.0
69456,2011-2012,2.2.0
69457,2011-2012,1.5.0
69458,2011-2012,2.5.0
69459,2011-2012,2.3.0
69460,2011-2012,2.4.0
69461,2011-2012,2.4.0
69462,2011-2012,1.5.0
69463,2011-2012,1.5.0
69464,2011-2012,2.4.0
69465,2011-2012,1.7.0
69466,2011-2012,2.2.0
69468,2011-2012,1.9.0
69471,2011-2012,2.4.0
69473,2011-2012,2.5.0
69474,2011-2012,2.5.0
69475,2011-2012,1.9.0
69479,2011-2012,2.3.0
69484,2011-2012,2.5.0
69486,2011-2012,2.3.0
69487,2011-2012,2.3.0
69488,2011-2012,1.9.0
69489,2011-2012,1.8.0
69491,2011-2012,1.7.0
69492,2011-2012,1.5.0
69494,2011-2012,2.1.0
69496,2011-2012,1.8.0
69497,2011-2012,2.4.0
69498,2011-2012,2.1.0
69499,2011-2012,1.8.0
69500,2011-2012,2.0.0
69502,2011-2012,1.8.0
69503,2011-2012,2.4.0
69504,2011-2012,1.7.0
69505,2011-2012,1.8.0
69506,2011-2012,2.5.0
69507,2011-2012,2.4.0
69508,2011-2012,2.0.0
69509,2011-2012,1.9.0
69511,2011-2012,1.7.0
69513,2011-2012,2.2.0
69514,2011-2012,2.4.0
69515,2011-2012,2.4.0
69516,2011-2012,2.1.0
69520,2011-2012,2.5.0
69521,2011-2012,1.5.0
69524,2011-2012,1.5.0
69527,2011-2012,2.0.0
69528,2011-2012,1.5.0
69529,2011-2012,2.4.0
69531,2011-2012,2.4.0
69533,2011-2012,2.4.0
69534,2011-2012,2.4.0
69535,2011-2012,2.2.0
69536,2011-2012,2.5.0
69537,2011-2012,2.4.0
69538,2011-2012,2.4.0
69539,2011-2012,2.4.0
69540,2011-2012,1.8.0
69542,2011-2012,1.9.0
69545,2011-2012,1.5.0
69546,2011-2012,1.7.0
69547,2011-2012,2.4.0
69548,2011-2012,2.4.0
69549,2011-2012,1.9.0
69550,2011-2012,1.5.0
69551,2011-2012,1.5.0
69552,2011-2012,1.5.0
69553,2011-2012,2.4.0
69554,2011-2012,1.7.0
69555,2011-2012,2.5.0
69558,2011-2012,2.5.0
69559,2011-2012,1.9.0
69560,2011-2012,1.7.0
69561,2011-2012,1.5.0
69562,2011-2012,2.4.0
69564,2011-2012,2.4.0
69565,2011-2012,2.4.0
69566,2011-2012,2.5.0
69567,2011-2012,2.4.0
69571,2011-2012,2.4.0
69572,2011-2012,2.4.0
69574,2011-2012,2.4.0
69575,2011-2012,2.5.0
69577,2011-2012,2.5.0
69580,2011-2012,1.7.0
69581,2011-2012,1.9.0
69587,2011-2012,2.3.0
69588,2011-2012,2.4.0
69590,2011-2012,1.9.0
69591,2011-2012,2.2.0
69594,2011-2012,1.8.0
69596,2011-2012,2.4.0
69598,2011-2012,2.5.0
69599,2011-2012,2.2.0
69600,2011-2012,2.4.0
69601,2011-2012,1.9.0
69603,2011-2012,1.9.0
69605,2011-2012,2.5.0
69606,2011-2012,2.5.0
69607,2011-2012,2.0.0
69608,2011-2012,2.2.0
69611,2011-2012,1.7.0
69612,2011-2012,2.5.0
69613,2011-2012,2.4.0
69615,2011-2012,1.8.0
69616,2011-2012,2.4.0
69617,2011-2012,2.4.0
69618,2011-2012,2.5.0
69619,2011-2012,2.4.0
69620,2011-2012,1.9.0
69621,2011-2012,1.8.0
69622,2011-2012,2.5.0
69625,2011-2012,2.2.0
69626,2011-2012,1.5.0
69627,2011-2012,1.7.0
69628,2011-2012,2.3.0
69629,2011-2012,1.5.0
69630,2011-2012,2.3.0
69631,2011-2012,2.5.0
69632,2011-2012,1.9.0
69633,2011-2012,2.4.0
69634,2011-2012,2.2.0
69635,2011-2012,2.5.0
69637,2011-2012,2.4.0
69640,2011-2012,1.9.0
69642,2011-2012,1.5.0
69644,2011-2012,2.2.0
69645,2011-2012,1.5.0
69646,2011-2012,2.4.0
69647,2011-2012,1.7.0
69649,2011-2012,1.5.0
69650,2011-2012,2.4.0
69651,2011-2012,2.5.0
69652,2011-2012,2.2.0
69653,2011-2012,2.4.0
69654,2011-2012,1.5.0
69655,2011-2012,2.4.0
69656,2011-2012,1.9.0
69658,2011-2012,2.5.0
69659,2011-2012,2.0.0
69662,2011-2012,1.9.0
69665,2011-2012,2.4.0
69666,2011-2012,1.9.0
69667,2011-2012,1.8.0
69668,2011-2012,2.5.0
69669,2011-2012,2.4.0
69671,2011-2012,2.4.0
69674,2011-2012,2.2.0
69675,2011-2012,2.5.0
69677,2011-2012,1.5.0
69679,2011-2012,1.9.0
69680,2011-2012,1.9.0
69683,2011-2012,1.9.0
69684,2011-2012,2.5.0
69685,2011-2012,1.5.0
69687,2011-2012,2.4.0
69688,2011-2012,2.2.0
69689,2011-2012,2.4.0
69691,2011-2012,2.5.0
69692,2011-2012,1.9.0
69693,2011-2012,2.4.0
69694,2011-2012,2.4.0
69695,2011-2012,1.9.0
69696,2011-2012,1.9.0
69698,2011-2012,2.4.0
69700,2011-2012,2.4.0
69701,2011-2012,1.9.0
69702,2011-2012,2.2.0
69704,2011-2012,2.4.0
69706,2011-2012,2.4.0
69708,2011-2012,2.2.0
69709,2011-2012,2.4.0
69710,2011-2012,2.4.0
69712,2011-2012,1.8.0
69713,2011-2012,2.2.0
69714,2011-2012,1.8.0
69715,2011-2012,1.8.0
69716,2011-2012,2.5.0
69718,2011-2012,1.5.0
69721,2011-2012,2.4.0
69722,2011-2012,2.4.0
69723,2011-2012,2.0.0
69724,2011-2012,2.4.0
69728,2011-2012,2.2.0
69730,2011-2012,2.5.0
69735,2011-2012,2.5.0
69736,2011-2012,1.8.0
69737,2011-2012,2.3.0
69738,2011-2012,2.5.0
69739,2011-2012,1.9.0
69740,2011-2012,2.4.0
69741,2011-2012,2.3.0
69743,2011-2012,2.4.0
69745,2011-2012,2.2.0
69746,2011-2012,2.5.0
69747,2011-2012,2.4.0
69748,2011-2012,2.0.0
69750,2011-2012,2.0.0
69752,2011-2012,2.5.0
69753,2011-2012,1.5.0
69754,2011-2012,2.4.0
69755,2011-2012,1.8.0
69757,2011-2012,2.4.0
69759,2011-2012,2.0.0
69761,2011-2012,1.8.0
69762,2011-2012,2.3.0
69763,2011-2012,2.4.0
69764,2011-2012,1.5.0
69765,2011-2012,2.4.0
69767,2011-2012,2.2.0
69768,2011-2012,2.4.0
69770,2011-2012,2.4.0
69773,2011-2012,2.5.0
69774,2011-2012,2.4.0
69776,2011-2012,1.9.0
69777,2011-2012,1.8.0
69778,2011-2012,2.0.0
69780,2011-2012,2.4.0
69783,2011-2012,1.5.0
69784,2011-2012,1.5.0
69785,2011-2012,2.4.0
69787,2011-2012,2.5.0
69788,2011-2012,2.3.0
69789,2011-2012,1.5.0
69790,2011-2012,2.2.0
69793,2011-2012,2.4.0
69794,2011-2012,2.5.0
69797,2011-2012,2.0.0
69798,2011-2012,1.8.0
69799,2011-2012,2.5.0
69800,2011-2012,2.4.0
69802,2011-2012,2.5.0
69803,2011-2012,2.4.0
69804,2011-2012,2.3.0
69807,2011-2012,2.4.0
69810,2011-2012,2.5.0
69811,2011-2012,1.5.0
69812,2011-2012,1.8.0
69814,2011-2012,2.0.0
69815,2011-2012,1.8.0
69816,2011-2012,2.2.0
69817,2011-2012,2.4.0
69818,2011-2012,2.4.0
69819,2011-2012,1.8.0
69820,2011-2012,1.5.0
69821,2011-2012,1.5.0
69822,2011-2012,2.2.0
69823,2011-2012,2.4.0
69824,2011-2012,2.1.0
69825,2011-2012,2.5.0
69828,2011-2012,2.4.0
69831,2011-2012,2.2.0
69832,2011-2012,2.5.0
69833,2011-2012,2.2.0
69835,2011-2012,2.5.0
69838,2011-2012,1.9.0
69839,2011-2012,2.3.0
69840,2011-2012,2.5.0
69841,2011-2012,1.9.0
69842,2011-2012,1.9.0
69843,2011-2012,2.4.0
69844,2011-2012,1.5.0
69845,2011-2012,1.8.0
69846,2011-2012,2.4.0
69847,2011-2012,2.4.0
69848,2011-2012,2.0.0
69849,2011-2012,2.1.0
69850,2011-2012,1.9.0
69851,2011-2012,2.2.0
69852,2011-2012,1.8.0
69853,2011-2012,2.2.0
69854,2011-2012,1.9.0
69858,2011-2012,2.0.0
69860,2011-2012,1.5.0
69861,2011-2012,1.9.0
69862,2011-2012,2.4.0
69863,2011-2012,2.4.0
69864,2011-2012,2.5.0
69866,2011-2012,2.3.0
69867,2011-2012,1.9.0
69868,2011-2012,1.5.0
69869,2011-2012,1.8.0
69870,2011-2012,2.2.0
69872,2011-2012,1.8.0
69873,2011-2012,1.9.0
69875,2011-2012,2.3.0
69876,2011-2012,1.9.0
69877,2011-2012,2.2.0
69878,2011-2012,2.5.0
69879,2011-2012,2.4.0
69880,2011-2012,1.7.0
69882,2011-2012,1.5.0
69883,2011-2012,2.5.0
69884,2011-2012,2.4.0
69885,2011-2012,2.4.0
69887,2011-2012,1.9.0
69888,2011-2012,2.3.0
69889,2011-2012,2.4.0
69891,2011-2012,1.9.0
69892,2011-2012,2.5.0
69893,2011-2012,2.4.0
69896,2011-2012,2.4.0
69898,2011-2012,1.8.0
69899,2011-2012,1.7.0
69900,2011-2012,1.5.0
69901,2011-2012,2.2.0
69902,2011-2012,2.5.0
69904,2011-2012,1.9.0
69905,2011-2012,2.2.0
69907,2011-2012,1.9.0
69909,2011-2012,2.3.0
69911,2011-2012,2.4.0
69914,2011-2012,2.4.0
69915,2011-2012,2.4.0
69916,2011-2012,2.4.0
69917,2011-2012,2.4.0
69918,2011-2012,2.4.0
69919,2011-2012,2.0.0
69920,2011-2012,2.5.0
69921,2011-2012,1.9.0
69922,2011-2012,2.0.0
69923,2011-2012,2.4.0
69924,2011-2012,2.5.0
69925,2011-2012,1.9.0
69926,2011-2012,2.4.0
69928,2011-2012,2.5.0
69929,2011-2012,2.4.0
69930,2011-2012,2.4.0
69931,2011-2012,1.9.0
69932,2011-2012,2.2.0
69933,2011-2012,2.4.0
69934,2011-2012,2.3.0
69935,2011-2012,2.4.0
69936,2011-2012,1.8.0
69937,2011-2012,2.4.0
69938,2011-2012,1.5.0
69940,2011-2012,2.5.0
69941,2011-2012,1.9.0
69943,2011-2012,2.4.0
69944,2011-2012,2.4.0
69946,2011-2012,2.0.0
69947,2011-2012,2.4.0
69948,2011-2012,2.4.0
69949,2011-2012,2.1.0
69950,2011-2012,2.5.0
69953,2011-2012,2.4.0
69955,2011-2012,2.0.0
69957,2011-2012,2.5.0
69958,2011-2012,2.5.0
69959,2011-2012,2.4.0
69962,2011-2012,1.7.0
69963,2011-2012,1.5.0
69964,2011-2012,2.4.0
69965,2011-2012,2.4.0
69967,2011-2012,2.4.0
69968,2011-2012,1.8.0
69969,2011-2012,1.5.0
69970,2011-2012,2.4.0
69972,2011-2012,2.0.0
69973,2011-2012,2.4.0
69975,2011-2012,1.9.0
69976,2011-2012,2.4.0
69977,2011-2012,1.9.0
69978,2011-2012,1.8.0
69979,2011-2012,1.5.0
69981,2011-2012,1.5.0
69982,2011-2012,2.0.0
69983,2011-2012,2.3.0
69984,2011-2012,2.3.0
69985,2011-2012,1.9.0
69988,2011-2012,2.2.0
69989,2011-2012,1.9.0
69990,2011-2012,1.9.0
69991,2011-2012,1.9.0
69992,2011-2012,2.4.0
69993,2011-2012,1.9.0
69994,2011-2012,1.5.0
69996,2011-2012,1.5.0
69997,2011-2012,2.4.0
69999,2011-2012,2.5.0
70000,2011-2012,2.4.0
70002,2011-2012,2.4.0
70004,2011-2012,2.5.0
70006,2011-2012,2.5.0
70008,2011-2012,1.9.0
70010,2011-2012,2.4.0
70011,2011-2012,1.7.0
70013,2011-2012,2.4.0
70014,2011-2012,1.8.0
70015,2011-2012,2.5.0
70017,2011-2012,1.9.0
70018,2011-2012,2.2.0
70020,2011-2012,1.8.0
70021,2011-2012,2.4.0
70023,2011-2012,2.4.0
70024,2011-2012,2.4.0
70025,2011-2012,1.9.0
70026,2011-2012,1.5.0
70027,2011-2012,2.2.0
70031,2011-2012,2.0.0
70033,2011-2012,1.9.0
70035,2011-2012,1.7.0
70036,2011-2012,2.4.0
70039,2011-2012,2.5.0
70043,2011-2012,2.0.0
70045,2011-2012,1.7.0
70046,2011-2012,2.5.0
70047,2011-2012,1.5.0
70048,2011-2012,1.9.0
70049,2011-2012,1.7.0
70050,2011-2012,2.5.0
70051,2011-2012,2.3.0
70052,2011-2012,1.8.0
70053,2011-2012,2.4.0
70054,2011-2012,2.3.0
70055,2011-2012,2.5.0
70057,2011-2012,1.7.0
70058,2011-2012,2.2.0
70059,2011-2012,2.5.0
70061,2011-2012,1.5.0
70062,2011-2012,1.8.0
70063,2011-2012,1.7.0
70065,2011-2012,2.4.0
70066,2011-2012,1.9.0
70068,2011-2012,1.9.0
70069,2011-2012,2.4.0
70072,2011-2012,1.5.0
70073,2011-2012,2.5.0
70074,2011-2012,2.5.0
70075,2011-2012,2.4.0
70076,2011-2012,1.9.0
70077,2011-2012,2.5.0
70080,2011-2012,2.2.0
70081,2011-2012,2.4.0
70082,2011-2012,2.3.0
70084,2011-2012,1.5.0
70085,2011-2012,1.8.0
70086,2011-2012,2.4.0
70087,2011-2012,1.5.0
70088,2011-2012,1.7.0
70090,2011-2012,2.4.0
70092,2011-2012,1.8.0
70093,2011-2012,1.7.0
70094,2011-2012,1.9.0
70095,2011-2012,2.2.0
70096,2011-2012,2.2.0
70097,2011-2012,2.4.0
70099,2011-2012,2.4.0
70100,2011-2012,1.7.0
70101,2011-2012,1.8.0
70103,2011-2012,2.3.0
70104,2011-2012,2.2.0
70105,2011-2012,2.3.0
70106,2011-2012,2.5.0
70108,2011-2012,2.5.0
70109,2011-2012,2.4.0
70111,2011-2012,2.4.0
70112,2011-2012,1.9.0
70115,2011-2012,2.2.0
70117,2011-2012,2.2.0
70119,2011-2012,1.5.0
70120,2011-2012,1.9.0
70121,2011-2012,2.4.0
70122,2011-2012,1.8.0
70123,2011-2012,2.4.0
70125,2011-2012,1.8.0
70127,2011-2012,1.8.0
70130,2011-2012,1.5.0
70131,2011-2012,2.4.0
70132,2011-2012,2.3.0
70133,2011-2012,1.9.0
70134,2011-2012,2.5.0
70137,2011-2012,1.9.0
70138,2011-2012,1.9.0
70139,2011-2012,2.5.0
70142,2011-2012,2.3.0
70143,2011-2012,1.9.0
70144,2011-2012,2.2.0
70145,2011-2012,2.5.0
70146,2011-2012,2.4.0
70147,2011-2012,2.3.0
70148,2011-2012,1.9.0
70149,2011-2012,2.4.0
70150,2011-2012,2.4.0
70151,2011-2012,2.3.0
70152,2011-2012,1.8.0
70155,2011-2012,1.5.0
70156,2011-2012,2.4.0
70158,2011-2012,1.8.0
70159,2011-2012,2.4.0
70160,2011-2012,1.9.0
70161,2011-2012,1.7.0
70163,2011-2012,2.4.0
70164,2011-2012,1.5.0
70165,2011-2012,2.4.0
70167,2011-2012,1.8.0
70168,2011-2012,1.9.0
70169,2011-2012,2.0.0
70170,2011-2012,1.8.0
70171,2011-2012,2.5.0
70175,2011-2012,2.4.0
70176,2011-2012,2.4.0
70177,2011-2012,2.2.0
70181,2011-2012,2.0.0
70183,2011-2012,1.8.0
70184,2011-2012,2.3.0
70186,2011-2012,2.0.0
70187,2011-2012,1.8.0
70190,2011-2012,1.5.0
70191,2011-2012,1.8.0
70192,2011-2012,2.2.0
70193,2011-2012,2.4.0
70194,2011-2012,2.3.0
70195,2011-2012,2.3.0
70196,2011-2012,1.7.0
70198,2011-2012,2.4.0
70199,2011-2012,1.8.0
70200,2011-2012,2.4.0
70202,2011-2012,2.3.0
70203,2011-2012,1.9.0
70204,2011-2012,1.5.0
70205,2011-2012,1.8.0
70206,2011-2012,1.9.0
70207,2011-2012,2.5.0
70209,2011-2012,2.4.0
70210,2011-2012,2.0.0
70211,2011-2012,2.5.0
70212,2011-2012,2.5.0
70213,2011-2012,2.5.0
70214,2011-2012,1.5.0
70217,2011-2012,2.5.0
70219,2011-2012,2.0.0
70220,2011-2012,1.8.0
70221,2011-2012,2.4.0
70223,2011-2012,2.4.0
70224,2011-2012,1.8.0
70225,2011-2012,1.5.0
70226,2011-2012,2.4.0
70228,2011-2012,1.8.0
70229,2011-2012,1.7.0
70230,2011-2012,1.5.0
70231,2011-2012,1.7.0
70232,2011-2012,2.4.0
70233,2011-2012,2.4.0
70234,2011-2012,1.9.0
70235,2011-2012,1.9.0
70236,2011-2012,2.4.0
70237,2011-2012,1.9.0
70238,2011-2012,2.3.0
70239,2011-2012,2.4.0
70241,2011-2012,2.4.0
70244,2011-2012,1.9.0
70246,2011-2012,1.9.0
70247,2011-2012,2.2.0
70248,2011-2012,2.5.0
70249,2011-2012,2.2.0
70252,2011-2012,2.4.0
70254,2011-2012,2.5.0
70255,2011-2012,2.5.0
70256,2011-2012,2.4.0
70258,2011-2012,2.4.0
70261,2011-2012,2.4.0
70262,2011-2012,2.5.0
70263,2011-2012,2.4.0
70264,2011-2012,2.2.0
70265,2011-2012,1.5.0
70266,2011-2012,1.7.0
70267,2011-2012,1.9.0
70268,2011-2012,1.8.0
70273,2011-2012,1.5.0
70274,2011-2012,1.5.0
70275,2011-2012,1.7.0
70276,2011-2012,2.4.0
70279,2011-2012,1.9.0
70280,2011-2012,2.3.0
70281,2011-2012,2.5.0
70282,2011-2012,1.9.0
70283,2011-2012,2.4.0
70285,2011-2012,2.4.0
70286,2011-2012,2.4.0
70288,2011-2012,2.4.0
70289,2011-2012,2.0.0
70290,2011-2012,2.3.0
70291,2011-2012,2.5.0
70292,2011-2012,2.4.0
70293,2011-2012,2.4.0
70294,2011-2012,2.4.0
70295,2011-2012,2.4.0
70297,2011-2012,2.4.0
70298,2011-2012,1.9.0
70300,2011-2012,1.9.0
70301,2011-2012,2.5.0
70302,2011-2012,2.4.0
70304,2011-2012,2.2.0
70306,2011-2012,2.3.0
70307,2011-2012,2.2.0
70311,2011-2012,2.5.0
70312,2011-2012,1.9.0
70313,2011-2012,1.5.0
70317,2011-2012,2.2.0
70318,2011-2012,1.9.0
70319,2011-2012,2.2.0
70321,2011-2012,1.9.0
70322,2011-2012,1.9.0
70323,2011-2012,1.9.0
70324,2011-2012,2.4.0
70325,2011-2012,2.4.0
70326,2011-2012,1.9.0
70327,2011-2012,2.4.0
70328,2011-2012,1.7.0
70329,2011-2012,1.9.0
70330,2011-2012,2.2.0
70331,2011-2012,2.3.0
70332,2011-2012,1.9.0
70333,2011-2012,2.4.0
70334,2011-2012,2.4.0
70335,2011-2012,1.8.0
70336,2011-2012,1.5.0
70337,2011-2012,2.4.0
70338,2011-2012,1.8.0
70339,2011-2012,2.4.0
70341,2011-2012,2.3.0
70342,2011-2012,2.2.0
70343,2011-2012,1.5.0
70346,2011-2012,1.5.0
70347,2011-2012,2.2.0
70348,2011-2012,2.5.0
70350,2011-2012,2.3.0
70351,2011-2012,2.4.0
70352,2011-2012,2.5.0
70353,2011-2012,2.2.0
70354,2011-2012,2.4.0
70355,2011-2012,1.8.0
70356,2011-2012,2.4.0
70357,2011-2012,1.9.0
70358,2011-2012,1.9.0
70359,2011-2012,2.5.0
70360,2011-2012,1.9.0
70361,2011-2012,2.5.0
70362,2011-2012,2.5.0
70363,2011-2012,2.2.0
70365,2011-2012,2.4.0
70366,2011-2012,2.0.0
70367,2011-2012,2.4.0
70370,2011-2012,2.4.0
70372,2011-2012,2.2.0
70375,2011-2012,2.4.0
70376,2011-2012,2.3.0
70378,2011-2012,1.7.0
70380,2011-2012,2.1.0
70381,2011-2012,2.0.0
70384,2011-2012,1.8.0
70385,2011-2012,2.4.0
70386,2011-2012,1.5.0
70387,2011-2012,1.7.0
70388,2011-2012,2.0.0
70390,2011-2012,2.3.0
70391,2011-2012,1.8.0
70393,2011-2012,2.5.0
70394,2011-2012,2.3.0
70396,2011-2012,2.2.0
70397,2011-2012,1.7.0
70398,2011-2012,1.9.0
70399,2011-2012,2.4.0
70400,2011-2012,2.5.0
70401,2011-2012,2.2.0
70402,2011-2012,2.5.0
70404,2011-2012,2.4.0
70405,2011-2012,1.8.0
70408,2011-2012,1.7.0
70409,2011-2012,2.5.0
70410,2011-2012,2.3.0
70411,2011-2012,2.3.0
70412,2011-2012,2.0.0
70415,2011-2012,2.4.0
70416,2011-2012,2.5.0
70420,2011-2012,2.4.0
70421,2011-2012,1.9.0
70422,2011-2012,2.4.0
70423,2011-2012,2.5.0
70424,2011-2012,2.4.0
70425,2011-2012,2.4.0
70426,2011-2012,2.3.0
70427,2011-2012,2.2.0
70429,2011-2012,2.3.0
70430,2011-2012,2.5.0
70433,2011-2012,1.5.0
70436,2011-2012,2.3.0
70437,2011-2012,2.5.0
70438,2011-2012,2.5.0
70439,2011-2012,2.3.0
70440,2011-2012,2.4.0
70442,2011-2012,2.5.0
70443,2011-2012,2.4.0
70444,2011-2012,1.7.0
70445,2011-2012,2.4.0
70447,2011-2012,1.5.0
70448,2011-2012,2.2.0
70449,2011-2012,1.5.0
70451,2011-2012,1.5.0
70452,2011-2012,1.9.0
70458,2011-2012,1.5.0
70462,2011-2012,1.9.0
70463,2011-2012,2.0.0
70464,2011-2012,1.9.0
70466,2011-2012,2.4.0
70467,2011-2012,1.9.0
70471,2011-2012,2.5.0
70473,2011-2012,1.5.0
70474,2011-2012,1.9.0
70476,2011-2012,1.9.0
70477,2011-2012,2.4.0
70479,2011-2012,2.2.0
70480,2011-2012,2.4.0
70482,2011-2012,2.2.0
70483,2011-2012,2.4.0
70484,2011-2012,1.9.0
70485,2011-2012,2.4.0
70486,2011-2012,2.0.0
70488,2011-2012,2.5.0
70489,2011-2012,2.4.0
70493,2011-2012,2.5.0
70494,2011-2012,1.5.0
70495,2011-2012,2.4.0
70498,2011-2012,1.8.0
70499,2011-2012,1.9.0
70500,2011-2012,2.4.0
70501,2011-2012,2.4.0
70503,2011-2012,1.8.0
70504,2011-2012,2.4.0
70505,2011-2012,1.9.0
70506,2011-2012,2.5.0
70507,2011-2012,2.4.0
70509,2011-2012,1.7.0
70511,2011-2012,2.2.0
70512,2011-2012,1.8.0
70514,2011-2012,2.5.0
70516,2011-2012,1.9.0
70517,2011-2012,2.5.0
70520,2011-2012,1.7.0
70521,2011-2012,1.9.0
70522,2011-2012,2.4.0
70523,2011-2012,2.0.0
70525,2011-2012,1.7.0
70526,2011-2012,2.2.0
70527,2011-2012,2.3.0
70529,2011-2012,2.4.0
70531,2011-2012,1.8.0
70532,2011-2012,2.3.0
70533,2011-2012,1.8.0
70535,2011-2012,2.3.0
70536,2011-2012,2.5.0
70538,2011-2012,2.3.0
70540,2011-2012,2.3.0
70541,2011-2012,2.4.0
70542,2011-2012,2.4.0
70543,2011-2012,1.5.0
70544,2011-2012,1.9.0
70545,2011-2012,2.3.0
70547,2011-2012,2.4.0
70550,2011-2012,2.4.0
70551,2011-2012,2.5.0
70554,2011-2012,2.4.0
70555,2011-2012,1.8.0
70558,2011-2012,2.4.0
70561,2011-2012,2.0.0
70562,2011-2012,2.3.0
70564,2011-2012,2.5.0
70565,2011-2012,2.4.0
70566,2011-2012,2.5.0
70568,2011-2012,2.4.0
70573,2011-2012,2.3.0
70574,2011-2012,1.5.0
70575,2011-2012,2.4.0
70578,2011-2012,1.9.0
70580,2011-2012,2.4.0
70581,2011-2012,1.8.0
70582,2011-2012,1.5.0
70583,2011-2012,1.7.0
70584,2011-2012,2.4.0
70589,2011-2012,2.4.0
70590,2011-2012,2.4.0
70593,2011-2012,2.1.0
70596,2011-2012,1.9.0
70597,2011-2012,2.0.0
70598,2011-2012,2.2.0
70599,2011-2012,1.8.0
70600,2011-2012,2.5.0
70602,2011-2012,2.0.0
70603,2011-2012,2.2.0
70604,2011-2012,2.2.0
70605,2011-2012,2.4.0
70606,2011-2012,2.5.0
70607,2011-2012,2.4.0
70611,2011-2012,1.9.0
70613,2011-2012,2.4.0
70615,2011-2012,2.4.0
70616,2011-2012,2.4.0
70617,2011-2012,1.9.0
70618,2011-2012,1.5.0
70620,2011-2012,2.0.0
70621,2011-2012,2.2.0
70622,2011-2012,2.2.0
70623,2011-2012,1.9.0
70624,2011-2012,1.5.0
70626,2011-2012,1.9.0
70627,2011-2012,1.8.0
70628,2011-2012,2.4.0
70629,2011-2012,2.2.0
70630,2011-2012,1.8.0
70633,2011-2012,1.5.0
70634,2011-2012,1.5.0
70635,2011-2012,2.4.0
70636,2011-2012,1.8.0
70637,2011-2012,2.4.0
70638,2011-2012,1.9.0
70640,2011-2012,2.4.0
70642,2011-2012,2.4.0
70643,2011-2012,2.2.0
70644,2011-2012,2.5.0
70645,2011-2012,2.4.0
70646,2011-2012,2.4.0
70647,2011-2012,2.2.0
70648,2011-2012,1.7.0
70649,2011-2012,1.5.0
70652,2011-2012,2.1.0
70654,2011-2012,1.9.0
70655,2011-2012,1.9.0
70658,2011-2012,2.3.0
70661,2011-2012,1.8.0
70662,2011-2012,2.0.0
70664,2011-2012,2.0.0
70665,2011-2012,2.4.0
70668,2011-2012,2.3.0
70670,2011-2012,2.4.0
70674,2011-2012,1.9.0
70675,2011-2012,2.3.0
70676,2011-2012,2.0.0
70678,2011-2012,2.5.0
70681,2011-2012,2.2.0
70682,2011-2012,2.5.0
70684,2011-2012,2.4.0
70686,2011-2012,2.5.0
70687,2011-2012,2.4.0
70688,2011-2012,1.7.0
70689,2011-2012,2.4.0
70691,2011-2012,1.8.0
70694,2011-2012,1.8.0
70695,2011-2012,2.4.0
70696,2011-2012,2.5.0
70697,2011-2012,2.5.0
70703,2011-2012,2.0.0
70704,2011-2012,2.2.0
70706,2011-2012,2.2.0
70707,2011-2012,1.9.0
70708,2011-2012,2.5.0
70709,2011-2012,2.5.0
70710,2011-2012,2.5.0
70711,2011-2012,2.4.0
70713,2011-2012,2.4.0
70715,2011-2012,1.9.0
70716,2011-2012,2.3.0
70717,2011-2012,1.5.0
70718,2011-2012,2.4.0
70720,2011-2012,2.4.0
70721,2011-2012,2.5.0
70723,2011-2012,2.3.0
70725,2011-2012,2.5.0
70727,2011-2012,2.4.0
70728,2011-2012,2.4.0
70729,2011-2012,2.5.0
70730,2011-2012,2.3.0
70731,2011-2012,2.3.0
70732,2011-2012,2.4.0
70733,2011-2012,2.5.0
70735,2011-2012,1.5.0
70736,2011-2012,1.8.0
70737,2011-2012,2.5.0
70738,2011-2012,1.7.0
70739,2011-2012,2.5.0
70740,2011-2012,2.4.0
70742,2011-2012,2.2.0
70743,2011-2012,2.4.0
70745,2011-2012,1.5.0
70747,2011-2012,2.4.0
70748,2011-2012,1.9.0
70750,2011-2012,2.2.0
70751,2011-2012,2.5.0
70753,2011-2012,2.4.0
70754,2011-2012,2.4.0
70755,2011-2012,2.3.0
70756,2011-2012,1.7.0
70757,2011-2012,2.4.0
70758,2011-2012,1.7.0
70759,2011-2012,2.5.0
70760,2011-2012,2.2.0
70761,2011-2012,2.2.0
70762,2011-2012,1.9.0
70763,2011-2012,2.4.0
70765,2011-2012,2.0.0
70766,2011-2012,1.9.0
70767,2011-2012,2.4.0
70768,2011-2012,2.4.0
70769,2011-2012,2.2.0
70770,2011-2012,2.4.0
70771,2011-2012,1.9.0
70772,2011-2012,2.4.0
70773,2011-2012,2.5.0
70774,2011-2012,1.9.0
70775,2011-2012,2.4.0
70779,2011-2012,2.4.0
70780,2011-2012,2.4.0
70781,2011-2012,2.2.0
70782,2011-2012,2.4.0
70783,2011-2012,2.3.0
70784,2011-2012,1.8.0
70785,2011-2012,2.2.0
70786,2011-2012,2.4.0
70787,2011-2012,1.9.0
70788,2011-2012,2.2.0
70790,2011-2012,1.9.0
70791,2011-2012,2.4.0
70792,2011-2012,2.5.0
70793,2011-2012,1.9.0
70795,2011-2012,1.5.0
70796,2011-2012,1.7.0
70797,2011-2012,2.2.0
70798,2011-2012,2.5.0
70801,2011-2012,2.4.0
70803,2011-2012,2.2.0
70804,2011-2012,2.4.0
70805,2011-2012,2.4.0
70806,2011-2012,1.9.0
70807,2011-2012,1.7.0
70808,2011-2012,2.4.0
70811,2011-2012,2.3.0
70812,2011-2012,2.4.0
70813,2011-2012,2.5.0
70814,2011-2012,2.4.0
70816,2011-2012,1.5.0
70817,2011-2012,1.9.0
70820,2011-2012,2.4.0
70821,2011-2012,1.5.0
70823,2011-2012,2.4.0
70824,2011-2012,2.3.0
70825,2011-2012,1.8.0
70826,2011-2012,2.3.0
70827,2011-2012,2.5.0
70828,2011-2012,1.9.0
70829,2011-2012,1.8.0
70831,2011-2012,2.3.0
70832,2011-2012,1.9.0
70833,2011-2012,2.5.0
70834,2011-2012,1.8.0
70835,2011-2012,2.5.0
70837,2011-2012,1.7.0
70838,2011-2012,1.8.0
70839,2011-2012,2.4.0
70840,2011-2012,2.5.0
70841,2011-2012,1.9.0
70842,2011-2012,2.2.0
70844,2011-2012,2.4.0
70845,2011-2012,1.9.0
70847,2011-2012,2.5.0
70848,2011-2012,2.4.0
70849,2011-2012,1.5.0
70850,2011-2012,2.4.0
70851,2011-2012,2.3.0
70852,2011-2012,1.5.0
70853,2011-2012,1.5.0
70855,2011-2012,1.7.0
70857,2011-2012,2.4.0
70858,2011-2012,1.8.0
70860,2011-2012,2.4.0
70861,2011-2012,2.4.0
70865,2011-2012,2.0.0
70866,2011-2012,2.4.0
70867,2011-2012,1.9.0
70868,2011-2012,2.0.0
70869,2011-2012,1.8.0
70870,2011-2012,1.9.0
70873,2011-2012,1.5.0
70874,2011-2012,2.4.0
70875,2011-2012,2.4.0
70877,2011-2012,2.5.0
70878,2011-2012,1.9.0
70879,2011-2012,2.4.0
70881,2011-2012,2.0.0
70883,2011-2012,2.5.0
70884,2011-2012,1.9.0
70885,2011-2012,2.3.0
70886,2011-2012,1.8.0
70887,2011-2012,1.7.0
70889,2011-2012,2.3.0
70890,2011-2012,1.5.0
70892,2011-2012,1.9.0
70893,2011-2012,2.3.0
70895,2011-2012,2.4.0
70896,2011-2012,1.5.0
70897,2011-2012,2.5.0
70898,2011-2012,2.4.0
70899,2011-2012,2.4.0
70900,2011-2012,2.4.0
70902,2011-2012,2.2.0
70903,2011-2012,2.0.0
70904,2011-2012,1.9.0
70906,2011-2012,2.4.0
70908,2011-2012,2.2.0
70910,2011-2012,2.5.0
70911,2011-2012,2.4.0
70912,2011-2012,2.5.0
70913,2011-2012,2.5.0
70914,2011-2012,2.5.0
70916,2011-2012,1.9.0
70918,2011-2012,1.8.0
70919,2011-2012,2.5.0
70920,2011-2012,2.4.0
70921,2011-2012,1.9.0
70923,2011-2012,1.5.0
70925,2011-2012,1.8.0
70927,2011-2012,2.5.0
70928,2011-2012,2.5.0
70929,2011-2012,2.3.0
70930,2011-2012,1.9.0
70931,2011-2012,1.8.0
70932,2011-2012,2.4.0
70933,2011-2012,2.2.0
70935,2011-2012,1.8.0
70936,2011-2012,2.0.0
70937,2011-2012,1.9.0
70938,2011-2012,2.3.0
70939,2011-2012,1.8.0
70940,2011-2012,2.4.0
70942,2011-2012,2.2.0
70943,2011-2012,2.4.0
70945,2011-2012,2.5.0
70948,2011-2012,1.8.0
70949,2011-2012,2.2.0
70950,2011-2012,1.5.0
70951,2011-2012,2.4.0
70954,2011-2012,2.0.0
70955,2011-2012,2.4.0
70956,2011-2012,2.0.0
70957,2011-2012,1.9.0
70959,2011-2012,1.7.0
70960,2011-2012,2.2.0
70961,2011-2012,2.2.0
70962,2011-2012,2.4.0
70963,2011-2012,2.3.0
70964,2011-2012,1.8.0
70966,2011-2012,2.2.0
70967,2011-2012,2.3.0
70969,2011-2012,2.5.0
70970,2011-2012,2.2.0
70971,2011-2012,1.8.0
70972,2011-2012,2.4.0
70973,2011-2012,2.5.0
70974,2011-2012,2.5.0
70975,2011-2012,2.2.0
70976,2011-2012,2.5.0
70978,2011-2012,1.9.0
70979,2011-2012,1.7.0
70980,2011-2012,2.0.0
70981,2011-2012,2.2.0
70982,2011-2012,2.4.0
70983,2011-2012,1.7.0
70984,2011-2012,1.8.0
70987,2011-2012,2.4.0
70989,2011-2012,2.5.0
70990,2011-2012,2.3.0
70991,2011-2012,1.7.0
70994,2011-2012,1.9.0
70995,2011-2012,2.0.0
70996,2011-2012,2.4.0
70997,2011-2012,1.5.0
70998,2011-2012,1.9.0
70999,2011-2012,1.9.0
71001,2011-2012,2.4.0
71002,2011-2012,1.7.0
71003,2011-2012,2.3.0
71004,2011-2012,1.5.0
71005,2011-2012,2.4.0
71008,2011-2012,2.4.0
71011,2011-2012,2.5.0
71012,2011-2012,2.4.0
71014,2011-2012,2.4.0
71017,2011-2012,1.9.0
71019,2011-2012,1.5.0
71020,2011-2012,1.5.0
71021,2011-2012,2.4.0
71022,2011-2012,2.4.0
71023,2011-2012,2.3.0
71024,2011-2012,1.8.0
71026,2011-2012,1.5.0
71029,2011-2012,2.4.0
71030,2011-2012,1.9.0
71032,2011-2012,2.4.0
71034,2011-2012,1.7.0
71035,2011-2012,2.4.0
71036,2011-2012,1.5.0
71038,2011-2012,1.9.0
71039,2011-2012,1.7.0
71040,2011-2012,1.9.0
71041,2011-2012,2.4.0
71042,2011-2012,2.2.0
71043,2011-2012,1.7.0
71045,2011-2012,2.4.0
71046,2011-2012,1.8.0
71047,2011-2012,2.5.0
71048,2011-2012,1.5.0
71049,2011-2012,1.8.0
71052,2011-2012,2.5.0
71053,2011-2012,2.4.0
71054,2011-2012,2.4.0
71058,2011-2012,2.4.0
71059,2011-2012,2.5.0
71060,2011-2012,1.5.0
71061,2011-2012,1.7.0
71062,2011-2012,2.4.0
71064,2011-2012,2.3.0
71065,2011-2012,1.8.0
71066,2011-2012,1.7.0
71068,2011-2012,2.5.0
71069,2011-2012,2.4.0
71070,2011-2012,1.8.0
71072,2011-2012,2.3.0
71073,2011-2012,1.9.0
71076,2011-2012,2.4.0
71077,2011-2012,2.3.0
71078,2011-2012,1.9.0
71079,2011-2012,2.4.0
71082,2011-2012,2.2.0
71083,2011-2012,1.5.0
71084,2011-2012,1.5.0
71088,2011-2012,2.4.0
71089,2011-2012,1.7.0
71090,2011-2012,2.4.0
71091,2011-2012,2.3.0
71092,2011-2012,2.3.0
71093,2011-2012,2.4.0
71094,2011-2012,2.4.0
71095,2011-2012,2.2.0
71096,2011-2012,1.5.0
71097,2011-2012,1.8.0
71098,2011-2012,1.8.0
71099,2011-2012,2.4.0
71100,2011-2012,2.4.0
71101,2011-2012,2.5.0
71102,2011-2012,2.2.0
71103,2011-2012,2.4.0
71104,2011-2012,2.4.0
71105,2011-2012,2.5.0
71108,2011-2012,2.4.0
71111,2011-2012,1.5.0
71112,2011-2012,1.5.0
71113,2011-2012,2.4.0
71114,2011-2012,2.4.0
71115,2011-2012,2.4.0
71116,2011-2012,1.7.0
71117,2011-2012,1.9.0
71118,2011-2012,2.5.0
71119,2011-2012,2.3.0
71120,2011-2012,2.0.0
71122,2011-2012,1.8.0
71123,2011-2012,2.5.0
71125,2011-2012,2.2.0
71127,2011-2012,2.5.0
71128,2011-2012,2.4.0
71129,2011-2012,2.3.0
71130,2011-2012,1.5.0
71131,2011-2012,2.5.0
71133,2011-2012,2.4.0
71135,2011-2012,1.5.0
71136,2011-2012,2.3.0
71137,2011-2012,2.3.0
71139,2011-2012,2.2.0
71140,2011-2012,1.9.0
71143,2011-2012,2.4.0
71144,2011-2012,2.4.0
71145,2011-2012,2.4.0
71149,2011-2012,2.1.0
71150,2011-2012,2.4.0
71151,2011-2012,1.8.0
71152,2011-2012,2.2.0
71153,2011-2012,2.4.0
71154,2011-2012,2.4.0
71155,2011-2012,2.4.0
71156,2011-2012,2.4.0
71157,2011-2012,2.3.0
71158,2011-2012,2.2.0
71159,2011-2012,2.3.0
71162,2011-2012,2.4.0
71163,2011-2012,2.4.0
71164,2011-2012,2.5.0
71166,2011-2012,2.1.0
71167,2011-2012,2.0.0
71169,2011-2012,1.8.0
71171,2011-2012,2.5.0
71172,2011-2012,2.5.0
71174,2011-2012,2.4.0
71175,2011-2012,2.4.0
71176,2011-2012,1.9.0
71180,2011-2012,2.4.0
71183,2011-2012,2.3.0
71184,2011-2012,2.4.0
71185,2011-2012,1.8.0
71189,2011-2012,1.8.0
71190,2011-2012,2.5.0
71191,2011-2012,2.5.0
71193,2011-2012,2.0.0
71194,2011-2012,1.9.0
71195,2011-2012,2.5.0
71196,2011-2012,2.2.0
71197,2011-2012,2.2.0
71198,2011-2012,1.8.0
71199,2011-2012,1.9.0
71200,2011-2012,2.2.0
71201,2011-2012,2.2.0
71202,2011-2012,2.4.0
71203,2011-2012,2.4.0
71204,2011-2012,1.7.0
71205,2011-2012,2.4.0
71206,2011-2012,1.8.0
71208,2011-2012,1.9.0
71211,2011-2012,2.3.0
71212,2011-2012,2.0.0
71213,2011-2012,2.2.0
71214,2011-2012,1.5.0
71215,2011-2012,2.4.0
71216,2011-2012,1.8.0
71217,2011-2012,2.2.0
71218,2011-2012,2.3.0
71219,2011-2012,2.5.0
71222,2011-2012,2.4.0
71223,2011-2012,1.8.0
71224,2011-2012,2.4.0
71227,2011-2012,2.5.0
71229,2011-2012,2.3.0
71231,2011-2012,2.3.0
71232,2011-2012,2.4.0
71233,2011-2012,1.7.0
71234,2011-2012,1.9.0
71235,2011-2012,2.2.0
71237,2011-2012,2.4.0
71238,2011-2012,1.8.0
71240,2011-2012,1.8.0
71243,2011-2012,1.7.0
71244,2011-2012,2.4.0
71245,2011-2012,2.4.0
71246,2011-2012,2.4.0
71247,2011-2012,1.7.0
71249,2011-2012,1.9.0
71250,2011-2012,1.5.0
71252,2011-2012,1.9.0
71254,2011-2012,2.4.0
71256,2011-2012,2.2.0
71257,2011-2012,1.5.0
71258,2011-2012,2.4.0
71259,2011-2012,2.2.0
71262,2011-2012,1.9.0
71263,2011-2012,2.4.0
71265,2011-2012,2.4.0
71266,2011-2012,2.4.0
71271,2011-2012,1.5.0
71272,2011-2012,2.5.0
71273,2011-2012,1.5.0
71274,2011-2012,2.2.0
71275,2011-2012,1.7.0
71278,2011-2012,1.5.0
71279,2011-2012,2.5.0
71280,2011-2012,2.4.0
71282,2011-2012,2.2.0
71284,2011-2012,1.9.0
71285,2011-2012,1.5.0
71286,2011-2012,2.5.0
71288,2011-2012,2.4.0
71290,2011-2012,2.2.0
71291,2011-2012,2.5.0
71292,2011-2012,1.5.0
71294,2011-2012,1.7.0
71296,2011-2012,1.8.0
71297,2011-2012,1.5.0
71298,2011-2012,2.4.0
71301,2011-2012,2.2.0
71302,2011-2012,2.5.0
71305,2011-2012,1.7.0
71306,2011-2012,2.4.0
71308,2011-2012,2.2.0
71309,2011-2012,1.8.0
71310,2011-2012,1.5.0
71311,2011-2012,2.5.0
71312,2011-2012,1.5.0
71313,2011-2012,2.4.0
71314,2011-2012,2.3.0
71315,2011-2012,2.4.0
71316,2011-2012,1.5.0
71321,2011-2012,2.4.0
71322,2011-2012,2.4.0
71323,2011-2012,1.8.0
71326,2011-2012,2.5.0
71328,2011-2012,2.5.0
71329,2011-2012,1.5.0
71332,2011-2012,2.3.0
71333,2011-2012,2.3.0
71334,2011-2012,2.4.0
71336,2011-2012,2.2.0
71337,2011-2012,2.4.0
71338,2011-2012,1.8.0
71339,2011-2012,2.4.0
71340,2011-2012,2.4.0
71341,2011-2012,2.5.0
71342,2011-2012,2.5.0
71344,2011-2012,2.4.0
71346,2011-2012,1.8.0
71347,2011-2012,2.5.0
71348,2011-2012,1.5.0
71350,2011-2012,2.4.0
71351,2011-2012,2.3.0
71352,2011-2012,1.9.0
71353,2011-2012,1.9.0
71354,2011-2012,1.7.0
71355,2011-2012,2.4.0
71356,2011-2012,2.5.0
71357,2011-2012,1.9.0
71359,2011-2012,1.9.0
71360,2011-2012,2.0.0
71361,2011-2012,2.2.0
71362,2011-2012,1.8.0
71363,2011-2012,1.8.0
71364,2011-2012,1.5.0
71365,2011-2012,2.2.0
71366,2011-2012,1.8.0
71367,2011-2012,2.5.0
71368,2011-2012,2.4.0
71370,2011-2012,2.4.0
71371,2011-2012,2.4.0
71374,2011-2012,2.2.0
71375,2011-2012,2.3.0
71379,2011-2012,2.0.0
71381,2011-2012,1.9.0
71384,2011-2012,1.5.0
71385,2011-2012,2.4.0
71390,2011-2012,2.3.0
71391,2011-2012,2.2.0
71393,2011-2012,2.4.0
71397,2011-2012,1.7.0
71398,2011-2012,2.5.0
71399,2011-2012,2.5.0
71401,2011-2012,1.9.0
71403,2011-2012,1.9.0
71404,2011-2012,1.5.0
71405,2011-2012,2.5.0
71406,2011-2012,1.5.0
71407,2011-2012,2.5.0
71408,2011-2012,1.9.0
71409,2011-2012,2.0.0
71410,2011-2012,2.5.0
71412,2011-2012,1.5.0
71413,2011-2012,1.5.0
71415,2011-2012,2.3.0
71416,2011-2012,2.3.0
71417,2011-2012,1.7.0
71418,2011-2012,2.4.0
71419,2011-2012,1.8.0
71422,2011-2012,2.5.0
71423,2011-2012,1.9.0
71424,2011-2012,1.5.0
71425,2011-2012,2.5.0
71427,2011-2012,2.2.0
71428,2011-2012,2.4.0
71429,2011-2012,1.9.0
71430,2011-2012,1.9.0
71432,2011-2012,2.3.0
71433,2011-2012,2.4.0
71434,2011-2012,2.4.0
71436,2011-2012,2.4.0
71438,2011-2012,2.5.0
71440,2011-2012,2.5.0
71441,2011-2012,1.9.0
71443,2011-2012,1.9.0
71448,2011-2012,2.5.0
71450,2011-2012,2.5.0
71451,2011-2012,2.0.0
71452,2011-2012,2.4.0
71453,2011-2012,2.3.0
71455,2011-2012,2.4.0
71456,2011-2012,2.3.0
71457,2011-2012,2.5.0
71459,2011-2012,2.0.0
71460,2011-2012,2.4.0
71461,2011-2012,1.8.0
71462,2011-2012,1.7.0
71465,2011-2012,1.9.0
71467,2011-2012,1.8.0
71468,2011-2012,2.5.0
71469,2011-2012,2.4.0
71470,2011-2012,2.4.0
71471,2011-2012,1.9.0
71473,2011-2012,1.5.0
71474,2011-2012,2.5.0
71475,2011-2012,1.5.0
71476,2011-2012,2.4.0
71478,2011-2012,1.5.0
71479,2011-2012,2.4.0
71481,2011-2012,2.3.0
71482,2011-2012,2.4.0
71483,2011-2012,2.2.0
71486,2011-2012,2.4.0
71488,2011-2012,1.8.0
71489,2011-2012,2.4.0
71490,2011-2012,1.8.0
71491,2011-2012,2.4.0
71492,2011-2012,2.4.0
71493,2011-2012,1.5.0
71495,2011-2012,2.4.0
71496,2011-2012,2.5.0
71497,2011-2012,2.4.0
71499,2011-2012,1.9.0
71500,2011-2012,1.5.0
71502,2011-2012,1.5.0
71503,2011-2012,2.4.0
71504,2011-2012,2.5.0
71505,2011-2012,2.4.0
71509,2011-2012,2.2.0
71511,2011-2012,1.5.0
71512,2011-2012,2.5.0
71513,2011-2012,2.5.0
71515,2011-2012,2.3.0
71517,2011-2012,1.5.0
71518,2011-2012,2.3.0
71519,2011-2012,1.7.0
71521,2011-2012,2.4.0
71522,2011-2012,2.5.0
71524,2011-2012,2.3.0
71525,2011-2012,2.4.0
71526,2011-2012,1.8.0
71527,2011-2012,1.9.0
71529,2011-2012,1.8.0
71532,2011-2012,2.2.0
71533,2011-2012,1.8.0
71534,2011-2012,1.9.0
71535,2011-2012,2.5.0
71536,2011-2012,2.0.0
71537,2011-2012,1.5.0
71540,2011-2012,2.5.0
71541,2011-2012,1.9.0
71542,2011-2012,1.9.0
71543,2011-2012,1.9.0
71544,2011-2012,2.5.0
71545,2011-2012,1.5.0
71546,2011-2012,1.9.0
71548,2011-2012,2.3.0
71549,2011-2012,2.4.0
71552,2011-2012,1.9.0
71554,2011-2012,2.4.0
71555,2011-2012,2.3.0
71557,2011-2012,2.3.0
71558,2011-2012,1.9.0
71559,2011-2012,1.9.0
71560,2011-2012,2.3.0
71561,2011-2012,2.2.0
71564,2011-2012,2.4.0
71566,2011-2012,2.4.0
71567,2011-2012,1.8.0
71568,2011-2012,1.5.0
71571,2011-2012,1.8.0
71572,2011-2012,1.5.0
71573,2011-2012,2.5.0
71574,2011-2012,1.8.0
71575,2011-2012,1.7.0
71577,2011-2012,1.5.0
71578,2011-2012,2.5.0
71581,2011-2012,2.3.0
71582,2011-2012,2.4.0
71583,2011-2012,2.4.0
71584,2011-2012,2.5.0
71585,2011-2012,2.5.0
71586,2011-2012,2.2.0
71587,2011-2012,2.3.0
71588,2011-2012,1.9.0
71591,2011-2012,1.8.0
71592,2011-2012,2.0.0
71593,2011-2012,2.4.0
71595,2011-2012,2.4.0
71596,2011-2012,2.3.0
71597,2011-2012,1.9.0
71598,2011-2012,2.2.0
71602,2011-2012,2.4.0
71603,2011-2012,2.4.0
71604,2011-2012,1.9.0
71605,2011-2012,1.9.0
71606,2011-2012,2.5.0
71607,2011-2012,1.7.0
71608,2011-2012,2.5.0
71610,2011-2012,2.5.0
71611,2011-2012,2.5.0
71613,2011-2012,1.8.0
71615,2011-2012,2.5.0
71620,2011-2012,2.4.0
71621,2011-2012,2.3.0
71622,2011-2012,1.5.0
71624,2011-2012,2.4.0
71625,2011-2012,1.8.0
71626,2011-2012,2.4.0
71627,2011-2012,2.4.0
71629,2011-2012,1.7.0
71631,2011-2012,2.2.0
71632,2011-2012,1.5.0
71634,2011-2012,2.3.0
71635,2011-2012,1.9.0
71636,2011-2012,1.8.0
71637,2011-2012,2.3.0
71638,2011-2012,1.5.0
71639,2011-2012,1.8.0
71640,2011-2012,2.0.0
71641,2011-2012,1.8.0
71643,2011-2012,2.5.0
71644,2011-2012,2.4.0
71645,2011-2012,1.9.0
71647,2011-2012,2.4.0
71648,2011-2012,2.5.0
71649,2011-2012,2.5.0
71650,2011-2012,2.4.0
71651,2011-2012,1.8.0
71653,2011-2012,2.2.0
71654,2011-2012,2.3.0
71655,2011-2012,1.5.0
71656,2011-2012,1.8.0
71657,2011-2012,2.4.0
71658,2011-2012,2.4.0
71659,2011-2012,1.8.0
71660,2011-2012,1.9.0
71662,2011-2012,2.3.0
71663,2011-2012,1.8.0
71665,2011-2012,1.8.0
71666,2011-2012,2.4.0
71667,2011-2012,1.9.0
71668,2011-2012,1.5.0
71670,2011-2012,2.4.0
71671,2011-2012,2.2.0
71672,2011-2012,2.1.0
71673,2011-2012,1.7.0
71674,2011-2012,1.9.0
71675,2011-2012,2.2.0
71676,2011-2012,2.4.0
71678,2011-2012,1.8.0
71681,2011-2012,2.5.0
71682,2011-2012,1.5.0
71685,2011-2012,1.9.0
71686,2011-2012,2.2.0
71687,2011-2012,1.8.0
71688,2011-2012,1.7.0
71689,2011-2012,2.3.0
71691,2011-2012,2.4.0
71692,2011-2012,2.3.0
71697,2011-2012,2.5.0
71698,2011-2012,1.8.0
71699,2011-2012,2.5.0
71701,2011-2012,2.4.0
71702,2011-2012,1.5.0
71704,2011-2012,2.0.0
71706,2011-2012,1.5.0
71707,2011-2012,1.7.0
71708,2011-2012,2.4.0
71709,2011-2012,2.4.0
71710,2011-2012,2.4.0
71712,2011-2012,1.5.0
71713,2011-2012,2.4.0
71714,2011-2012,2.3.0
71715,2011-2012,2.4.0
71716,2011-2012,2.4.0
71717,2011-2012,1.5.0
71718,2011-2012,1.7.0
71719,2011-2012,1.8.0
71721,2011-2012,1.9.0
71722,2011-2012,2.4.0
71724,2011-2012,1.7.0
71725,2011-2012,2.2.0
71728,2011-2012,1.7.0
71729,2011-2012,2.4.0
71730,2011-2012,2.4.0
71732,2011-2012,2.4.0
71733,2011-2012,1.8.0
71735,2011-2012,1.5.0
71736,2011-2012,2.4.0
71737,2011-2012,2.3.0
71739,2011-2012,2.4.0
71740,2011-2012,2.4.0
71741,2011-2012,2.5.0
71745,2011-2012,2.4.0
71746,2011-2012,2.2.0
71747,2011-2012,2.5.0
71748,2011-2012,2.4.0
71750,2011-2012,2.0.0
71752,2011-2012,2.5.0
71753,2011-2012,2.0.0
71755,2011-2012,2.5.0
71756,2011-2012,2.4.0
71757,2011-2012,2.5.0
71758,2011-2012,1.9.0
71759,2011-2012,1.8.0
71760,2011-2012,2.5.0
71762,2011-2012,2.5.0
71763,2011-2012,2.2.0
71764,2011-2012,2.4.0
71765,2011-2012,2.5.0
71767,2011-2012,1.8.0
71768,2011-2012,1.9.0
71769,2011-2012,2.0.0
71770,2011-2012,2.4.0
71772,2011-2012,2.4.0
71773,2011-2012,1.7.0
71775,2011-2012,2.5.0
71777,2011-2012,2.5.0
71778,2011-2012,2.4.0
71780,2011-2012,2.4.0
71781,2011-2012,2.2.0
71784,2011-2012,1.5.0
71786,2011-2012,1.5.0
71787,2011-2012,2.2.0
71788,2011-2012,2.3.0
71789,2011-2012,2.3.0
71790,2011-2012,2.5.0
71791,2011-2012,1.7.0
71792,2011-2012,2.5.0
71793,2011-2012,2.2.0
71795,2011-2012,2.4.0
71796,2011-2012,1.5.0
71797,2011-2012,1.5.0
71798,2011-2012,2.4.0
71800,2011-2012,2.3.0
71803,2011-2012,1.5.0
71806,2011-2012,1.8.0
71807,2011-2012,1.7.0
71808,2011-2012,1.7.0
71810,2011-2012,2.0.0
71811,2011-2012,1.9.0
71813,2011-2012,2.4.0
71817,2011-2012,1.5.0
71818,2011-2012,2.2.0
71819,2011-2012,2.5.0
71820,2011-2012,2.5.0
71821,2011-2012,1.5.0
71822,2011-2012,1.8.0
71824,2011-2012,2.4.0
71825,2011-2012,1.5.0
71827,2011-2012,2.2.0
71828,2011-2012,1.5.0
71829,2011-2012,2.3.0
71830,2011-2012,2.5.0
71831,2011-2012,1.7.0
71832,2011-2012,2.5.0
71833,2011-2012,1.8.0
71835,2011-2012,2.2.0
71836,2011-2012,2.4.0
71837,2011-2012,1.9.0
71838,2011-2012,2.4.0
71839,2011-2012,1.9.0
71840,2011-2012,2.4.0
71841,2011-2012,1.5.0
71842,2011-2012,2.4.0
71844,2011-2012,2.5.0
71845,2011-2012,2.0.0
71846,2011-2012,2.4.0
71847,2011-2012,2.4.0
71848,2011-2012,2.2.0
71849,2011-2012,1.9.0
71850,2011-2012,1.7.0
71851,2011-2012,2.3.0
71855,2011-2012,1.8.0
71856,2011-2012,2.5.0
71857,2011-2012,2.4.0
71858,2011-2012,2.4.0
71860,2011-2012,1.8.0
71861,2011-2012,2.4.0
71862,2011-2012,2.2.0
71863,2011-2012,1.9.0
71864,2011-2012,1.9.0
71866,2011-2012,2.3.0
71867,2011-2012,1.7.0
71868,2011-2012,1.5.0
71869,2011-2012,1.9.0
71870,2011-2012,2.4.0
71871,2011-2012,2.4.0
71872,2011-2012,1.8.0
71873,2011-2012,2.5.0
71874,2011-2012,1.8.0
71875,2011-2012,1.8.0
71876,2011-2012,2.3.0
71877,2011-2012,2.5.0
71878,2011-2012,2.5.0
71879,2011-2012,1.8.0
71880,2011-2012,2.4.0
71881,2011-2012,2.4.0
71882,2011-2012,2.5.0
71883,2011-2012,1.8.0
71884,2011-2012,2.2.0
71885,2011-2012,1.9.0
71886,2011-2012,2.4.0
71887,2011-2012,2.4.0
71888,2011-2012,2.0.0
71891,2011-2012,1.7.0
71894,2011-2012,2.2.0
71895,2011-2012,1.8.0
71897,2011-2012,2.5.0
71898,2011-2012,2.3.0
71901,2011-2012,1.9.0
71902,2011-2012,2.0.0
71903,2011-2012,1.7.0
71904,2011-2012,2.2.0
71908,2011-2012,1.5.0
71909,2011-2012,2.3.0
71911,2011-2012,1.7.0
71913,2011-2012,2.4.0
71914,2011-2012,2.0.0
71915,2011-2012,2.4.0
71916,2011-2012,2.4.0
73557,2013-2014,2.5.0
73558,2013-2014,2.5.0
73559,2013-2014,2.5.0
73560,2013-2014,2.5.0
73561,2013-2014,2.3.0
73562,2013-2014,2.5.0
73564,2013-2014,2.5.0
73566,2013-2014,2.5.0
73567,2013-2014,2.5.0
73568,2013-2014,2.5.0
73570,2013-2014,2.5.0
73571,2013-2014,2.5.0
73572,2013-2014,2.5.0
73573,2013-2014,2.4.0
73574,2013-2014,2.5.0
73576,2013-2014,2.5.0
73579,2013-2014,2.5.0
73580,2013-2014,2.5.0
73581,2013-2014,2.5.0
73583,2013-2014,2.5.0
73584,2013-2014,2.3.0
73585,2013-2014,2.5.0
73586,2013-2014,2.3.0
73587,2013-2014,2.5.0
73588,2013-2014,2.5.0
73589,2013-2014,2.5.0
73591,2013-2014,2.5.0
73592,2013-2014,2.3.0
73594,2013-2014,2.5.0
73595,2013-2014,2.5.0
73596,2013-2014,2.5.0
73597,2013-2014,2.5.0
73598,2013-2014,2.3.0
73599,2013-2014,2.5.0
73600,2013-2014,2.5.0
73601,2013-2014,2.5.0
73602,2013-2014,2.5.0
73603,2013-2014,2.5.0
73604,2013-2014,2.5.0
73605,2013-2014,2.5.0
73606,2013-2014,2.5.0
73607,2013-2014,2.5.0
73608,2013-2014,2.3.0
73609,2013-2014,2.5.0
73610,2013-2014,2.5.0
73612,2013-2014,2.5.0
73613,2013-2014,2.5.0
73614,2013-2014,2.5.0
73615,2013-2014,2.5.0
73616,2013-2014,2.5.0
73617,2013-2014,2.5.0
73618,2013-2014,2.5.0
73619,2013-2014,2.5.0
73620,2013-2014,2.5.0
73621,2013-2014,2.5.0
73622,2013-2014,2.5.0
73623,2013-2014,2.5.0
73624,2013-2014,2.5.0
73626,2013-2014,2.5.0
73628,2013-2014,2.5.0
73629,2013-2014,2.5.0
73630,2013-2014,2.3.0
73631,2013-2014,2.5.0
73632,2013-2014,2.5.0
73633,2013-2014,2.5.0
73635,2013-2014,2.5.0
73638,2013-2014,2.5.0
73639,2013-2014,2.5.0
73640,2013-2014,2.3.0
73642,2013-2014,2.5.0
73643,2013-2014,2.5.0
73644,2013-2014,2.5.0
73645,2013-2014,2.4.0
73646,2013-2014,2.5.0
73647,2013-2014,2.5.0
73648,2013-2014,2.5.0
73650,2013-2014,2.5.0
73651,2013-2014,2.5.0
73652,2013-2014,2.5.0
73653,2013-2014,2.5.0
73655,2013-2014,2.5.0
73656,2013-2014,2.5.0
73658,2013-2014,2.5.0
73659,2013-2014,2.3.0
73660,2013-2014,2.5.0
73661,2013-2014,2.5.0
73662,2013-2014,2.5.0
73663,2013-2014,2.5.0
73664,2013-2014,2.5.0
73665,2013-2014,2.5.0
73666,2013-2014,2.5.0
73667,2013-2014,2.5.0
73668,2013-2014,2.5.0
73669,2013-2014,2.5.0
73670,2013-2014,2.5.0
73672,2013-2014,2.5.0
73673,2013-2014,2.5.0
73674,2013-2014,2.5.0
73675,2013-2014,2.5.0
73676,2013-2014,2.5.0
73677,2013-2014,2.5.0
73678,2013-2014,2.5.0
73680,2013-2014,2.5.0
73681,2013-2014,2.5.0
73682,2013-2014,2.5.0
73686,2013-2014,2.4.0
73687,2013-2014,2.5.0
73688,2013-2014,2.4.0
73690,2013-2014,2.5.0
73691,2013-2014,2.5.0
73692,2013-2014,2.5.0
73693,2013-2014,2.5.0
73694,2013-2014,2.5.0
73696,2013-2014,2.5.0
73697,2013-2014,2.3.0
73698,2013-2014,2.5.0
73701,2013-2014,2.2.0
73702,2013-2014,2.5.0
73703,2013-2014,2.5.0
73704,2013-2014,2.5.0
73705,2013-2014,2.5.0
73706,2013-2014,2.5.0
73707,2013-2014,2.5.0
73711,2013-2014,2.5.0
73712,2013-2014,2.5.0
73713,2013-2014,2.5.0
73714,2013-2014,2.5.0
73715,2013-2014,2.5.0
73716,2013-2014,2.5.0
73717,2013-2014,2.5.0
73718,2013-2014,2.5.0
73719,2013-2014,2.4.0
73722,2013-2014,2.5.0
73723,2013-2014,2.5.0
73724,2013-2014,2.5.0
73725,2013-2014,2.2.0
73726,2013-2014,2.5.0
73728,2013-2014,2.5.0
73729,2013-2014,2.3.0
73730,2013-2014,2.5.0
73731,2013-2014,2.5.0
73732,2013-2014,2.5.0
73734,2013-2014,2.5.0
73735,2013-2014,2.5.0
73736,2013-2014,2.5.0
73739,2013-2014,2.5.0
73740,2013-2014,2.5.0
73741,2013-2014,2.2.0
73742,2013-2014,2.5.0
73745,2013-2014,2.5.0
73746,2013-2014,2.3.0
73747,2013-2014,2.5.0
73749,2013-2014,2.5.0
73750,2013-2014,2.5.0
73751,2013-2014,2.5.0
73752,2013-2014,2.5.0
73753,2013-2014,2.5.0
73754,2013-2014,2.5.0
73755,2013-2014,2.5.0
73756,2013-2014,2.5.0
73757,2013-2014,2.5.0
73758,2013-2014,2.5.0
73759,2013-2014,2.5.0
73760,2013-2014,2.5.0
73761,2013-2014,2.5.0
73762,2013-2014,2.5.0
73763,2013-2014,2.5.0
73764,2013-2014,2.5.0
73765,2013-2014,2.5.0
73766,2013-2014,2.5.0
73767,2013-2014,2.5.0
73768,2013-2014,2.5.0
73770,2013-2014,2.5.0
73772,2013-2014,2.5.0
73773,2013-2014,2.5.0
73774,2013-2014,2.5.0
73775,2013-2014,2.5.0
73776,2013-2014,2.5.0
73778,2013-2014,2.5.0
73779,2013-2014,2.5.0
73780,2013-2014,2.5.0
73781,2013-2014,2.5.0
73782,2013-2014,2.5.0
73783,2013-2014,2.5.0
73786,2013-2014,2.5.0
73787,2013-2014,2.5.0
73788,2013-2014,2.5.0
73790,2013-2014,2.5.0
73792,2013-2014,2.3.0
73793,2013-2014,2.3.0
73794,2013-2014,2.5.0
73795,2013-2014,2.2.0
73796,2013-2014,2.5.0
73797,2013-2014,2.5.0
73798,2013-2014,2.5.0
73799,2013-2014,2.5.0
73800,2013-2014,2.5.0
73801,2013-2014,2.5.0
73802,2013-2014,2.5.0
73803,2013-2014,2.5.0
73804,2013-2014,2.5.0
73805,2013-2014,2.5.0
73806,2013-2014,2.5.0
73807,2013-2014,2.5.0
73808,2013-2014,2.5.0
73809,2013-2014,2.5.0
73811,2013-2014,2.3.0
73812,2013-2014,2.5.0
73813,2013-2014,2.5.0
73815,2013-2014,2.5.0
73816,2013-2014,2.5.0
73818,2013-2014,2.5.0
73819,2013-2014,2.5.0
73820,2013-2014,2.5.0
73821,2013-2014,2.5.0
73822,2013-2014,2.5.0
73823,2013-2014,2.5.0
73824,2013-2014,2.3.0
73825,2013-2014,2.5.0
73826,2013-2014,2.5.0
73827,2013-2014,2.5.0
73829,2013-2014,2.5.0
73831,2013-2014,2.5.0
73833,2013-2014,2.5.0
73834,2013-2014,2.5.0
73835,2013-2014,2.5.0
73836,2013-2014,2.5.0
73837,2013-2014,2.5.0
73839,2013-2014,2.5.0
73840,2013-2014,2.5.0
73841,2013-2014,2.5.0
73842,2013-2014,2.5.0
73843,2013-2014,2.3.0
73844,2013-2014,2.5.0
73846,2013-2014,2.3.0
73847,2013-2014,2.3.0
73848,2013-2014,2.5.0
73849,2013-2014,2.5.0
73850,2013-2014,2.5.0
73851,2013-2014,2.5.0
73853,2013-2014,2.5.0
73855,2013-2014,2.5.0
73858,2013-2014,2.5.0
73860,2013-2014,2.5.0
73862,2013-2014,2.5.0
73863,2013-2014,2.5.0
73864,2013-2014,2.4.0
73865,2013-2014,2.5.0
73866,2013-2014,2.5.0
73868,2013-2014,2.5.0
73870,2013-2014,2.5.0
73872,2013-2014,2.5.0
73873,2013-2014,2.5.0
73875,2013-2014,2.5.0
73878,2013-2014,2.3.0
73879,2013-2014,2.5.0
73880,2013-2014,2.5.0
73881,2013-2014,2.5.0
73882,2013-2014,2.5.0
73883,2013-2014,2.5.0
73884,2013-2014,2.5.0
73885,2013-2014,2.5.0
73886,2013-2014,2.5.0
73887,2013-2014,2.5.0
73888,2013-2014,2.5.0
73889,2013-2014,2.5.0
73890,2013-2014,2.5.0
73891,2013-2014,2.5.0
73892,2013-2014,2.3.0
73893,2013-2014,2.5.0
73895,2013-2014,2.5.0
73897,2013-2014,2.3.0
73898,2013-2014,2.5.0
73899,2013-2014,2.5.0
73900,2013-2014,2.3.0
73903,2013-2014,2.5.0
73904,2013-2014,2.5.0
73905,2013-2014,2.5.0
73906,2013-2014,2.5.0
73908,2013-2014,2.5.0
73910,2013-2014,2.5.0
73911,2013-2014,2.5.0
73913,2013-2014,2.5.0
73915,2013-2014,2.5.0
73916,2013-2014,2.5.0
73917,2013-2014,2.3.0
73918,2013-2014,2.5.0
73919,2013-2014,2.5.0
73920,2013-2014,2.5.0
73921,2013-2014,2.5.0
73922,2013-2014,2.3.0
73923,2013-2014,2.5.0
73925,2013-2014,2.3.0
73926,2013-2014,2.5.0
73927,2013-2014,2.5.0
73928,2013-2014,2.5.0
73929,2013-2014,2.5.0
73930,2013-2014,2.5.0
73931,2013-2014,2.5.0
73932,2013-2014,2.5.0
73933,2013-2014,2.5.0
73934,2013-2014,2.5.0
73935,2013-2014,2.5.0
73936,2013-2014,2.5.0
73937,2013-2014,2.5.0
73938,2013-2014,2.5.0
73939,2013-2014,2.3.0
73940,2013-2014,2.5.0
73942,2013-2014,2.5.0
73943,2013-2014,2.5.0
73945,2013-2014,2.5.0
73948,2013-2014,2.5.0
73949,2013-2014,2.5.0
73950,2013-2014,2.5.0
73951,2013-2014,2.5.0
73952,2013-2014,2.5.0
73953,2013-2014,2.5.0
73954,2013-2014,2.5.0
73955,2013-2014,2.5.0
73956,2013-2014,2.5.0
73958,2013-2014,2.3.0
73959,2013-2014,2.5.0
73960,2013-2014,2.5.0
73961,2013-2014,2.5.0
73962,2013-2014,2.5.0
73963,2013-2014,2.5.0
73964,2013-2014,2.5.0
73966,2013-2014,2.5.0
73967,2013-2014,2.3.0
73968,2013-2014,2.5.0
73970,2013-2014,2.5.0
73971,2013-2014,2.5.0
73973,2013-2014,2.5.0
73974,2013-2014,2.5.0
73975,2013-2014,2.5.0
73976,2013-2014,2.5.0
73977,2013-2014,2.5.0
73978,2013-2014,2.5.0
73979,2013-2014,2.5.0
73981,2013-2014,2.5.0
73982,2013-2014,2.5.0
73983,2013-2014,2.5.0
73985,2013-2014,2.5.0
73986,2013-2014,2.5.0
73987,2013-2014,2.5.0
73988,2013-2014,2.5.0
73990,2013-2014,2.5.0
73991,2013-2014,2.5.0
73992,2013-2014,2.5.0
73993,2013-2014,2.5.0
73994,2013-2014,2.3.0
73995,2013-2014,2.5.0
73996,2013-2014,2.5.0
73997,2013-2014,2.5.0
73998,2013-2014,2.5.0
73999,2013-2014,2.5.0
74000,2013-2014,2.5.0
74001,2013-2014,2.5.0
74002,2013-2014,2.3.0
74003,2013-2014,2.4.0
74004,2013-2014,2.5.0
74005,2013-2014,2.5.0
74006,2013-2014,2.5.0
74007,2013-2014,2.5.0
74008,2013-2014,2.5.0
74009,2013-2014,2.5.0
74010,2013-2014,2.5.0
74011,2013-2014,2.5.0
74012,2013-2014,2.5.0
74013,2013-2014,2.5.0
74014,2013-2014,2.5.0
74016,2013-2014,2.5.0
74017,2013-2014,2.5.0
74018,2013-2014,2.5.0
74021,2013-2014,2.5.0
74023,2013-2014,2.5.0
74025,2013-2014,2.5.0
74026,2013-2014,2.5.0
74027,2013-2014,2.5.0
74029,2013-2014,2.5.0
74032,2013-2014,2.5.0
74033,2013-2014,2.5.0
74035,2013-2014,2.5.0
74037,2013-2014,2.5.0
74038,2013-2014,2.5.0
74039,2013-2014,2.5.0
74041,2013-2014,2.5.0
74042,2013-2014,2.5.0
74043,2013-2014,2.5.0
74044,2013-2014,2.5.0
74045,2013-2014,2.4.0
74046,2013-2014,2.5.0
74047,2013-2014,2.5.0
74048,2013-2014,2.5.0
74049,2013-2014,2.5.0
74050,2013-2014,2.5.0
74051,2013-2014,2.5.0
74053,2013-2014,2.5.0
74054,2013-2014,2.5.0
74055,2013-2014,2.5.0
74056,2013-2014,2.5.0
74057,2013-2014,2.5.0
74058,2013-2014,2.5.0
74059,2013-2014,2.3.0
74060,2013-2014,2.5.0
74061,2013-2014,2.3.0
74062,2013-2014,2.5.0
74066,2013-2014,2.5.0
74070,2013-2014,2.5.0
74071,2013-2014,2.5.0
74072,2013-2014,2.5.0
74074,2013-2014,2.5.0
74075,2013-2014,2.5.0
74077,2013-2014,2.5.0
74078,2013-2014,2.5.0
74080,2013-2014,2.5.0
74081,2013-2014,2.5.0
74083,2013-2014,2.4.0
74085,2013-2014,2.5.0
74086,2013-2014,2.5.0
74087,2013-2014,2.5.0
74088,2013-2014,2.5.0
74091,2013-2014,2.3.0
74092,2013-2014,2.5.0
74093,2013-2014,2.5.0
74094,2013-2014,2.2.0
74095,2013-2014,2.5.0
74096,2013-2014,2.5.0
74097,2013-2014,2.5.0
74099,2013-2014,2.5.0
74100,2013-2014,2.5.0
74101,2013-2014,2.5.0
74102,2013-2014,2.5.0
74103,2013-2014,2.5.0
74104,2013-2014,2.5.0
74106,2013-2014,2.5.0
74107,2013-2014,2.5.0
74109,2013-2014,2.5.0
74110,2013-2014,2.5.0
74111,2013-2014,2.5.0
74112,2013-2014,2.5.0
74113,2013-2014,2.5.0
74114,2013-2014,2.5.0
74115,2013-2014,2.5.0
74117,2013-2014,2.5.0
74118,2013-2014,2.5.0
74119,2013-2014,2.3.0
74120,2013-2014,2.5.0
74123,2013-2014,2.5.0
74124,2013-2014,2.3.0
74125,2013-2014,2.5.0
74126,2013-2014,2.5.0
74127,2013-2014,2.5.0
74128,2013-2014,2.5.0
74130,2013-2014,2.5.0
74131,2013-2014,2.5.0
74132,2013-2014,2.5.0
74133,2013-2014,2.5.0
74134,2013-2014,2.5.0
74135,2013-2014,2.5.0
74136,2013-2014,2.5.0
74137,2013-2014,2.5.0
74138,2013-2014,2.5.0
74139,2013-2014,2.5.0
74140,2013-2014,2.5.0
74142,2013-2014,2.5.0
74143,2013-2014,2.5.0
74144,2013-2014,2.5.0
74147,2013-2014,2.5.0
74148,2013-2014,2.5.0
74149,2013-2014,2.5.0
74150,2013-2014,2.5.0
74154,2013-2014,2.5.0
74156,2013-2014,2.5.0
74157,2013-2014,2.5.0
74159,2013-2014,2.5.0
74160,2013-2014,2.3.0
74161,2013-2014,2.5.0
74163,2013-2014,2.5.0
74164,2013-2014,2.5.0
74165,2013-2014,2.5.0
74166,2013-2014,2.5.0
74168,2013-2014,2.4.0
74169,2013-2014,2.5.0
74170,2013-2014,2.5.0
74172,2013-2014,2.5.0
74173,2013-2014,2.5.0
74174,2013-2014,2.5.0
74176,2013-2014,2.3.0
74177,2013-2014,2.5.0
74178,2013-2014,2.5.0
74179,2013-2014,2.4.0
74180,2013-2014,2.5.0
74181,2013-2014,2.5.0
74182,2013-2014,2.5.0
74183,2013-2014,2.5.0
74184,2013-2014,2.5.0
74185,2013-2014,2.5.0
74186,2013-2014,2.3.0
74187,2013-2014,2.5.0
74188,2013-2014,2.3.0
74190,2013-2014,2.5.0
74191,2013-2014,2.5.0
74195,2013-2014,2.5.0
74196,2013-2014,2.5.0
74198,2013-2014,2.5.0
74199,2013-2014,2.5.0
74200,2013-2014,2.5.0
74203,2013-2014,2.5.0
74204,2013-2014,2.4.0
74205,2013-2014,2.5.0
74206,2013-2014,2.2.0
74207,2013-2014,2.5.0
74209,2013-2014,2.5.0
74211,2013-2014,2.5.0
74212,2013-2014,2.5.0
74213,2013-2014,2.5.0
74214,2013-2014,2.3.0
74215,2013-2014,2.5.0
74217,2013-2014,2.5.0
74218,2013-2014,2.5.0
74220,2013-2014,2.5.0
74221,2013-2014,2.5.0
74222,2013-2014,2.5.0
74224,2013-2014,2.5.0
74225,2013-2014,2.5.0
74227,2013-2014,2.5.0
74229,2013-2014,2.5.0
74230,2013-2014,2.4.0
74231,2013-2014,2.5.0
74232,2013-2014,2.5.0
74233,2013-2014,2.5.0
74235,2013-2014,2.5.0
74238,2013-2014,2.5.0
74239,2013-2014,2.5.0
74240,2013-2014,2.5.0
74241,2013-2014,2.5.0
74242,2013-2014,2.5.0
74243,2013-2014,2.5.0
74244,2013-2014,2.5.0
74245,2013-2014,2.5.0
74247,2013-2014,2.5.0
74248,2013-2014,2.5.0
74249,2013-2014,2.4.0
74251,2013-2014,2.5.0
74252,2013-2014,2.5.0
74253,2013-2014,2.5.0
74254,2013-2014,2.5.0
74255,2013-2014,2.5.0
74256,2013-2014,2.5.0
74259,2013-2014,2.5.0
74262,2013-2014,2.5.0
74263,2013-2014,2.5.0
74264,2013-2014,2.5.0
74265,2013-2014,2.5.0
74267,2013-2014,2.4.0
74268,2013-2014,2.5.0
74269,2013-2014,2.5.0
74270,2013-2014,2.5.0
74271,2013-2014,2.5.0
74273,2013-2014,2.5.0
74274,2013-2014,2.5.0
74275,2013-2014,2.5.0
74276,2013-2014,2.5.0
74277,2013-2014,2.5.0
74278,2013-2014,2.5.0
74279,2013-2014,2.3.0
74280,2013-2014,2.5.0
74281,2013-2014,2.3.0
74283,2013-2014,2.3.0
74284,2013-2014,2.5.0
74285,2013-2014,2.5.0
74286,2013-2014,2.3.0
74287,2013-2014,2.5.0
74288,2013-2014,2.5.0
74290,2013-2014,2.5.0
74291,2013-2014,2.5.0
74292,2013-2014,2.5.0
74293,2013-2014,2.5.0
74294,2013-2014,2.5.0
74295,2013-2014,2.5.0
74296,2013-2014,2.5.0
74297,2013-2014,2.5.0
74298,2013-2014,2.5.0
74300,2013-2014,2.5.0
74301,2013-2014,2.5.0
74302,2013-2014,2.5.0
74303,2013-2014,2.5.0
74304,2013-2014,2.5.0
74305,2013-2014,2.5.0
74306,2013-2014,2.5.0
74307,2013-2014,2.5.0
74308,2013-2014,2.5.0
74310,2013-2014,2.5.0
74311,2013-2014,2.5.0
74312,2013-2014,2.5.0
74313,2013-2014,2.3.0
74314,2013-2014,2.3.0
74315,2013-2014,2.5.0
74317,2013-2014,2.5.0
74318,2013-2014,2.5.0
74319,2013-2014,2.5.0
74322,2013-2014,2.5.0
74323,2013-2014,2.5.0
74324,2013-2014,2.5.0
74325,2013-2014,2.5.0
74326,2013-2014,2.3.0
74327,2013-2014,2.5.0
74328,2013-2014,2.5.0
74329,2013-2014,2.5.0
74330,2013-2014,2.5.0
74331,2013-2014,2.5.0
74332,2013-2014,2.5.0
74334,2013-2014,2.5.0
74335,2013-2014,2.5.0
74336,2013-2014,2.5.0
74337,2013-2014,2.5.0
74339,2013-2014,2.3.0
74340,2013-2014,2.5.0
74341,2013-2014,2.5.0
74342,2013-2014,2.5.0
74344,2013-2014,2.5.0
74345,2013-2014,2.5.0
74346,2013-2014,2.5.0
74347,2013-2014,2.5.0
74348,2013-2014,2.5.0
74349,2013-2014,2.3.0
74351,2013-2014,2.5.0
74356,2013-2014,2.5.0
74358,2013-2014,2.5.0
74359,2013-2014,2.5.0
74360,2013-2014,2.5.0
74361,2013-2014,2.5.0
74364,2013-2014,2.5.0
74365,2013-2014,2.5.0
74366,2013-2014,2.5.0
74367,2013-2014,2.5.0
74369,2013-2014,2.5.0
74370,2013-2014,2.5.0
74372,2013-2014,2.5.0
74373,2013-2014,2.5.0
74374,2013-2014,2.5.0
74375,2013-2014,2.5.0
74377,2013-2014,2.5.0
74378,2013-2014,2.5.0
74379,2013-2014,2.5.0
74380,2013-2014,2.5.0
74381,2013-2014,2.5.0
74382,2013-2014,2.5.0
74383,2013-2014,2.5.0
74384,2013-2014,2.5.0
74385,2013-2014,2.5.0
74386,2013-2014,2.5.0
74388,2013-2014,2.5.0
74390,2013-2014,2.5.0
74392,2013-2014,2.5.0
74393,2013-2014,2.5.0
74394,2013-2014,2.2.0
74395,2013-2014,2.5.0
74396,2013-2014,2.5.0
74397,2013-2014,2.5.0
74398,2013-2014,2.5.0
74399,2013-2014,2.5.0
74400,2013-2014,2.5.0
74401,2013-2014,2.5.0
74402,2013-2014,2.5.0
74403,2013-2014,2.5.0
74405,2013-2014,2.5.0
74407,2013-2014,2.5.0
74408,2013-2014,2.5.0
74410,2013-2014,2.5.0
74412,2013-2014,2.5.0
74416,2013-2014,2.5.0
74417,2013-2014,2.5.0
74418,2013-2014,2.5.0
74419,2013-2014,2.5.0
74420,2013-2014,2.3.0
74421,2013-2014,2.5.0
74424,2013-2014,2.5.0
74425,2013-2014,2.3.0
74427,2013-2014,2.3.0
74430,2013-2014,2.5.0
74431,2013-2014,2.5.0
74432,2013-2014,2.5.0
74433,2013-2014,2.5.0
74434,2013-2014,2.5.0
74435,2013-2014,2.5.0
74436,2013-2014,2.5.0
74437,2013-2014,2.5.0
74440,2013-2014,2.5.0
74442,2013-2014,2.5.0
74443,2013-2014,2.3.0
74444,2013-2014,2.5.0
74445,2013-2014,2.5.0
74446,2013-2014,2.5.0
74448,2013-2014,2.5.0
74449,2013-2014,2.5.0
74450,2013-2014,2.5.0
74451,2013-2014,2.5.0
74452,2013-2014,2.5.0
74455,2013-2014,2.5.0
74457,2013-2014,2.5.0
74458,2013-2014,2.5.0
74459,2013-2014,2.5.0
74460,2013-2014,2.5.0
74463,2013-2014,2.5.0
74464,2013-2014,2.5.0
74465,2013-2014,2.5.0
74466,2013-2014,2.5.0
74468,2013-2014,2.5.0
74470,2013-2014,2.5.0
74471,2013-2014,2.5.0
74474,2013-2014,2.5.0
74476,2013-2014,2.5.0
74478,2013-2014,2.3.0
74479,2013-2014,2.5.0
74480,2013-2014,2.4.0
74481,2013-2014,2.3.0
74482,2013-2014,2.5.0
74483,2013-2014,2.5.0
74484,2013-2014,2.5.0
74485,2013-2014,2.5.0
74486,2013-2014,2.5.0
74487,2013-2014,2.3.0
74489,2013-2014,2.5.0
74491,2013-2014,2.5.0
74492,2013-2014,2.5.0
74493,2013-2014,2.5.0
74495,2013-2014,2.5.0
74496,2013-2014,2.5.0
74498,2013-2014,2.5.0
74499,2013-2014,2.5.0
74500,2013-2014,2.5.0
74501,2013-2014,2.5.0
74504,2013-2014,2.3.0
74505,2013-2014,2.5.0
74506,2013-2014,2.5.0
74507,2013-2014,2.5.0
74508,2013-2014,2.5.0
74509,2013-2014,2.3.0
74510,2013-2014,2.5.0
74511,2013-2014,2.3.0
74512,2013-2014,2.3.0
74513,2013-2014,2.5.0
74516,2013-2014,2.5.0
74521,2013-2014,2.5.0
74523,2013-2014,2.5.0
74524,2013-2014,2.5.0
74525,2013-2014,2.3.0
74529,2013-2014,2.5.0
74532,2013-2014,2.4.0
74534,2013-2014,2.3.0
74536,2013-2014,2.5.0
74537,2013-2014,2.5.0
74538,2013-2014,2.5.0
74539,2013-2014,2.3.0
74540,2013-2014,2.5.0
74541,2013-2014,2.5.0
74542,2013-2014,2.5.0
74544,2013-2014,2.5.0
74545,2013-2014,2.5.0
74546,2013-2014,2.5.0
74547,2013-2014,2.5.0
74548,2013-2014,2.4.0
74549,2013-2014,2.3.0
74550,2013-2014,2.5.0
74552,2013-2014,2.5.0
74553,2013-2014,2.5.0
74554,2013-2014,2.5.0
74556,2013-2014,2.5.0
74557,2013-2014,2.5.0
74559,2013-2014,2.5.0
74560,2013-2014,2.5.0
74562,2013-2014,2.3.0
74563,2013-2014,2.3.0
74565,2013-2014,2.5.0
74566,2013-2014,2.5.0
74567,2013-2014,2.5.0
74568,2013-2014,2.5.0
74569,2013-2014,2.5.0
74570,2013-2014,2.5.0
74571,2013-2014,2.5.0
74573,2013-2014,2.5.0
74574,2013-2014,2.5.0
74575,2013-2014,2.5.0
74576,2013-2014,2.5.0
74578,2013-2014,2.5.0
74579,2013-2014,2.5.0
74580,2013-2014,2.5.0
74582,2013-2014,2.5.0
74583,2013-2014,2.3.0
74584,2013-2014,2.5.0
74587,2013-2014,2.5.0
74588,2013-2014,2.5.0
74589,2013-2014,2.5.0
74591,2013-2014,2.5.0
74594,2013-2014,2.5.0
74595,2013-2014,2.5.0
74596,2013-2014,2.5.0
74598,2013-2014,2.5.0
74600,2013-2014,2.5.0
74601,2013-2014,2.5.0
74602,2013-2014,2.4.0
74603,2013-2014,2.5.0
74606,2013-2014,2.5.0
74607,2013-2014,2.5.0
74608,2013-2014,2.3.0
74609,2013-2014,2.5.0
74611,2013-2014,2.5.0
74612,2013-2014,2.5.0
74613,2013-2014,2.5.0
74614,2013-2014,2.5.0
74615,2013-2014,2.5.0
74616,2013-2014,2.5.0
74617,2013-2014,2.3.0
74619,2013-2014,2.5.0
74620,2013-2014,2.5.0
74623,2013-2014,2.5.0
74624,2013-2014,2.5.0
74626,2013-2014,2.5.0
74627,2013-2014,2.5.0
74628,2013-2014,2.5.0
74629,2013-2014,2.5.0
74630,2013-2014,2.5.0
74631,2013-2014,2.5.0
74632,2013-2014,2.5.0
74633,2013-2014,2.5.0
74636,2013-2014,2.5.0
74637,2013-2014,2.5.0
74638,2013-2014,2.5.0
74639,2013-2014,2.5.0
74642,2013-2014,2.5.0
74644,2013-2014,2.5.0
74645,2013-2014,2.5.0
74646,2013-2014,2.5.0
74647,2013-2014,2.5.0
74648,2013-2014,2.5.0
74649,2013-2014,2.5.0
74650,2013-2014,2.5.0
74651,2013-2014,2.5.0
74652,2013-2014,2.5.0
74653,2013-2014,2.5.0
74654,2013-2014,2.5.0
74655,2013-2014,2.5.0
74656,2013-2014,2.5.0
74657,2013-2014,2.5.0
74658,2013-2014,2.5.0
74659,2013-2014,2.5.0
74660,2013-2014,2.5.0
74661,2013-2014,2.4.0
74662,2013-2014,2.5.0
74663,2013-2014,2.5.0
74665,2013-2014,2.5.0
74666,2013-2014,2.5.0
74668,2013-2014,2.5.0
74669,2013-2014,2.5.0
74671,2013-2014,2.5.0
74672,2013-2014,2.5.0
74673,2013-2014,2.5.0
74674,2013-2014,2.3.0
74675,2013-2014,2.5.0
74676,2013-2014,2.5.0
74677,2013-2014,2.5.0
74678,2013-2014,2.5.0
74679,2013-2014,2.5.0
74680,2013-2014,2.3.0
74681,2013-2014,2.5.0
74682,2013-2014,2.5.0
74683,2013-2014,2.3.0
74685,2013-2014,2.5.0
74686,2013-2014,2.5.0
74687,2013-2014,2.5.0
74688,2013-2014,2.5.0
74689,2013-2014,2.3.0
74690,2013-2014,2.3.0
74691,2013-2014,2.5.0
74693,2013-2014,2.5.0
74694,2013-2014,2.5.0
74695,2013-2014,2.5.0
74696,2013-2014,2.5.0
74697,2013-2014,2.5.0
74698,2013-2014,2.5.0
74699,2013-2014,2.5.0
74700,2013-2014,2.5.0
74701,2013-2014,2.5.0
74702,2013-2014,2.5.0
74703,2013-2014,2.5.0
74704,2013-2014,2.3.0
74705,2013-2014,2.5.0
74706,2013-2014,2.5.0
74707,2013-2014,2.5.0
74710,2013-2014,2.5.0
74711,2013-2014,2.5.0
74714,2013-2014,2.5.0
74715,2013-2014,2.5.0
74718,2013-2014,2.5.0
74719,2013-2014,2.5.0
74720,2013-2014,2.3.0
74721,2013-2014,2.5.0
74722,2013-2014,2.5.0
74723,2013-2014,2.5.0
74724,2013-2014,2.5.0
74725,2013-2014,2.5.0
74726,2013-2014,2.5.0
74727,2013-2014,2.5.0
74728,2013-2014,2.3.0
74730,2013-2014,2.5.0
74732,2013-2014,2.5.0
74733,2013-2014,2.5.0
74734,2013-2014,2.5.0
74735,2013-2014,2.5.0
74736,2013-2014,2.5.0
74738,2013-2014,2.3.0
74739,2013-2014,2.5.0
74740,2013-2014,2.5.0
74741,2013-2014,2.5.0
74742,2013-2014,2.5.0
74743,2013-2014,2.5.0
74744,2013-2014,2.5.0
74745,2013-2014,2.5.0
74746,2013-2014,2.4.0
74747,2013-2014,2.5.0
74748,2013-2014,2.5.0
74749,2013-2014,2.5.0
74751,2013-2014,2.5.0
74752,2013-2014,2.5.0
74753,2013-2014,2.5.0
74754,2013-2014,2.5.0
74755,2013-2014,2.5.0
74756,2013-2014,2.5.0
74759,2013-2014,2.5.0
74760,2013-2014,2.5.0
74761,2013-2014,2.5.0
74762,2013-2014,2.5.0
74763,2013-2014,2.5.0
74765,2013-2014,2.5.0
74767,2013-2014,2.3.0
74770,2013-2014,2.5.0
74771,2013-2014,2.5.0
74772,2013-2014,2.5.0
74774,2013-2014,2.5.0
74776,2013-2014,2.5.0
74778,2013-2014,2.3.0
74779,2013-2014,2.5.0
74781,2013-2014,2.5.0
74782,2013-2014,2.5.0
74783,2013-2014,2.5.0
74785,2013-2014,2.5.0
74786,2013-2014,2.5.0
74787,2013-2014,2.5.0
74788,2013-2014,2.5.0
74789,2013-2014,2.3.0
74791,2013-2014,2.5.0
74793,2013-2014,2.5.0
74795,2013-2014,2.5.0
74796,2013-2014,2.3.0
74797,2013-2014,2.5.0
74798,2013-2014,2.5.0
74800,2013-2014,2.5.0
74801,2013-2014,2.5.0
74802,2013-2014,2.5.0
74804,2013-2014,2.5.0
74805,2013-2014,2.3.0
74809,2013-2014,2.5.0
74812,2013-2014,2.5.0
74813,2013-2014,2.5.0
74814,2013-2014,2.5.0
74815,2013-2014,2.5.0
74816,2013-2014,2.5.0
74817,2013-2014,2.5.0
74818,2013-2014,2.5.0
74821,2013-2014,2.5.0
74822,2013-2014,2.5.0
74823,2013-2014,2.5.0
74824,2013-2014,2.5.0
74825,2013-2014,2.5.0
74828,2013-2014,2.5.0
74829,2013-2014,2.5.0
74830,2013-2014,2.5.0
74831,2013-2014,2.3.0
74832,2013-2014,2.5.0
74833,2013-2014,2.5.0
74835,2013-2014,2.5.0
74836,2013-2014,2.5.0
74837,2013-2014,2.5.0
74839,2013-2014,2.5.0
74840,2013-2014,2.5.0
74844,2013-2014,2.5.0
74845,2013-2014,2.5.0
74848,2013-2014,2.5.0
74849,2013-2014,2.5.0
74852,2013-2014,2.5.0
74855,2013-2014,2.5.0
74856,2013-2014,2.3.0
74857,2013-2014,2.5.0
74859,2013-2014,2.5.0
74860,2013-2014,2.5.0
74861,2013-2014,2.5.0
74862,2013-2014,2.5.0
74864,2013-2014,2.5.0
74866,2013-2014,2.5.0
74867,2013-2014,2.5.0
74868,2013-2014,2.5.0
74869,2013-2014,2.5.0
74871,2013-2014,2.5.0
74874,2013-2014,2.5.0
74875,2013-2014,2.5.0
74877,2013-2014,2.5.0
74878,2013-2014,2.5.0
74880,2013-2014,2.5.0
74881,2013-2014,2.5.0
74882,2013-2014,2.5.0
74883,2013-2014,2.5.0
74885,2013-2014,2.5.0
74886,2013-2014,2.5.0
74887,2013-2014,2.5.0
74889,2013-2014,2.5.0
74890,2013-2014,2.5.0
74893,2013-2014,2.5.0
74894,2013-2014,2.5.0
74895,2013-2014,2.5.0
74896,2013-2014,2.5.0
74897,2013-2014,2.5.0
74900,2013-2014,2.5.0
74901,2013-2014,2.5.0
74903,2013-2014,2.5.0
74904,2013-2014,2.5.0
74905,2013-2014,2.5.0
74907,2013-2014,2.5.0
74909,2013-2014,2.5.0
74910,2013-2014,2.5.0
74911,2013-2014,2.5.0
74912,2013-2014,2.5.0
74913,2013-2014,2.5.0
74914,2013-2014,2.5.0
74915,2013-2014,2.5.0
74916,2013-2014,2.5.0
74917,2013-2014,2.5.0
74919,2013-2014,2.5.0
74920,2013-2014,2.5.0
74923,2013-2014,2.5.0
74926,2013-2014,2.5.0
74927,2013-2014,2.5.0
74928,2013-2014,2.5.0
74930,2013-2014,2.5.0
74932,2013-2014,2.5.0
74933,2013-2014,2.5.0
74934,2013-2014,2.5.0
74936,2013-2014,2.5.0
74937,2013-2014,2.4.0
74938,2013-2014,2.3.0
74939,2013-2014,2.5.0
74940,2013-2014,2.5.0
74941,2013-2014,2.5.0
74942,2013-2014,2.5.0
74943,2013-2014,2.5.0
74945,2013-2014,2.5.0
74946,2013-2014,2.5.0
74947,2013-2014,2.5.0
74948,2013-2014,2.5.0
74949,2013-2014,2.5.0
74950,2013-2014,2.5.0
74951,2013-2014,2.5.0
74953,2013-2014,2.5.0
74954,2013-2014,2.5.0
74955,2013-2014,2.4.0
74957,2013-2014,2.5.0
74958,2013-2014,2.5.0
74959,2013-2014,2.5.0
74960,2013-2014,2.5.0
74962,2013-2014,2.5.0
74963,2013-2014,2.5.0
74965,2013-2014,2.5.0
74966,2013-2014,2.5.0
74968,2013-2014,2.5.0
74969,2013-2014,2.5.0
74971,2013-2014,2.5.0
74972,2013-2014,2.3.0
74973,2013-2014,2.5.0
74974,2013-2014,2.4.0
74977,2013-2014,2.5.0
74978,2013-2014,2.5.0
74979,2013-2014,2.5.0
74980,2013-2014,2.3.0
74981,2013-2014,2.5.0
74982,2013-2014,2.5.0
74983,2013-2014,2.5.0
74984,2013-2014,2.5.0
74985,2013-2014,2.5.0
74986,2013-2014,2.3.0
74987,2013-2014,2.5.0
74988,2013-2014,2.5.0
74989,2013-2014,2.5.0
74990,2013-2014,2.5.0
74991,2013-2014,2.5.0
74992,2013-2014,2.3.0
74996,2013-2014,2.5.0
74999,2013-2014,2.5.0
75000,2013-2014,2.3.0
75001,2013-2014,2.5.0
75002,2013-2014,2.5.0
75003,2013-2014,2.5.0
75004,2013-2014,2.5.0
75007,2013-2014,2.5.0
75010,2013-2014,2.5.0
75011,2013-2014,2.5.0
75012,2013-2014,2.5.0
75016,2013-2014,2.5.0
75017,2013-2014,2.3.0
75018,2013-2014,2.5.0
75019,2013-2014,2.5.0
75020,2013-2014,2.5.0
75023,2013-2014,2.5.0
75024,2013-2014,2.5.0
75025,2013-2014,2.5.0
75027,2013-2014,2.5.0
75029,2013-2014,2.5.0
75030,2013-2014,2.5.0
75033,2013-2014,2.5.0
75034,2013-2014,2.5.0
75035,2013-2014,2.5.0
75036,2013-2014,2.5.0
75037,2013-2014,2.5.0
75039,2013-2014,2.3.0
75040,2013-2014,2.5.0
75042,2013-2014,2.5.0
75043,2013-2014,2.5.0
75044,2013-2014,2.5.0
75045,2013-2014,2.3.0
75047,2013-2014,2.5.0
75048,2013-2014,2.5.0
75049,2013-2014,2.5.0
75050,2013-2014,2.5.0
75051,2013-2014,2.5.0
75053,2013-2014,2.5.0
75054,2013-2014,2.5.0
75055,2013-2014,2.5.0
75056,2013-2014,2.3.0
75057,2013-2014,2.5.0
75058,2013-2014,2.5.0
75060,2013-2014,2.3.0
75061,2013-2014,2.5.0
75063,2013-2014,2.5.0
75064,2013-2014,2.5.0
75066,2013-2014,2.3.0
75067,2013-2014,2.5.0
75068,2013-2014,2.5.0
75069,2013-2014,2.5.0
75070,2013-2014,2.5.0
75071,2013-2014,2.2.0
75072,2013-2014,2.3.0
75073,2013-2014,2.5.0
75074,2013-2014,2.5.0
75075,2013-2014,2.5.0
75076,2013-2014,2.5.0
75078,2013-2014,2.5.0
75079,2013-2014,2.5.0
75081,2013-2014,2.5.0
75082,2013-2014,2.5.0
75085,2013-2014,2.5.0
75086,2013-2014,2.5.0
75087,2013-2014,2.5.0
75088,2013-2014,2.3.0
75089,2013-2014,2.3.0
75092,2013-2014,2.5.0
75093,2013-2014,2.5.0
75095,2013-2014,2.5.0
75097,2013-2014,2.5.0
75098,2013-2014,2.5.0
75100,2013-2014,2.5.0
75101,2013-2014,2.5.0
75102,2013-2014,2.5.0
75103,2013-2014,2.5.0
75104,2013-2014,2.5.0
75105,2013-2014,2.5.0
75107,2013-2014,2.5.0
75108,2013-2014,2.5.0
75110,2013-2014,2.5.0
75111,2013-2014,2.5.0
75112,2013-2014,2.5.0
75114,2013-2014,2.5.0
75117,2013-2014,2.5.0
75118,2013-2014,2.5.0
75121,2013-2014,2.5.0
75122,2013-2014,2.5.0
75123,2013-2014,2.5.0
75125,2013-2014,2.5.0
75126,2013-2014,2.5.0
75127,2013-2014,2.5.0
75128,2013-2014,2.5.0
75129,2013-2014,2.5.0
75130,2013-2014,2.5.0
75131,2013-2014,2.5.0
75132,2013-2014,2.5.0
75133,2013-2014,2.5.0
75134,2013-2014,2.5.0
75135,2013-2014,2.5.0
75136,2013-2014,2.5.0
75137,2013-2014,2.5.0
75138,2013-2014,2.5.0
75139,2013-2014,2.5.0
75140,2013-2014,2.5.0
75141,2013-2014,2.5.0
75143,2013-2014,2.3.0
75145,2013-2014,2.5.0
75146,2013-2014,2.5.0
75147,2013-2014,2.5.0
75150,2013-2014,2.5.0
75151,2013-2014,2.5.0
75153,2013-2014,2.5.0
75154,2013-2014,2.5.0
75155,2013-2014,2.5.0
75156,2013-2014,2.5.0
75157,2013-2014,2.5.0
75159,2013-2014,2.5.0
75160,2013-2014,2.5.0
75161,2013-2014,2.5.0
75164,2013-2014,2.5.0
75165,2013-2014,2.5.0
75167,2013-2014,2.5.0
75169,2013-2014,2.5.0
75171,2013-2014,2.5.0
75173,2013-2014,2.5.0
75174,2013-2014,2.5.0
75175,2013-2014,2.5.0
75176,2013-2014,2.5.0
75177,2013-2014,2.5.0
75178,2013-2014,2.5.0
75179,2013-2014,2.5.0
75180,2013-2014,2.5.0
75181,2013-2014,2.5.0
75182,2013-2014,2.5.0
75184,2013-2014,2.4.0
75186,2013-2014,2.5.0
75187,2013-2014,2.5.0
75188,2013-2014,2.5.0
75189,2013-2014,2.3.0
75190,2013-2014,2.5.0
75191,2013-2014,2.5.0
75193,2013-2014,2.5.0
75194,2013-2014,2.5.0
75195,2013-2014,2.5.0
75196,2013-2014,2.5.0
75200,2013-2014,2.5.0
75201,2013-2014,2.5.0
75204,2013-2014,2.5.0
75206,2013-2014,2.5.0
75207,2013-2014,2.5.0
75208,2013-2014,2.5.0
75209,2013-2014,2.3.0
75210,2013-2014,2.5.0
75212,2013-2014,2.5.0
75213,2013-2014,2.5.0
75215,2013-2014,2.5.0
75216,2013-2014,2.5.0
75218,2013-2014,2.5.0
75220,2013-2014,2.5.0
75221,2013-2014,2.5.0
75222,2013-2014,2.5.0
75223,2013-2014,2.5.0
75224,2013-2014,2.5.0
75225,2013-2014,2.3.0
75226,2013-2014,2.5.0
75227,2013-2014,2.5.0
75231,2013-2014,2.5.0
75233,2013-2014,2.5.0
75234,2013-2014,2.5.0
75235,2013-2014,2.5.0
75236,2013-2014,2.5.0
75237,2013-2014,2.5.0
75238,2013-2014,2.5.0
75241,2013-2014,2.5.0
75244,2013-2014,2.5.0
75246,2013-2014,2.5.0
75248,2013-2014,2.5.0
75249,2013-2014,2.5.0
75250,2013-2014,2.5.0
75252,2013-2014,2.5.0
75253,2013-2014,2.5.0
75254,2013-2014,2.5.0
75255,2013-2014,2.5.0
75256,2013-2014,2.5.0
75259,2013-2014,2.4.0
75260,2013-2014,2.4.0
75261,2013-2014,2.3.0
75262,2013-2014,2.5.0
75263,2013-2014,2.3.0
75264,2013-2014,2.5.0
75265,2013-2014,2.5.0
75267,2013-2014,2.5.0
75268,2013-2014,2.5.0
75269,2013-2014,2.5.0
75271,2013-2014,2.5.0
75272,2013-2014,2.5.0
75273,2013-2014,2.5.0
75274,2013-2014,2.5.0
75275,2013-2014,2.5.0
75276,2013-2014,2.5.0
75277,2013-2014,2.5.0
75278,2013-2014,2.5.0
75280,2013-2014,2.5.0
75281,2013-2014,2.5.0
75282,2013-2014,2.5.0
75283,2013-2014,2.3.0
75284,2013-2014,2.3.0
75285,2013-2014,2.5.0
75286,2013-2014,2.5.0
75288,2013-2014,2.5.0
75289,2013-2014,2.5.0
75291,2013-2014,2.5.0
75292,2013-2014,2.5.0
75293,2013-2014,2.5.0
75294,2013-2014,2.5.0
75296,2013-2014,2.5.0
75297,2013-2014,2.5.0
75298,2013-2014,2.5.0
75299,2013-2014,2.5.0
75300,2013-2014,2.5.0
75303,2013-2014,2.5.0
75304,2013-2014,2.5.0
75305,2013-2014,2.5.0
75307,2013-2014,2.5.0
75309,2013-2014,2.5.0
75310,2013-2014,2.5.0
75311,2013-2014,2.5.0
75312,2013-2014,2.5.0
75315,2013-2014,2.5.0
75316,2013-2014,2.5.0
75318,2013-2014,2.5.0
75319,2013-2014,2.5.0
75320,2013-2014,2.5.0
75321,2013-2014,2.5.0
75322,2013-2014,2.5.0
75323,2013-2014,2.3.0
75324,2013-2014,2.5.0
75325,2013-2014,2.5.0
75326,2013-2014,2.3.0
75327,2013-2014,2.5.0
75328,2013-2014,2.5.0
75329,2013-2014,2.5.0
75330,2013-2014,2.5.0
75331,2013-2014,2.5.0
75332,2013-2014,2.5.0
75333,2013-2014,2.5.0
75339,2013-2014,2.5.0
75340,2013-2014,2.5.0
75341,2013-2014,2.5.0
75342,2013-2014,2.5.0
75343,2013-2014,2.5.0
75344,2013-2014,2.5.0
75345,2013-2014,2.5.0
75346,2013-2014,2.5.0
75347,2013-2014,2.5.0
75348,2013-2014,2.5.0
75350,2013-2014,2.5.0
75351,2013-2014,2.5.0
75352,2013-2014,2.5.0
75353,2013-2014,2.5.0
75355,2013-2014,2.5.0
75356,2013-2014,2.5.0
75358,2013-2014,2.5.0
75359,2013-2014,2.5.0
75361,2013-2014,2.5.0
75362,2013-2014,2.4.0
75363,2013-2014,2.5.0
75364,2013-2014,2.5.0
75365,2013-2014,2.3.0
75366,2013-2014,2.5.0
75367,2013-2014,2.3.0
75370,2013-2014,2.5.0
75371,2013-2014,2.5.0
75373,2013-2014,2.5.0
75374,2013-2014,2.5.0
75375,2013-2014,2.5.0
75378,2013-2014,2.5.0
75379,2013-2014,2.5.0
75380,2013-2014,2.5.0
75381,2013-2014,2.3.0
75382,2013-2014,2.5.0
75383,2013-2014,2.5.0
75384,2013-2014,2.5.0
75385,2013-2014,2.5.0
75386,2013-2014,2.5.0
75387,2013-2014,2.5.0
75390,2013-2014,2.5.0
75391,2013-2014,2.3.0
75392,2013-2014,2.5.0
75393,2013-2014,2.5.0
75394,2013-2014,2.5.0
75395,2013-2014,2.5.0
75397,2013-2014,2.5.0
75398,2013-2014,2.5.0
75400,2013-2014,2.5.0
75403,2013-2014,2.5.0
75404,2013-2014,2.5.0
75406,2013-2014,2.5.0
75407,2013-2014,2.5.0
75409,2013-2014,2.5.0
75410,2013-2014,2.5.0
75411,2013-2014,2.5.0
75412,2013-2014,2.5.0
75413,2013-2014,2.5.0
75414,2013-2014,2.5.0
75415,2013-2014,2.3.0
75416,2013-2014,2.5.0
75418,2013-2014,2.5.0
75419,2013-2014,2.5.0
75420,2013-2014,2.5.0
75421,2013-2014,2.5.0
75422,2013-2014,2.5.0
75423,2013-2014,2.5.0
75425,2013-2014,2.5.0
75428,2013-2014,2.4.0
75430,2013-2014,2.5.0
75431,2013-2014,2.5.0
75433,2013-2014,2.5.0
75434,2013-2014,2.5.0
75435,2013-2014,2.5.0
75439,2013-2014,2.5.0
75440,2013-2014,2.5.0
75444,2013-2014,2.5.0
75445,2013-2014,2.5.0
75446,2013-2014,2.5.0
75447,2013-2014,2.5.0
75448,2013-2014,2.5.0
75449,2013-2014,2.5.0
75452,2013-2014,2.5.0
75454,2013-2014,2.5.0
75455,2013-2014,2.5.0
75456,2013-2014,2.5.0
75457,2013-2014,2.5.0
75458,2013-2014,2.5.0
75461,2013-2014,2.5.0
75462,2013-2014,2.5.0
75463,2013-2014,2.5.0
75464,2013-2014,2.5.0
75465,2013-2014,2.5.0
75468,2013-2014,2.5.0
75469,2013-2014,2.5.0
75470,2013-2014,2.5.0
75472,2013-2014,2.5.0
75473,2013-2014,2.5.0
75474,2013-2014,2.5.0
75475,2013-2014,2.5.0
75476,2013-2014,2.5.0
75477,2013-2014,2.5.0
75478,2013-2014,2.5.0
75479,2013-2014,2.5.0
75480,2013-2014,2.5.0
75481,2013-2014,2.5.0
75483,2013-2014,2.5.0
75486,2013-2014,2.5.0
75490,2013-2014,2.5.0
75491,2013-2014,2.5.0
75492,2013-2014,2.4.0
75493,2013-2014,2.5.0
75494,2013-2014,2.5.0
75495,2013-2014,2.5.0
75496,2013-2014,2.5.0
75498,2013-2014,2.5.0
75499,2013-2014,2.5.0
75500,2013-2014,2.5.0
75501,2013-2014,2.5.0
75502,2013-2014,2.5.0
75503,2013-2014,2.5.0
75504,2013-2014,2.5.0
75505,2013-2014,2.5.0
75506,2013-2014,2.3.0
75507,2013-2014,2.5.0
75509,2013-2014,2.5.0
75510,2013-2014,2.5.0
75512,2013-2014,2.5.0
75513,2013-2014,2.5.0
75514,2013-2014,2.5.0
75515,2013-2014,2.3.0
75518,2013-2014,2.5.0
75519,2013-2014,2.5.0
75520,2013-2014,2.5.0
75521,2013-2014,2.5.0
75523,2013-2014,2.5.0
75524,2013-2014,2.5.0
75525,2013-2014,2.5.0
75527,2013-2014,2.5.0
75528,2013-2014,2.5.0
75529,2013-2014,2.5.0
75531,2013-2014,2.5.0
75532,2013-2014,2.5.0
75533,2013-2014,2.5.0
75534,2013-2014,2.5.0
75535,2013-2014,2.5.0
75536,2013-2014,2.3.0
75537,2013-2014,2.5.0
75538,2013-2014,2.5.0
75539,2013-2014,2.5.0
75541,2013-2014,2.5.0
75542,2013-2014,2.5.0
75543,2013-2014,2.5.0
75544,2013-2014,2.5.0
75546,2013-2014,2.5.0
75547,2013-2014,2.5.0
75549,2013-2014,2.5.0
75550,2013-2014,2.5.0
75552,2013-2014,2.5.0
75553,2013-2014,2.5.0
75554,2013-2014,2.5.0
75555,2013-2014,2.5.0
75556,2013-2014,2.5.0
75557,2013-2014,2.5.0
75558,2013-2014,2.5.0
75559,2013-2014,2.5.0
75560,2013-2014,2.5.0
75561,2013-2014,2.3.0
75562,2013-2014,2.5.0
75563,2013-2014,2.5.0
75564,2013-2014,2.5.0
75565,2013-2014,2.5.0
75566,2013-2014,2.5.0
75567,2013-2014,2.5.0
75569,2013-2014,2.5.0
75570,2013-2014,2.5.0
75571,2013-2014,2.5.0
75572,2013-2014,2.5.0
75573,2013-2014,2.5.0
75574,2013-2014,2.5.0
75575,2013-2014,2.5.0
75576,2013-2014,2.3.0
75578,2013-2014,2.5.0
75579,2013-2014,2.5.0
75580,2013-2014,2.5.0
75581,2013-2014,2.5.0
75583,2013-2014,2.5.0
75584,2013-2014,2.1.0
75585,2013-2014,2.5.0
75587,2013-2014,2.5.0
75588,2013-2014,2.5.0
75589,2013-2014,2.5.0
75590,2013-2014,2.5.0
75591,2013-2014,2.5.0
75592,2013-2014,2.5.0
75593,2013-2014,2.5.0
75594,2013-2014,2.5.0
75595,2013-2014,2.5.0
75596,2013-2014,2.5.0
75597,2013-2014,2.5.0
75598,2013-2014,2.5.0
75602,2013-2014,2.5.0
75603,2013-2014,2.5.0
75604,2013-2014,2.5.0
75607,2013-2014,2.5.0
75608,2013-2014,2.5.0
75610,2013-2014,2.3.0
75611,2013-2014,2.5.0
75612,2013-2014,2.5.0
75613,2013-2014,2.5.0
75614,2013-2014,2.4.0
75616,2013-2014,2.3.0
75618,2013-2014,2.5.0
75619,2013-2014,2.5.0
75620,2013-2014,2.5.0
75621,2013-2014,2.5.0
75622,2013-2014,2.5.0
75623,2013-2014,2.5.0
75624,2013-2014,2.3.0
75625,2013-2014,2.5.0
75626,2013-2014,2.5.0
75628,2013-2014,2.5.0
75630,2013-2014,2.3.0
75631,2013-2014,2.5.0
75632,2013-2014,2.5.0
75633,2013-2014,2.5.0
75634,2013-2014,2.5.0
75635,2013-2014,2.5.0
75636,2013-2014,2.5.0
75637,2013-2014,2.2.0
75638,2013-2014,2.5.0
75639,2013-2014,2.5.0
75640,2013-2014,2.5.0
75641,2013-2014,2.5.0
75643,2013-2014,2.3.0
75645,2013-2014,2.5.0
75647,2013-2014,2.5.0
75648,2013-2014,2.5.0
75649,2013-2014,2.5.0
75650,2013-2014,2.5.0
75652,2013-2014,2.5.0
75653,2013-2014,2.5.0
75654,2013-2014,2.5.0
75657,2013-2014,2.2.0
75658,2013-2014,2.5.0
75659,2013-2014,2.5.0
75660,2013-2014,2.5.0
75661,2013-2014,2.5.0
75662,2013-2014,2.5.0
75663,2013-2014,2.5.0
75664,2013-2014,2.5.0
75665,2013-2014,2.5.0
75667,2013-2014,2.5.0
75668,2013-2014,2.5.0
75669,2013-2014,2.5.0
75670,2013-2014,2.5.0
75671,2013-2014,2.5.0
75674,2013-2014,2.5.0
75676,2013-2014,2.5.0
75677,2013-2014,2.5.0
75678,2013-2014,2.5.0
75679,2013-2014,2.5.0
75682,2013-2014,2.5.0
75683,2013-2014,2.5.0
75684,2013-2014,2.5.0
75685,2013-2014,2.5.0
75686,2013-2014,2.3.0
75688,2013-2014,2.5.0
75689,2013-2014,2.5.0
75690,2013-2014,2.3.0
75691,2013-2014,2.5.0
75692,2013-2014,2.5.0
75694,2013-2014,2.3.0
75695,2013-2014,2.5.0
75696,2013-2014,2.5.0
75697,2013-2014,2.3.0
75698,2013-2014,2.5.0
75699,2013-2014,2.5.0
75700,2013-2014,2.5.0
75702,2013-2014,2.2.0
75703,2013-2014,2.5.0
75704,2013-2014,2.5.0
75705,2013-2014,2.5.0
75706,2013-2014,2.5.0
75707,2013-2014,2.5.0
75708,2013-2014,2.3.0
75709,2013-2014,2.5.0
75711,2013-2014,2.5.0
75712,2013-2014,2.5.0
75713,2013-2014,2.5.0
75714,2013-2014,2.5.0
75715,2013-2014,2.5.0
75717,2013-2014,2.5.0
75720,2013-2014,2.5.0
75721,2013-2014,2.5.0
75722,2013-2014,2.5.0
75723,2013-2014,2.5.0
75725,2013-2014,2.4.0
75730,2013-2014,2.5.0
75732,2013-2014,2.5.0
75733,2013-2014,2.5.0
75735,2013-2014,2.5.0
75737,2013-2014,2.5.0
75738,2013-2014,2.5.0
75739,2013-2014,2.3.0
75740,2013-2014,2.3.0
75741,2013-2014,2.5.0
75742,2013-2014,2.5.0
75744,2013-2014,2.5.0
75745,2013-2014,2.5.0
75748,2013-2014,2.5.0
75749,2013-2014,2.5.0
75750,2013-2014,2.5.0
75751,2013-2014,2.5.0
75752,2013-2014,2.5.0
75753,2013-2014,2.5.0
75754,2013-2014,2.5.0
75755,2013-2014,2.5.0
75757,2013-2014,2.3.0
75758,2013-2014,2.5.0
75759,2013-2014,2.5.0
75760,2013-2014,2.5.0
75762,2013-2014,2.5.0
75763,2013-2014,2.5.0
75765,2013-2014,2.5.0
75766,2013-2014,2.5.0
75767,2013-2014,2.5.0
75768,2013-2014,2.5.0
75769,2013-2014,2.5.0
75770,2013-2014,2.5.0
75771,2013-2014,2.5.0
75772,2013-2014,2.3.0
75773,2013-2014,2.5.0
75774,2013-2014,2.5.0
75775,2013-2014,2.5.0
75776,2013-2014,2.5.0
75777,2013-2014,2.5.0
75779,2013-2014,2.5.0
75784,2013-2014,2.5.0
75785,2013-2014,2.5.0
75786,2013-2014,2.3.0
75787,2013-2014,2.5.0
75788,2013-2014,2.3.0
75789,2013-2014,2.5.0
75790,2013-2014,2.5.0
75791,2013-2014,2.5.0
75794,2013-2014,2.5.0
75796,2013-2014,2.5.0
75797,2013-2014,2.5.0
75798,2013-2014,2.5.0
75799,2013-2014,2.5.0
75800,2013-2014,2.5.0
75801,2013-2014,2.5.0
75802,2013-2014,2.5.0
75805,2013-2014,2.5.0
75806,2013-2014,2.5.0
75807,2013-2014,2.5.0
75808,2013-2014,2.5.0
75810,2013-2014,2.5.0
75811,2013-2014,2.5.0
75813,2013-2014,2.5.0
75814,2013-2014,2.5.0
75815,2013-2014,2.5.0
75816,2013-2014,2.5.0
75818,2013-2014,2.5.0
75820,2013-2014,2.5.0
75822,2013-2014,2.5.0
75823,2013-2014,2.5.0
75824,2013-2014,2.5.0
75825,2013-2014,2.5.0
75826,2013-2014,2.5.0
75827,2013-2014,2.5.0
75828,2013-2014,2.5.0
75829,2013-2014,2.5.0
75830,2013-2014,2.5.0
75831,2013-2014,2.5.0
75832,2013-2014,2.5.0
75833,2013-2014,2.5.0
75835,2013-2014,2.5.0
75837,2013-2014,2.5.0
75838,2013-2014,2.5.0
75839,2013-2014,2.5.0
75840,2013-2014,2.5.0
75842,2013-2014,2.5.0
75844,2013-2014,2.5.0
75845,2013-2014,2.5.0
75846,2013-2014,2.5.0
75847,2013-2014,2.5.0
75848,2013-2014,2.5.0
75850,2013-2014,2.3.0
75851,2013-2014,2.5.0
75852,2013-2014,2.5.0
75853,2013-2014,2.5.0
75854,2013-2014,2.5.0
75855,2013-2014,2.5.0
75856,2013-2014,2.5.0
75857,2013-2014,2.5.0
75858,2013-2014,2.5.0
75859,2013-2014,2.5.0
75860,2013-2014,2.5.0
75861,2013-2014,2.5.0
75862,2013-2014,2.5.0
75863,2013-2014,2.5.0
75864,2013-2014,2.5.0
75865,2013-2014,2.5.0
75866,2013-2014,2.5.0
75869,2013-2014,2.5.0
75870,2013-2014,2.5.0
75871,2013-2014,2.5.0
75872,2013-2014,2.5.0
75873,2013-2014,2.5.0
75875,2013-2014,2.5.0
75876,2013-2014,2.5.0
75878,2013-2014,2.5.0
75879,2013-2014,2.3.0
75880,2013-2014,2.5.0
75881,2013-2014,2.5.0
75882,2013-2014,2.5.0
75883,2013-2014,2.3.0
75884,2013-2014,2.5.0
75886,2013-2014,2.2.0
75887,2013-2014,2.5.0
75888,2013-2014,2.5.0
75890,2013-2014,2.5.0
75893,2013-2014,2.5.0
75894,2013-2014,2.5.0
75895,2013-2014,2.5.0
75896,2013-2014,2.5.0
75898,2013-2014,2.5.0
75899,2013-2014,2.5.0
75900,2013-2014,2.5.0
75901,2013-2014,2.5.0
75902,2013-2014,2.5.0
75903,2013-2014,2.5.0
75904,2013-2014,2.5.0
75905,2013-2014,2.5.0
75906,2013-2014,2.5.0
75907,2013-2014,2.5.0
75908,2013-2014,2.5.0
75910,2013-2014,2.5.0
75911,2013-2014,2.5.0
75912,2013-2014,2.5.0
75915,2013-2014,2.5.0
75916,2013-2014,2.5.0
75919,2013-2014,2.5.0
75920,2013-2014,2.5.0
75922,2013-2014,2.5.0
75923,2013-2014,2.5.0
75924,2013-2014,2.5.0
75927,2013-2014,2.5.0
75928,2013-2014,2.5.0
75930,2013-2014,2.5.0
75931,2013-2014,2.5.0
75932,2013-2014,2.5.0
75933,2013-2014,2.5.0
75934,2013-2014,2.5.0
75935,2013-2014,2.5.0
75936,2013-2014,2.5.0
75937,2013-2014,2.5.0
75938,2013-2014,2.5.0
75939,2013-2014,2.5.0
75941,2013-2014,2.5.0
75942,2013-2014,2.5.0
75944,2013-2014,2.5.0
75946,2013-2014,2.5.0
75947,2013-2014,2.5.0
75949,2013-2014,2.5.0
75951,2013-2014,2.5.0
75953,2013-2014,2.5.0
75954,2013-2014,2.5.0
75956,2013-2014,2.5.0
75957,2013-2014,2.5.0
75960,2013-2014,2.5.0
75961,2013-2014,2.5.0
75962,2013-2014,2.5.0
75964,2013-2014,2.5.0
75965,2013-2014,2.5.0
75966,2013-2014,2.4.0
75967,2013-2014,2.3.0
75969,2013-2014,2.5.0
75972,2013-2014,2.5.0
75973,2013-2014,2.5.0
75974,2013-2014,2.5.0
75976,2013-2014,2.5.0
75979,2013-2014,2.5.0
75981,2013-2014,2.5.0
75982,2013-2014,2.4.0
75984,2013-2014,2.3.0
75985,2013-2014,2.5.0
75986,2013-2014,2.5.0
75987,2013-2014,2.3.0
75988,2013-2014,2.5.0
75989,2013-2014,2.5.0
75991,2013-2014,2.5.0
75992,2013-2014,2.5.0
75993,2013-2014,2.3.0
75995,2013-2014,2.5.0
75996,2013-2014,2.5.0
75997,2013-2014,2.5.0
75998,2013-2014,2.5.0
75999,2013-2014,2.5.0
76001,2013-2014,2.5.0
76003,2013-2014,2.5.0
76004,2013-2014,2.5.0
76005,2013-2014,2.5.0
76006,2013-2014,2.5.0
76007,2013-2014,2.5.0
76008,2013-2014,2.5.0
76009,2013-2014,2.5.0
76010,2013-2014,2.5.0
76011,2013-2014,2.5.0
76012,2013-2014,2.5.0
76014,2013-2014,2.5.0
76015,2013-2014,2.5.0
76016,2013-2014,2.5.0
76018,2013-2014,2.5.0
76019,2013-2014,2.5.0
76020,2013-2014,2.5.0
76022,2013-2014,2.5.0
76023,2013-2014,2.5.0
76024,2013-2014,2.5.0
76025,2013-2014,2.5.0
76026,2013-2014,2.5.0
76027,2013-2014,2.5.0
76028,2013-2014,2.5.0
76029,2013-2014,2.5.0
76030,2013-2014,2.5.0
76031,2013-2014,2.5.0
76032,2013-2014,2.5.0
76033,2013-2014,2.5.0
76034,2013-2014,2.5.0
76036,2013-2014,2.5.0
76038,2013-2014,2.5.0
76039,2013-2014,2.5.0
76040,2013-2014,2.5.0
76041,2013-2014,2.5.0
76042,2013-2014,2.3.0
76043,2013-2014,2.5.0
76044,2013-2014,2.5.0
76045,2013-2014,2.5.0
76046,2013-2014,2.5.0
76047,2013-2014,2.5.0
76048,2013-2014,2.5.0
76049,2013-2014,2.5.0
76050,2013-2014,2.5.0
76052,2013-2014,2.5.0
76053,2013-2014,2.5.0
76054,2013-2014,2.5.0
76055,2013-2014,2.5.0
76056,2013-2014,2.5.0
76057,2013-2014,2.5.0
76061,2013-2014,2.5.0
76062,2013-2014,2.5.0
76064,2013-2014,2.5.0
76067,2013-2014,2.5.0
76068,2013-2014,2.5.0
76069,2013-2014,2.5.0
76071,2013-2014,2.5.0
76072,2013-2014,2.5.0
76073,2013-2014,2.5.0
76074,2013-2014,2.3.0
76075,2013-2014,2.5.0
76076,2013-2014,2.5.0
76077,2013-2014,2.5.0
76079,2013-2014,2.3.0
76080,2013-2014,2.5.0
76081,2013-2014,2.5.0
76082,2013-2014,2.5.0
76083,2013-2014,2.5.0
76084,2013-2014,2.5.0
76087,2013-2014,2.5.0
76088,2013-2014,2.5.0
76089,2013-2014,2.5.0
76090,2013-2014,2.5.0
76091,2013-2014,2.5.0
76092,2013-2014,2.5.0
76093,2013-2014,2.5.0
76094,2013-2014,2.5.0
76095,2013-2014,2.5.0
76096,2013-2014,2.5.0
76097,2013-2014,2.5.0
76098,2013-2014,2.5.0
76099,2013-2014,2.5.0
76101,2013-2014,2.5.0
76102,2013-2014,2.5.0
76103,2013-2014,2.5.0
76104,2013-2014,2.5.0
76105,2013-2014,2.5.0
76106,2013-2014,2.5.0
76108,2013-2014,2.5.0
76109,2013-2014,2.5.0
76110,2013-2014,2.5.0
76112,2013-2014,2.5.0
76114,2013-2014,2.5.0
76115,2013-2014,2.5.0
76116,2013-2014,2.5.0
76117,2013-2014,2.5.0
76118,2013-2014,2.5.0
76120,2013-2014,2.3.0
76121,2013-2014,2.5.0
76125,2013-2014,2.3.0
76126,2013-2014,2.5.0
76127,2013-2014,2.5.0
76128,2013-2014,2.5.0
76129,2013-2014,2.5.0
76130,2013-2014,2.2.0
76132,2013-2014,2.5.0
76133,2013-2014,2.5.0
76134,2013-2014,2.5.0
76135,2013-2014,2.5.0
76137,2013-2014,2.5.0
76139,2013-2014,2.5.0
76140,2013-2014,2.5.0
76144,2013-2014,2.5.0
76145,2013-2014,2.5.0
76146,2013-2014,2.5.0
76147,2013-2014,2.5.0
76148,2013-2014,2.5.0
76151,2013-2014,2.5.0
76154,2013-2014,2.5.0
76155,2013-2014,2.5.0
76156,2013-2014,2.3.0
76158,2013-2014,2.5.0
76159,2013-2014,2.5.0
76160,2013-2014,2.5.0
76161,2013-2014,2.5.0
76162,2013-2014,2.3.0
76164,2013-2014,2.5.0
76165,2013-2014,2.5.0
76168,2013-2014,2.5.0
76169,2013-2014,2.5.0
76170,2013-2014,2.5.0
76172,2013-2014,2.5.0
76173,2013-2014,2.5.0
76175,2013-2014,2.5.0
76176,2013-2014,2.5.0
76177,2013-2014,2.5.0
76178,2013-2014,2.5.0
76179,2013-2014,2.5.0
76180,2013-2014,2.5.0
76181,2013-2014,2.4.0
76182,2013-2014,2.5.0
76183,2013-2014,2.5.0
76184,2013-2014,2.5.0
76185,2013-2014,2.5.0
76186,2013-2014,2.5.0
76187,2013-2014,2.3.0
76188,2013-2014,2.5.0
76190,2013-2014,2.5.0
76191,2013-2014,2.5.0
76192,2013-2014,2.3.0
76193,2013-2014,2.5.0
76195,2013-2014,2.5.0
76198,2013-2014,2.5.0
76199,2013-2014,2.4.0
76201,2013-2014,2.5.0
76203,2013-2014,2.5.0
76204,2013-2014,2.5.0
76206,2013-2014,2.5.0
76207,2013-2014,2.5.0
76208,2013-2014,2.5.0
76210,2013-2014,2.5.0
76211,2013-2014,2.5.0
76212,2013-2014,2.5.0
76213,2013-2014,2.3.0
76214,2013-2014,2.5.0
76215,2013-2014,2.5.0
76216,2013-2014,2.3.0
76217,2013-2014,2.5.0
76218,2013-2014,2.5.0
76219,2013-2014,2.5.0
76220,2013-2014,2.5.0
76221,2013-2014,2.5.0
76223,2013-2014,2.5.0
76224,2013-2014,2.5.0
76226,2013-2014,2.5.0
76227,2013-2014,2.5.0
76229,2013-2014,2.3.0
76231,2013-2014,2.5.0
76232,2013-2014,2.5.0
76233,2013-2014,2.5.0
76234,2013-2014,2.5.0
76235,2013-2014,2.5.0
76236,2013-2014,2.5.0
76237,2013-2014,2.5.0
76238,2013-2014,2.5.0
76239,2013-2014,2.5.0
76240,2013-2014,2.3.0
76241,2013-2014,2.5.0
76242,2013-2014,2.5.0
76243,2013-2014,2.5.0
76244,2013-2014,2.5.0
76245,2013-2014,2.5.0
76246,2013-2014,2.5.0
76248,2013-2014,2.5.0
76250,2013-2014,2.5.0
76251,2013-2014,2.5.0
76252,2013-2014,2.5.0
76253,2013-2014,2.5.0
76256,2013-2014,2.5.0
76258,2013-2014,2.5.0
76259,2013-2014,2.5.0
76260,2013-2014,2.3.0
76261,2013-2014,2.5.0
76262,2013-2014,2.5.0
76264,2013-2014,2.5.0
76265,2013-2014,2.5.0
76266,2013-2014,2.5.0
76267,2013-2014,2.5.0
76270,2013-2014,2.5.0
76272,2013-2014,2.5.0
76273,2013-2014,2.5.0
76276,2013-2014,2.3.0
76277,2013-2014,2.5.0
76278,2013-2014,2.5.0
76279,2013-2014,2.5.0
76282,2013-2014,2.5.0
76285,2013-2014,2.3.0
76286,2013-2014,2.5.0
76288,2013-2014,2.5.0
76289,2013-2014,2.5.0
76290,2013-2014,2.5.0
76293,2013-2014,2.3.0
76294,2013-2014,2.5.0
76295,2013-2014,2.4.0
76296,2013-2014,2.5.0
76298,2013-2014,2.5.0
76299,2013-2014,2.5.0
76300,2013-2014,2.5.0
76302,2013-2014,2.3.0
76303,2013-2014,2.5.0
76304,2013-2014,2.5.0
76305,2013-2014,2.5.0
76306,2013-2014,2.5.0
76307,2013-2014,2.5.0
76309,2013-2014,2.5.0
76310,2013-2014,2.3.0
76311,2013-2014,2.5.0
76312,2013-2014,2.5.0
76314,2013-2014,2.5.0
76315,2013-2014,2.5.0
76316,2013-2014,2.5.0
76319,2013-2014,2.5.0
76321,2013-2014,2.5.0
76322,2013-2014,2.5.0
76323,2013-2014,2.5.0
76325,2013-2014,2.5.0
76326,2013-2014,2.5.0
76328,2013-2014,2.5.0
76329,2013-2014,2.5.0
76333,2013-2014,2.4.0
76336,2013-2014,2.5.0
76337,2013-2014,2.5.0
76339,2013-2014,2.5.0
76340,2013-2014,2.5.0
76342,2013-2014,2.5.0
76344,2013-2014,2.5.0
76345,2013-2014,2.5.0
76347,2013-2014,2.5.0
76352,2013-2014,2.5.0
76353,2013-2014,2.5.0
76354,2013-2014,2.5.0
76355,2013-2014,2.5.0
76356,2013-2014,2.5.0
76359,2013-2014,2.5.0
76360,2013-2014,2.5.0
76363,2013-2014,2.5.0
76364,2013-2014,2.5.0
76365,2013-2014,2.3.0
76366,2013-2014,2.5.0
76369,2013-2014,2.5.0
76371,2013-2014,2.5.0
76372,2013-2014,2.5.0
76374,2013-2014,2.5.0
76375,2013-2014,2.5.0
76376,2013-2014,2.5.0
76377,2013-2014,2.5.0
76380,2013-2014,2.5.0
76381,2013-2014,2.5.0
76383,2013-2014,2.5.0
76385,2013-2014,2.5.0
76387,2013-2014,2.5.0
76388,2013-2014,2.5.0
76390,2013-2014,2.5.0
76391,2013-2014,2.5.0
76393,2013-2014,2.5.0
76394,2013-2014,2.5.0
76395,2013-2014,2.5.0
76397,2013-2014,2.5.0
76398,2013-2014,2.5.0
76400,2013-2014,2.5.0
76401,2013-2014,2.5.0
76402,2013-2014,2.5.0
76403,2013-2014,2.5.0
76404,2013-2014,2.5.0
76405,2013-2014,2.5.0
76408,2013-2014,2.5.0
76409,2013-2014,2.5.0
76410,2013-2014,2.5.0
76411,2013-2014,2.5.0
76412,2013-2014,2.5.0
76414,2013-2014,2.5.0
76415,2013-2014,2.2.0
76416,2013-2014,2.5.0
76417,2013-2014,2.5.0
76418,2013-2014,2.5.0
76419,2013-2014,2.5.0
76422,2013-2014,2.5.0
76423,2013-2014,2.5.0
76424,2013-2014,2.5.0
76427,2013-2014,2.5.0
76429,2013-2014,2.5.0
76431,2013-2014,2.5.0
76432,2013-2014,2.5.0
76433,2013-2014,2.5.0
76434,2013-2014,2.5.0
76435,2013-2014,2.5.0
76436,2013-2014,2.5.0
76437,2013-2014,2.5.0
76439,2013-2014,2.5.0
76440,2013-2014,2.5.0
76441,2013-2014,2.5.0
76442,2013-2014,2.5.0
76444,2013-2014,2.5.0
76445,2013-2014,2.5.0
76451,2013-2014,2.5.0
76453,2013-2014,2.5.0
76454,2013-2014,2.5.0
76455,2013-2014,2.5.0
76456,2013-2014,2.5.0
76457,2013-2014,2.4.0
76458,2013-2014,2.5.0
76459,2013-2014,2.5.0
76461,2013-2014,2.3.0
76463,2013-2014,2.3.0
76464,2013-2014,2.5.0
76465,2013-2014,2.5.0
76466,2013-2014,2.3.0
76467,2013-2014,2.5.0
76468,2013-2014,2.5.0
76469,2013-2014,2.5.0
76472,2013-2014,2.5.0
76473,2013-2014,2.5.0
76476,2013-2014,2.5.0
76477,2013-2014,2.5.0
76478,2013-2014,2.5.0
76479,2013-2014,2.3.0
76480,2013-2014,2.5.0
76481,2013-2014,2.3.0
76482,2013-2014,2.5.0
76483,2013-2014,2.5.0
76484,2013-2014,2.5.0
76485,2013-2014,2.5.0
76486,2013-2014,2.5.0
76487,2013-2014,2.5.0
76488,2013-2014,2.5.0
76490,2013-2014,2.5.0
76491,2013-2014,2.5.0
76493,2013-2014,2.5.0
76494,2013-2014,2.5.0
76495,2013-2014,2.5.0
76496,2013-2014,2.5.0
76498,2013-2014,2.5.0
76499,2013-2014,2.5.0
76500,2013-2014,2.4.0
76501,2013-2014,2.5.0
76502,2013-2014,2.5.0
76503,2013-2014,2.2.0
76504,2013-2014,2.5.0
76505,2013-2014,2.5.0
76508,2013-2014,2.5.0
76509,2013-2014,2.5.0
76512,2013-2014,2.5.0
76513,2013-2014,2.5.0
76514,2013-2014,2.5.0
76515,2013-2014,2.2.0
76518,2013-2014,2.5.0
76520,2013-2014,2.5.0
76521,2013-2014,2.5.0
76522,2013-2014,2.5.0
76523,2013-2014,2.5.0
76524,2013-2014,2.5.0
76525,2013-2014,2.5.0
76526,2013-2014,2.5.0
76527,2013-2014,2.5.0
76528,2013-2014,2.5.0
76529,2013-2014,2.5.0
76530,2013-2014,2.5.0
76531,2013-2014,2.5.0
76532,2013-2014,2.5.0
76533,2013-2014,2.5.0
76534,2013-2014,2.5.0
76537,2013-2014,2.5.0
76539,2013-2014,2.5.0
76540,2013-2014,2.5.0
76541,2013-2014,2.5.0
76543,2013-2014,2.5.0
76544,2013-2014,2.5.0
76547,2013-2014,2.5.0
76548,2013-2014,2.5.0
76549,2013-2014,2.5.0
76550,2013-2014,2.5.0
76551,2013-2014,2.3.0
76552,2013-2014,2.5.0
76553,2013-2014,2.5.0
76554,2013-2014,2.5.0
76556,2013-2014,2.5.0
76557,2013-2014,2.4.0
76558,2013-2014,2.3.0
76559,2013-2014,2.5.0
76560,2013-2014,2.5.0
76561,2013-2014,2.5.0
76563,2013-2014,2.5.0
76565,2013-2014,2.5.0
76566,2013-2014,2.5.0
76567,2013-2014,2.5.0
76568,2013-2014,2.5.0
76569,2013-2014,2.5.0
76570,2013-2014,2.5.0
76571,2013-2014,2.5.0
76574,2013-2014,2.5.0
76575,2013-2014,2.3.0
76576,2013-2014,2.5.0
76577,2013-2014,2.5.0
76578,2013-2014,2.5.0
76579,2013-2014,2.5.0
76580,2013-2014,2.5.0
76581,2013-2014,2.5.0
76583,2013-2014,2.5.0
76586,2013-2014,2.3.0
76587,2013-2014,2.5.0
76589,2013-2014,2.5.0
76590,2013-2014,2.3.0
76591,2013-2014,2.5.0
76592,2013-2014,2.5.0
76593,2013-2014,2.5.0
76594,2013-2014,2.5.0
76595,2013-2014,2.2.0
76596,2013-2014,2.5.0
76597,2013-2014,2.5.0
76598,2013-2014,2.5.0
76599,2013-2014,2.5.0
76600,2013-2014,2.5.0
76601,2013-2014,2.5.0
76602,2013-2014,2.5.0
76603,2013-2014,2.5.0
76604,2013-2014,2.5.0
76605,2013-2014,2.5.0
76606,2013-2014,2.4.0
76608,2013-2014,2.5.0
76609,2013-2014,2.3.0
76610,2013-2014,2.5.0
76611,2013-2014,2.5.0
76612,2013-2014,2.3.0
76613,2013-2014,2.5.0
76614,2013-2014,2.5.0
76615,2013-2014,2.5.0
76617,2013-2014,2.5.0
76618,2013-2014,2.5.0
76619,2013-2014,2.5.0
76620,2013-2014,2.5.0
76622,2013-2014,2.5.0
76624,2013-2014,2.5.0
76625,2013-2014,2.5.0
76626,2013-2014,2.5.0
76627,2013-2014,2.5.0
76629,2013-2014,2.5.0
76630,2013-2014,2.5.0
76631,2013-2014,2.5.0
76633,2013-2014,2.5.0
76634,2013-2014,2.5.0
76635,2013-2014,2.5.0
76636,2013-2014,2.5.0
76637,2013-2014,2.5.0
76638,2013-2014,2.5.0
76639,2013-2014,2.5.0
76640,2013-2014,2.5.0
76641,2013-2014,2.5.0
76642,2013-2014,2.3.0
76643,2013-2014,2.5.0
76644,2013-2014,2.3.0
76645,2013-2014,2.5.0
76648,2013-2014,2.5.0
76650,2013-2014,2.5.0
76652,2013-2014,2.3.0
76653,2013-2014,2.5.0
76654,2013-2014,2.5.0
76656,2013-2014,2.5.0
76657,2013-2014,2.5.0
76658,2013-2014,2.5.0
76659,2013-2014,2.5.0
76660,2013-2014,2.5.0
76661,2013-2014,2.5.0
76662,2013-2014,2.5.0
76663,2013-2014,2.5.0
76665,2013-2014,2.5.0
76666,2013-2014,2.5.0
76667,2013-2014,2.5.0
76668,2013-2014,2.5.0
76669,2013-2014,2.5.0
76670,2013-2014,2.5.0
76671,2013-2014,2.5.0
76672,2013-2014,2.5.0
76673,2013-2014,2.5.0
76674,2013-2014,2.5.0
76675,2013-2014,2.5.0
76676,2013-2014,2.5.0
76677,2013-2014,2.5.0
76683,2013-2014,2.5.0
76684,2013-2014,2.5.0
76685,2013-2014,2.5.0
76686,2013-2014,2.5.0
76687,2013-2014,2.5.0
76688,2013-2014,2.3.0
76690,2013-2014,2.5.0
76691,2013-2014,2.5.0
76692,2013-2014,2.5.0
76696,2013-2014,2.5.0
76697,2013-2014,2.5.0
76698,2013-2014,2.5.0
76699,2013-2014,2.5.0
76700,2013-2014,2.4.0
76701,2013-2014,2.5.0
76702,2013-2014,2.3.0
76704,2013-2014,2.5.0
76705,2013-2014,2.5.0
76706,2013-2014,2.5.0
76707,2013-2014,2.5.0
76708,2013-2014,2.5.0
76709,2013-2014,2.5.0
76711,2013-2014,2.5.0
76712,2013-2014,2.5.0
76714,2013-2014,2.5.0
76716,2013-2014,2.5.0
76718,2013-2014,2.5.0
76719,2013-2014,2.5.0
76720,2013-2014,2.5.0
76721,2013-2014,2.5.0
76722,2013-2014,2.5.0
76723,2013-2014,2.5.0
76724,2013-2014,2.5.0
76725,2013-2014,2.5.0
76727,2013-2014,2.5.0
76728,2013-2014,2.5.0
76732,2013-2014,2.5.0
76733,2013-2014,2.5.0
76734,2013-2014,2.5.0
76735,2013-2014,2.5.0
76736,2013-2014,2.3.0
76737,2013-2014,2.5.0
76738,2013-2014,2.5.0
76740,2013-2014,2.5.0
76741,2013-2014,2.5.0
76742,2013-2014,2.5.0
76744,2013-2014,2.5.0
76745,2013-2014,2.5.0
76746,2013-2014,2.5.0
76747,2013-2014,2.5.0
76749,2013-2014,2.5.0
76750,2013-2014,2.3.0
76751,2013-2014,2.5.0
76752,2013-2014,2.5.0
76753,2013-2014,2.5.0
76754,2013-2014,2.5.0
76755,2013-2014,2.5.0
76756,2013-2014,2.5.0
76757,2013-2014,2.5.0
76758,2013-2014,2.5.0
76762,2013-2014,2.5.0
76763,2013-2014,2.5.0
76765,2013-2014,2.5.0
76766,2013-2014,2.5.0
76767,2013-2014,2.5.0
76768,2013-2014,2.5.0
76769,2013-2014,2.5.0
76770,2013-2014,2.5.0
76772,2013-2014,2.5.0
76774,2013-2014,2.5.0
76775,2013-2014,2.5.0
76776,2013-2014,2.5.0
76777,2013-2014,2.5.0
76779,2013-2014,2.5.0
76780,2013-2014,2.5.0
76783,2013-2014,2.3.0
76784,2013-2014,2.5.0
76785,2013-2014,2.5.0
76786,2013-2014,2.5.0
76787,2013-2014,2.5.0
76789,2013-2014,2.5.0
76792,2013-2014,2.5.0
76793,2013-2014,2.5.0
76794,2013-2014,2.5.0
76795,2013-2014,2.3.0
76796,2013-2014,2.5.0
76798,2013-2014,2.5.0
76799,2013-2014,2.5.0
76800,2013-2014,2.5.0
76802,2013-2014,2.5.0
76803,2013-2014,2.5.0
76804,2013-2014,2.5.0
76805,2013-2014,2.5.0
76806,2013-2014,2.5.0
76809,2013-2014,2.5.0
76811,2013-2014,2.5.0
76812,2013-2014,2.5.0
76814,2013-2014,2.5.0
76815,2013-2014,2.4.0
76817,2013-2014,2.5.0
76818,2013-2014,2.5.0
76819,2013-2014,2.3.0
76821,2013-2014,2.5.0
76823,2013-2014,2.5.0
76824,2013-2014,2.5.0
76825,2013-2014,2.5.0
76827,2013-2014,2.5.0
76830,2013-2014,2.5.0
76831,2013-2014,2.5.0
76832,2013-2014,2.5.0
76833,2013-2014,2.5.0
76834,2013-2014,2.5.0
76835,2013-2014,2.5.0
76837,2013-2014,2.4.0
76840,2013-2014,2.3.0
76841,2013-2014,2.5.0
76842,2013-2014,2.5.0
76843,2013-2014,2.5.0
76844,2013-2014,2.5.0
76845,2013-2014,2.5.0
76846,2013-2014,2.5.0
76847,2013-2014,2.5.0
76849,2013-2014,2.3.0
76850,2013-2014,2.5.0
76851,2013-2014,2.5.0
76853,2013-2014,2.5.0
76854,2013-2014,2.5.0
76856,2013-2014,2.5.0
76858,2013-2014,2.5.0
76859,2013-2014,2.5.0
76864,2013-2014,2.5.0
76866,2013-2014,2.3.0
76867,2013-2014,2.5.0
76868,2013-2014,2.5.0
76870,2013-2014,2.5.0
76871,2013-2014,2.5.0
76872,2013-2014,2.5.0
76873,2013-2014,2.5.0
76874,2013-2014,2.5.0
76875,2013-2014,2.5.0
76877,2013-2014,2.5.0
76878,2013-2014,2.2.0
76880,2013-2014,2.5.0
76881,2013-2014,2.5.0
76882,2013-2014,2.5.0
76883,2013-2014,2.5.0
76884,2013-2014,2.5.0
76885,2013-2014,2.5.0
76886,2013-2014,2.3.0
76888,2013-2014,2.5.0
76890,2013-2014,2.5.0
76891,2013-2014,2.5.0
76893,2013-2014,2.3.0
76894,2013-2014,2.5.0
76895,2013-2014,2.5.0
76896,2013-2014,2.5.0
76897,2013-2014,2.5.0
76898,2013-2014,2.5.0
76899,2013-2014,2.5.0
76900,2013-2014,2.5.0
76901,2013-2014,2.5.0
76902,2013-2014,2.5.0
76903,2013-2014,2.5.0
76904,2013-2014,2.5.0
76905,2013-2014,2.3.0
76906,2013-2014,2.5.0
76907,2013-2014,2.5.0
76908,2013-2014,2.5.0
76909,2013-2014,2.3.0
76910,2013-2014,2.5.0
76911,2013-2014,2.5.0
76912,2013-2014,2.5.0
76914,2013-2014,2.5.0
76915,2013-2014,2.5.0
76916,2013-2014,2.5.0
76919,2013-2014,2.5.0
76920,2013-2014,2.5.0
76921,2013-2014,2.5.0
76924,2013-2014,2.5.0
76925,2013-2014,2.5.0
76927,2013-2014,2.5.0
76928,2013-2014,2.5.0
76929,2013-2014,2.5.0
76930,2013-2014,2.5.0
76931,2013-2014,2.5.0
76933,2013-2014,2.5.0
76934,2013-2014,2.5.0
76935,2013-2014,2.5.0
76936,2013-2014,2.5.0
76937,2013-2014,2.5.0
76938,2013-2014,2.5.0
76940,2013-2014,2.5.0
76941,2013-2014,2.5.0
76943,2013-2014,2.5.0
76944,2013-2014,2.5.0
76945,2013-2014,2.5.0
76946,2013-2014,2.5.0
76948,2013-2014,2.5.0
76949,2013-2014,2.5.0
76950,2013-2014,2.5.0
76951,2013-2014,2.5.0
76953,2013-2014,2.2.0
76954,2013-2014,2.3.0
76956,2013-2014,2.5.0
76957,2013-2014,2.5.0
76958,2013-2014,2.5.0
76959,2013-2014,2.5.0
76961,2013-2014,2.5.0
76962,2013-2014,2.5.0
76963,2013-2014,2.5.0
76964,2013-2014,2.5.0
76965,2013-2014,2.5.0
76966,2013-2014,2.5.0
76967,2013-2014,2.3.0
76968,2013-2014,2.5.0
76969,2013-2014,2.5.0
76970,2013-2014,2.5.0
76971,2013-2014,2.5.0
76972,2013-2014,2.3.0
76973,2013-2014,2.5.0
76974,2013-2014,2.5.0
76975,2013-2014,2.5.0
76976,2013-2014,2.5.0
76977,2013-2014,2.5.0
76978,2013-2014,2.5.0
76979,2013-2014,2.3.0
76981,2013-2014,2.5.0
76982,2013-2014,2.5.0
76983,2013-2014,2.5.0
76984,2013-2014,2.5.0
76985,2013-2014,2.5.0
76987,2013-2014,2.5.0
76988,2013-2014,2.5.0
76989,2013-2014,2.5.0
76990,2013-2014,2.5.0
76993,2013-2014,2.5.0
76994,2013-2014,2.5.0
76995,2013-2014,2.5.0
76996,2013-2014,2.5.0
76997,2013-2014,2.5.0
76998,2013-2014,2.5.0
76999,2013-2014,2.5.0
77000,2013-2014,2.5.0
77001,2013-2014,2.2.0
77002,2013-2014,2.5.0
77003,2013-2014,2.5.0
77004,2013-2014,2.5.0
77005,2013-2014,2.5.0
77006,2013-2014,2.5.0
77007,2013-2014,2.5.0
77008,2013-2014,2.5.0
77009,2013-2014,2.3.0
77010,2013-2014,2.5.0
77011,2013-2014,2.5.0
77012,2013-2014,2.5.0
77013,2013-2014,2.5.0
77014,2013-2014,2.5.0
77016,2013-2014,2.5.0
77017,2013-2014,2.3.0
77019,2013-2014,2.5.0
77020,2013-2014,2.5.0
77021,2013-2014,2.5.0
77022,2013-2014,2.5.0
77023,2013-2014,2.5.0
77025,2013-2014,2.5.0
77026,2013-2014,2.5.0
77028,2013-2014,2.5.0
77029,2013-2014,2.5.0
77030,2013-2014,2.3.0
77032,2013-2014,2.5.0
77035,2013-2014,2.5.0
77036,2013-2014,2.5.0
77037,2013-2014,2.5.0
77038,2013-2014,2.5.0
77039,2013-2014,2.5.0
77040,2013-2014,2.5.0
77041,2013-2014,2.5.0
77042,2013-2014,2.5.0
77046,2013-2014,2.5.0
77047,2013-2014,2.5.0
77049,2013-2014,2.5.0
77050,2013-2014,2.5.0
77051,2013-2014,2.5.0
77052,2013-2014,2.5.0
77053,2013-2014,2.5.0
77054,2013-2014,2.2.0
77055,2013-2014,2.5.0
77057,2013-2014,2.5.0
77058,2013-2014,2.3.0
77059,2013-2014,2.5.0
77061,2013-2014,2.5.0
77063,2013-2014,2.5.0
77065,2013-2014,2.5.0
77067,2013-2014,2.5.0
77068,2013-2014,2.5.0
77070,2013-2014,2.5.0
77071,2013-2014,2.5.0
77072,2013-2014,2.5.0
77073,2013-2014,2.5.0
77074,2013-2014,2.5.0
77075,2013-2014,2.5.0
77076,2013-2014,2.5.0
77077,2013-2014,2.5.0
77078,2013-2014,2.5.0
77080,2013-2014,2.5.0
77081,2013-2014,2.5.0
77082,2013-2014,2.5.0
77083,2013-2014,2.5.0
77086,2013-2014,2.5.0
77087,2013-2014,2.5.0
77088,2013-2014,2.5.0
77091,2013-2014,2.5.0
77092,2013-2014,2.5.0
77094,2013-2014,2.5.0
77095,2013-2014,2.5.0
77096,2013-2014,2.5.0
77097,2013-2014,2.5.0
77098,2013-2014,2.5.0
77099,2013-2014,2.5.0
77100,2013-2014,2.5.0
77101,2013-2014,2.5.0
77102,2013-2014,2.5.0
77103,2013-2014,2.5.0
77104,2013-2014,2.5.0
77105,2013-2014,2.5.0
77106,2013-2014,2.5.0
77107,2013-2014,2.5.0
77108,2013-2014,2.5.0
77109,2013-2014,2.5.0
77110,2013-2014,2.5.0
77111,2013-2014,2.5.0
77112,2013-2014,2.3.0
77115,2013-2014,2.5.0
77116,2013-2014,2.5.0
77117,2013-2014,2.5.0
77119,2013-2014,2.5.0
77120,2013-2014,2.5.0
77121,2013-2014,2.5.0
77122,2013-2014,2.5.0
77123,2013-2014,2.5.0
77124,2013-2014,2.5.0
77125,2013-2014,2.3.0
77126,2013-2014,2.5.0
77127,2013-2014,2.5.0
77128,2013-2014,2.5.0
77129,2013-2014,2.5.0
77130,2013-2014,2.5.0
77132,2013-2014,2.5.0
77134,2013-2014,2.5.0
77135,2013-2014,2.5.0
77138,2013-2014,2.5.0
77139,2013-2014,2.5.0
77140,2013-2014,2.5.0
77141,2013-2014,2.5.0
77144,2013-2014,2.5.0
77148,2013-2014,2.5.0
77150,2013-2014,2.5.0
77151,2013-2014,2.5.0
77152,2013-2014,2.5.0
77153,2013-2014,2.5.0
77154,2013-2014,2.5.0
77155,2013-2014,2.5.0
77156,2013-2014,2.2.0
77158,2013-2014,2.5.0
77159,2013-2014,2.5.0
77160,2013-2014,2.5.0
77162,2013-2014,2.5.0
77163,2013-2014,2.5.0
77164,2013-2014,2.5.0
77165,2013-2014,2.5.0
77167,2013-2014,2.5.0
77169,2013-2014,2.5.0
77170,2013-2014,2.5.0
77171,2013-2014,2.4.0
77173,2013-2014,2.5.0
77176,2013-2014,2.5.0
77177,2013-2014,2.5.0
77178,2013-2014,2.5.0
77180,2013-2014,2.5.0
77181,2013-2014,2.2.0
77182,2013-2014,2.5.0
77183,2013-2014,2.5.0
77185,2013-2014,2.5.0
77186,2013-2014,2.5.0
77187,2013-2014,2.5.0
77188,2013-2014,2.5.0
77189,2013-2014,2.5.0
77191,2013-2014,2.5.0
77192,2013-2014,2.5.0
77193,2013-2014,2.5.0
77194,2013-2014,2.5.0
77195,2013-2014,2.5.0
77196,2013-2014,2.5.0
77197,2013-2014,2.5.0
77198,2013-2014,2.5.0
77199,2013-2014,2.5.0
77200,2013-2014,2.5.0
77201,2013-2014,2.5.0
77202,2013-2014,2.5.0
77203,2013-2014,2.5.0
77204,2013-2014,2.5.0
77205,2013-2014,2.5.0
77206,2013-2014,2.3.0
77210,2013-2014,2.5.0
77212,2013-2014,2.5.0
77213,2013-2014,2.5.0
77214,2013-2014,2.5.0
77215,2013-2014,2.5.0
77218,2013-2014,2.5.0
77219,2013-2014,2.5.0
77220,2013-2014,2.5.0
77221,2013-2014,2.5.0
77222,2013-2014,2.3.0
77223,2013-2014,2.5.0
77224,2013-2014,2.5.0
77226,2013-2014,2.5.0
77227,2013-2014,2.5.0
77228,2013-2014,2.3.0
77229,2013-2014,2.5.0
77232,2013-2014,2.5.0
77234,2013-2014,2.5.0
77235,2013-2014,2.5.0
77236,2013-2014,2.5.0
77237,2013-2014,2.5.0
77238,2013-2014,2.3.0
77239,2013-2014,2.5.0
77240,2013-2014,2.3.0
77241,2013-2014,2.5.0
77242,2013-2014,2.5.0
77243,2013-2014,2.5.0
77244,2013-2014,2.5.0
77245,2013-2014,2.3.0
77246,2013-2014,2.5.0
77247,2013-2014,2.5.0
77248,2013-2014,2.5.0
77249,2013-2014,2.5.0
77250,2013-2014,2.5.0
77251,2013-2014,2.5.0
77252,2013-2014,2.5.0
77253,2013-2014,2.5.0
77254,2013-2014,2.5.0
77255,2013-2014,2.5.0
77256,2013-2014,2.5.0
77257,2013-2014,2.5.0
77258,2013-2014,2.5.0
77259,2013-2014,2.5.0
77262,2013-2014,2.5.0
77263,2013-2014,2.5.0
77264,2013-2014,2.5.0
77265,2013-2014,2.5.0
77266,2013-2014,2.5.0
77268,2013-2014,2.3.0
77269,2013-2014,2.5.0
77270,2013-2014,2.5.0
77271,2013-2014,2.5.0
77272,2013-2014,2.5.0
77273,2013-2014,2.5.0
77275,2013-2014,2.5.0
77277,2013-2014,2.5.0
77278,2013-2014,2.5.0
77279,2013-2014,2.5.0
77281,2013-2014,2.5.0
77282,2013-2014,2.3.0
77284,2013-2014,2.5.0
77285,2013-2014,2.5.0
77286,2013-2014,2.4.0
77287,2013-2014,2.5.0
77289,2013-2014,2.5.0
77290,2013-2014,2.5.0
77291,2013-2014,2.5.0
77292,2013-2014,2.5.0
77293,2013-2014,2.4.0
77295,2013-2014,2.5.0
77297,2013-2014,2.5.0
77298,2013-2014,2.3.0
77299,2013-2014,2.5.0
77300,2013-2014,2.5.0
77301,2013-2014,2.5.0
77303,2013-2014,2.5.0
77304,2013-2014,2.5.0
77305,2013-2014,2.5.0
77306,2013-2014,2.5.0
77307,2013-2014,2.5.0
77308,2013-2014,2.5.0
77310,2013-2014,2.5.0
77311,2013-2014,2.5.0
77313,2013-2014,2.5.0
77314,2013-2014,2.5.0
77315,2013-2014,2.5.0
77316,2013-2014,2.5.0
77318,2013-2014,2.5.0
77319,2013-2014,2.5.0
77320,2013-2014,2.5.0
77323,2013-2014,2.5.0
77324,2013-2014,2.5.0
77325,2013-2014,2.3.0
77326,2013-2014,2.3.0
77328,2013-2014,2.5.0
77329,2013-2014,2.5.0
77331,2013-2014,2.5.0
77332,2013-2014,2.5.0
77333,2013-2014,2.5.0
77335,2013-2014,2.5.0
77336,2013-2014,2.5.0
77337,2013-2014,2.5.0
77338,2013-2014,2.5.0
77339,2013-2014,2.3.0
77340,2013-2014,2.3.0
77341,2013-2014,2.5.0
77342,2013-2014,2.5.0
77346,2013-2014,2.5.0
77347,2013-2014,2.3.0
77348,2013-2014,2.5.0
77349,2013-2014,2.5.0
77350,2013-2014,2.5.0
77352,2013-2014,2.5.0
77356,2013-2014,2.3.0
77360,2013-2014,2.5.0
77361,2013-2014,2.5.0
77362,2013-2014,2.3.0
77363,2013-2014,2.5.0
77365,2013-2014,2.3.0
77366,2013-2014,2.5.0
77367,2013-2014,2.4.0
77368,2013-2014,2.5.0
77370,2013-2014,2.5.0
77371,2013-2014,2.5.0
77372,2013-2014,2.5.0
77373,2013-2014,2.5.0
77374,2013-2014,2.5.0
77377,2013-2014,2.5.0
77379,2013-2014,2.5.0
77380,2013-2014,2.5.0
77381,2013-2014,2.5.0
77383,2013-2014,2.5.0
77384,2013-2014,2.5.0
77385,2013-2014,2.5.0
77386,2013-2014,2.5.0
77388,2013-2014,2.5.0
77389,2013-2014,2.5.0
77390,2013-2014,2.5.0
77391,2013-2014,2.5.0
77392,2013-2014,2.5.0
77394,2013-2014,2.5.0
77395,2013-2014,2.5.0
77396,2013-2014,2.5.0
77397,2013-2014,2.5.0
77398,2013-2014,2.5.0
77399,2013-2014,2.5.0
77400,2013-2014,2.3.0
77402,2013-2014,2.5.0
77403,2013-2014,2.5.0
77404,2013-2014,2.5.0
77405,2013-2014,2.5.0
77407,2013-2014,2.5.0
77408,2013-2014,2.5.0
77409,2013-2014,2.5.0
77411,2013-2014,2.5.0
77412,2013-2014,2.5.0
77414,2013-2014,2.5.0
77415,2013-2014,2.5.0
77417,2013-2014,2.5.0
77419,2013-2014,2.5.0
77420,2013-2014,2.5.0
77423,2013-2014,2.3.0
77424,2013-2014,2.5.0
77425,2013-2014,2.5.0
77426,2013-2014,2.5.0
77429,2013-2014,2.5.0
77431,2013-2014,2.5.0
77433,2013-2014,2.5.0
77434,2013-2014,2.5.0
77435,2013-2014,2.5.0
77436,2013-2014,2.5.0
77438,2013-2014,2.5.0
77439,2013-2014,2.5.0
77442,2013-2014,2.5.0
77443,2013-2014,2.5.0
77444,2013-2014,2.5.0
77446,2013-2014,2.5.0
77447,2013-2014,2.5.0
77450,2013-2014,2.5.0
77451,2013-2014,2.5.0
77452,2013-2014,2.5.0
77453,2013-2014,2.5.0
77455,2013-2014,2.5.0
77456,2013-2014,2.5.0
77457,2013-2014,2.5.0
77458,2013-2014,2.5.0
77459,2013-2014,2.5.0
77462,2013-2014,2.5.0
77463,2013-2014,2.5.0
77464,2013-2014,2.5.0
77465,2013-2014,2.5.0
77466,2013-2014,2.5.0
77467,2013-2014,2.5.0
77468,2013-2014,2.5.0
77469,2013-2014,2.5.0
77470,2013-2014,2.5.0
77471,2013-2014,2.5.0
77473,2013-2014,2.5.0
77474,2013-2014,2.5.0
77475,2013-2014,2.3.0
77476,2013-2014,2.5.0
77477,2013-2014,2.5.0
77478,2013-2014,2.5.0
77479,2013-2014,2.5.0
77481,2013-2014,2.5.0
77482,2013-2014,2.4.0
77483,2013-2014,2.5.0
77484,2013-2014,2.5.0
77485,2013-2014,2.5.0
77486,2013-2014,2.5.0
77487,2013-2014,2.5.0
77488,2013-2014,2.5.0
77489,2013-2014,2.5.0
77490,2013-2014,2.5.0
77492,2013-2014,2.5.0
77493,2013-2014,2.5.0
77494,2013-2014,2.5.0
77495,2013-2014,2.3.0
77497,2013-2014,2.5.0
77498,2013-2014,2.3.0
77499,2013-2014,2.3.0
77500,2013-2014,2.5.0
77501,2013-2014,2.3.0
77502,2013-2014,2.5.0
77503,2013-2014,2.5.0
77504,2013-2014,2.5.0
77505,2013-2014,2.5.0
77507,2013-2014,2.5.0
77508,2013-2014,2.5.0
77509,2013-2014,2.5.0
77510,2013-2014,2.5.0
77511,2013-2014,2.5.0
77513,2013-2014,2.5.0
77517,2013-2014,2.5.0
77518,2013-2014,2.5.0
77519,2013-2014,2.5.0
77520,2013-2014,2.5.0
77521,2013-2014,2.3.0
77522,2013-2014,2.5.0
77524,2013-2014,2.5.0
77527,2013-2014,2.5.0
77528,2013-2014,2.5.0
77529,2013-2014,2.5.0
77531,2013-2014,2.5.0
77532,2013-2014,2.5.0
77533,2013-2014,2.5.0
77534,2013-2014,2.5.0
77535,2013-2014,2.5.0
77536,2013-2014,2.5.0
77538,2013-2014,2.5.0
77539,2013-2014,2.5.0
77540,2013-2014,2.5.0
77541,2013-2014,2.5.0
77542,2013-2014,2.5.0
77543,2013-2014,2.5.0
77546,2013-2014,2.5.0
77547,2013-2014,2.5.0
77548,2013-2014,2.5.0
77549,2013-2014,2.5.0
77550,2013-2014,2.5.0
77551,2013-2014,2.5.0
77552,2013-2014,2.5.0
77555,2013-2014,2.5.0
77556,2013-2014,2.5.0
77557,2013-2014,2.5.0
77560,2013-2014,2.5.0
77561,2013-2014,2.5.0
77562,2013-2014,2.5.0
77563,2013-2014,2.5.0
77568,2013-2014,2.5.0
77569,2013-2014,2.5.0
77570,2013-2014,2.5.0
77571,2013-2014,2.5.0
77573,2013-2014,2.5.0
77574,2013-2014,2.5.0
77577,2013-2014,2.5.0
77579,2013-2014,2.5.0
77580,2013-2014,2.5.0
77581,2013-2014,2.5.0
77582,2013-2014,2.5.0
77583,2013-2014,2.5.0
77584,2013-2014,2.5.0
77585,2013-2014,2.5.0
77586,2013-2014,2.5.0
77587,2013-2014,2.5.0
77588,2013-2014,2.5.0
77589,2013-2014,2.5.0
77590,2013-2014,2.5.0
77591,2013-2014,2.5.0
77592,2013-2014,2.5.0
77593,2013-2014,2.5.0
77594,2013-2014,2.5.0
77596,2013-2014,2.5.0
77597,2013-2014,2.5.0
77598,2013-2014,2.5.0
77600,2013-2014,2.5.0
77601,2013-2014,2.5.0
77602,2013-2014,2.5.0
77603,2013-2014,2.5.0
77604,2013-2014,2.5.0
77605,2013-2014,2.5.0
77606,2013-2014,2.5.0
77607,2013-2014,2.5.0
77608,2013-2014,2.5.0
77609,2013-2014,2.5.0
77610,2013-2014,2.5.0
77611,2013-2014,2.5.0
77612,2013-2014,2.5.0
77614,2013-2014,2.5.0
77615,2013-2014,2.5.0
77617,2013-2014,2.5.0
77618,2013-2014,2.5.0
77620,2013-2014,2.5.0
77621,2013-2014,2.5.0
77622,2013-2014,2.5.0
77623,2013-2014,2.5.0
77624,2013-2014,2.5.0
77625,2013-2014,2.5.0
77626,2013-2014,2.5.0
77627,2013-2014,2.5.0
77628,2013-2014,2.5.0
77630,2013-2014,2.4.0
77631,2013-2014,2.5.0
77632,2013-2014,2.5.0
77634,2013-2014,2.5.0
77635,2013-2014,2.5.0
77636,2013-2014,2.5.0
77637,2013-2014,2.5.0
77638,2013-2014,2.5.0
77639,2013-2014,2.5.0
77640,2013-2014,2.3.0
77642,2013-2014,2.5.0
77643,2013-2014,2.5.0
77644,2013-2014,2.5.0
77645,2013-2014,2.5.0
77646,2013-2014,2.5.0
77647,2013-2014,2.5.0
77649,2013-2014,2.5.0
77651,2013-2014,2.5.0
77652,2013-2014,2.3.0
77653,2013-2014,2.3.0
77654,2013-2014,2.5.0
77655,2013-2014,2.5.0
77657,2013-2014,2.5.0
77658,2013-2014,2.5.0
77659,2013-2014,2.5.0
77660,2013-2014,2.5.0
77661,2013-2014,2.5.0
77662,2013-2014,2.5.0
77664,2013-2014,2.5.0
77666,2013-2014,2.2.0
77667,2013-2014,2.5.0
77668,2013-2014,2.5.0
77669,2013-2014,2.5.0
77670,2013-2014,2.3.0
77672,2013-2014,2.3.0
77674,2013-2014,2.5.0
77675,2013-2014,2.5.0
77677,2013-2014,2.5.0
77678,2013-2014,2.5.0
77679,2013-2014,2.5.0
77680,2013-2014,2.5.0
77681,2013-2014,2.5.0
77682,2013-2014,2.5.0
77683,2013-2014,2.5.0
77684,2013-2014,2.5.0
77685,2013-2014,2.5.0
77687,2013-2014,2.5.0
77688,2013-2014,2.5.0
77692,2013-2014,2.5.0
77693,2013-2014,2.5.0
77694,2013-2014,2.5.0
77696,2013-2014,2.3.0
77698,2013-2014,2.5.0
77699,2013-2014,2.5.0
77700,2013-2014,2.5.0
77701,2013-2014,2.5.0
77703,2013-2014,2.5.0
77704,2013-2014,2.5.0
77705,2013-2014,2.5.0
77707,2013-2014,2.5.0
77711,2013-2014,2.5.0
77712,2013-2014,2.3.0
77713,2013-2014,2.5.0
77714,2013-2014,2.5.0
77715,2013-2014,2.5.0
77716,2013-2014,2.5.0
77717,2013-2014,2.5.0
77719,2013-2014,2.5.0
77720,2013-2014,2.5.0
77721,2013-2014,2.5.0
77722,2013-2014,2.5.0
77723,2013-2014,2.5.0
77724,2013-2014,2.5.0
77727,2013-2014,2.5.0
77729,2013-2014,2.5.0
77730,2013-2014,2.4.0
77732,2013-2014,2.5.0
77733,2013-2014,2.5.0
77734,2013-2014,2.3.0
77735,2013-2014,2.5.0
77736,2013-2014,2.5.0
77739,2013-2014,2.5.0
77740,2013-2014,2.4.0
77741,2013-2014,2.5.0
77742,2013-2014,2.5.0
77743,2013-2014,2.5.0
77744,2013-2014,2.5.0
77745,2013-2014,2.5.0
77746,2013-2014,2.5.0
77747,2013-2014,2.5.0
77748,2013-2014,2.5.0
77750,2013-2014,2.3.0
77751,2013-2014,2.5.0
77752,2013-2014,2.5.0
77754,2013-2014,2.5.0
77755,2013-2014,2.5.0
77756,2013-2014,2.5.0
77758,2013-2014,2.5.0
77759,2013-2014,2.5.0
77760,2013-2014,2.5.0
77762,2013-2014,2.5.0
77765,2013-2014,2.5.0
77766,2013-2014,2.5.0
77768,2013-2014,2.5.0
77770,2013-2014,2.5.0
77771,2013-2014,2.5.0
77772,2013-2014,2.5.0
77774,2013-2014,2.5.0
77775,2013-2014,2.3.0
77777,2013-2014,2.5.0
77778,2013-2014,2.5.0
77779,2013-2014,2.5.0
77780,2013-2014,2.5.0
77781,2013-2014,2.5.0
77782,2013-2014,2.5.0
77784,2013-2014,2.5.0
77785,2013-2014,2.5.0
77786,2013-2014,2.5.0
77787,2013-2014,2.5.0
77789,2013-2014,2.5.0
77791,2013-2014,2.5.0
77793,2013-2014,2.3.0
77794,2013-2014,2.5.0
77795,2013-2014,2.5.0
77796,2013-2014,2.3.0
77797,2013-2014,2.5.0
77798,2013-2014,2.5.0
77799,2013-2014,2.5.0
77800,2013-2014,2.5.0
77801,2013-2014,2.3.0
77802,2013-2014,2.5.0
77803,2013-2014,2.5.0
77805,2013-2014,2.5.0
77806,2013-2014,2.5.0
77807,2013-2014,2.5.0
77808,2013-2014,2.5.0
77810,2013-2014,2.5.0
77811,2013-2014,2.3.0
77812,2013-2014,2.5.0
77813,2013-2014,2.5.0
77815,2013-2014,2.3.0
77816,2013-2014,2.3.0
77817,2013-2014,2.5.0
77819,2013-2014,2.5.0
77820,2013-2014,2.5.0
77821,2013-2014,2.5.0
77822,2013-2014,2.5.0
77824,2013-2014,2.5.0
77826,2013-2014,2.5.0
77827,2013-2014,2.5.0
77829,2013-2014,2.5.0
77830,2013-2014,2.5.0
77832,2013-2014,2.5.0
77833,2013-2014,2.5.0
77834,2013-2014,2.5.0
77835,2013-2014,2.5.0
77836,2013-2014,2.5.0
77837,2013-2014,2.5.0
77838,2013-2014,2.5.0
77840,2013-2014,2.5.0
77841,2013-2014,2.5.0
77842,2013-2014,2.5.0
77843,2013-2014,2.5.0
77844,2013-2014,2.3.0
77845,2013-2014,2.5.0
77846,2013-2014,2.5.0
77847,2013-2014,2.5.0
77849,2013-2014,2.5.0
77851,2013-2014,2.5.0
77852,2013-2014,2.3.0
77853,2013-2014,2.5.0
77855,2013-2014,2.5.0
77856,2013-2014,2.5.0
77857,2013-2014,2.5.0
77858,2013-2014,2.5.0
77860,2013-2014,2.5.0
77861,2013-2014,2.5.0
77864,2013-2014,2.5.0
77865,2013-2014,2.5.0
77866,2013-2014,2.5.0
77867,2013-2014,2.3.0
77868,2013-2014,2.5.0
77869,2013-2014,2.5.0
77870,2013-2014,2.5.0
77871,2013-2014,2.5.0
77872,2013-2014,2.5.0
77874,2013-2014,2.4.0
77875,2013-2014,2.5.0
77878,2013-2014,2.5.0
77880,2013-2014,2.5.0
77881,2013-2014,2.5.0
77882,2013-2014,2.5.0
77883,2013-2014,2.3.0
77884,2013-2014,2.4.0
77885,2013-2014,2.5.0
77886,2013-2014,2.5.0
77887,2013-2014,2.5.0
77888,2013-2014,2.5.0
77889,2013-2014,2.5.0
77890,2013-2014,2.5.0
77891,2013-2014,2.5.0
77892,2013-2014,2.5.0
77893,2013-2014,2.5.0
77894,2013-2014,2.5.0
77895,2013-2014,2.5.0
77896,2013-2014,2.5.0
77897,2013-2014,2.3.0
77898,2013-2014,2.5.0
77899,2013-2014,2.5.0
77900,2013-2014,2.5.0
77901,2013-2014,2.5.0
77902,2013-2014,2.5.0
77903,2013-2014,2.5.0
77904,2013-2014,2.5.0
77905,2013-2014,2.5.0
77908,2013-2014,2.5.0
77909,2013-2014,2.5.0
77910,2013-2014,2.5.0
77912,2013-2014,2.5.0
77913,2013-2014,2.5.0
77915,2013-2014,2.5.0
77917,2013-2014,2.5.0
77918,2013-2014,2.5.0
77919,2013-2014,2.5.0
77920,2013-2014,2.5.0
77921,2013-2014,2.5.0
77922,2013-2014,2.5.0
77923,2013-2014,2.5.0
77924,2013-2014,2.5.0
77926,2013-2014,2.5.0
77927,2013-2014,2.5.0
77929,2013-2014,2.5.0
77930,2013-2014,2.5.0
77931,2013-2014,2.5.0
77933,2013-2014,2.5.0
77934,2013-2014,2.5.0
77935,2013-2014,2.3.0
77936,2013-2014,2.4.0
77937,2013-2014,2.5.0
77938,2013-2014,2.5.0
77939,2013-2014,2.5.0
77940,2013-2014,2.5.0
77941,2013-2014,2.5.0
77942,2013-2014,2.5.0
77943,2013-2014,2.5.0
77944,2013-2014,2.5.0
77947,2013-2014,2.5.0
77949,2013-2014,2.5.0
77952,2013-2014,2.5.0
77953,2013-2014,2.5.0
77954,2013-2014,2.5.0
77955,2013-2014,2.5.0
77956,2013-2014,2.5.0
77957,2013-2014,2.5.0
77959,2013-2014,2.5.0
77960,2013-2014,2.5.0
77961,2013-2014,2.5.0
77962,2013-2014,2.5.0
77963,2013-2014,2.5.0
77964,2013-2014,2.5.0
77965,2013-2014,2.5.0
77966,2013-2014,2.5.0
77968,2013-2014,2.5.0
77969,2013-2014,2.5.0
77970,2013-2014,2.5.0
77971,2013-2014,2.5.0
77973,2013-2014,2.5.0
77976,2013-2014,2.5.0
77977,2013-2014,2.5.0
77979,2013-2014,2.3.0
77982,2013-2014,2.5.0
77983,2013-2014,2.3.0
77984,2013-2014,2.5.0
77987,2013-2014,2.3.0
77988,2013-2014,2.5.0
77989,2013-2014,2.5.0
77991,2013-2014,2.5.0
77992,2013-2014,2.5.0
77993,2013-2014,2.5.0
77994,2013-2014,2.5.0
77995,2013-2014,2.5.0
77997,2013-2014,2.3.0
77998,2013-2014,2.5.0
77999,2013-2014,2.5.0
78000,2013-2014,2.5.0
78001,2013-2014,2.5.0
78003,2013-2014,2.5.0
78004,2013-2014,2.5.0
78005,2013-2014,2.5.0
78008,2013-2014,2.5.0
78010,2013-2014,2.5.0
78012,2013-2014,2.5.0
78013,2013-2014,2.5.0
78014,2013-2014,2.5.0
78015,2013-2014,2.5.0
78016,2013-2014,2.5.0
78017,2013-2014,2.3.0
78018,2013-2014,2.3.0
78020,2013-2014,2.5.0
78021,2013-2014,2.5.0
78024,2013-2014,2.5.0
78025,2013-2014,2.5.0
78026,2013-2014,2.5.0
78028,2013-2014,2.5.0
78030,2013-2014,2.5.0
78031,2013-2014,2.5.0
78032,2013-2014,2.5.0
78033,2013-2014,2.5.0
78034,2013-2014,2.5.0
78035,2013-2014,2.5.0
78036,2013-2014,2.5.0
78037,2013-2014,2.5.0
78038,2013-2014,2.5.0
78039,2013-2014,2.5.0
78040,2013-2014,2.5.0
78041,2013-2014,2.5.0
78042,2013-2014,2.5.0
78043,2013-2014,2.5.0
78044,2013-2014,2.5.0
78045,2013-2014,2.5.0
78046,2013-2014,2.5.0
78047,2013-2014,2.3.0
78049,2013-2014,2.5.0
78050,2013-2014,2.5.0
78051,2013-2014,2.5.0
78052,2013-2014,2.5.0
78053,2013-2014,2.5.0
78054,2013-2014,2.5.0
78056,2013-2014,2.5.0
78057,2013-2014,2.4.0
78059,2013-2014,2.5.0
78061,2013-2014,2.3.0
78063,2013-2014,2.5.0
78064,2013-2014,2.5.0
78068,2013-2014,2.5.0
78069,2013-2014,2.5.0
78070,2013-2014,2.5.0
78071,2013-2014,2.5.0
78072,2013-2014,2.5.0
78074,2013-2014,2.5.0
78075,2013-2014,2.5.0
78076,2013-2014,2.5.0
78077,2013-2014,2.2.0
78078,2013-2014,2.5.0
78079,2013-2014,2.5.0
78080,2013-2014,2.5.0
78082,2013-2014,2.5.0
78083,2013-2014,2.5.0
78085,2013-2014,2.5.0
78087,2013-2014,2.2.0
78088,2013-2014,2.5.0
78090,2013-2014,2.5.0
78091,2013-2014,2.5.0
78092,2013-2014,2.5.0
78093,2013-2014,2.3.0
78094,2013-2014,2.5.0
78095,2013-2014,2.5.0
78097,2013-2014,2.5.0
78098,2013-2014,2.5.0
78099,2013-2014,2.5.0
78100,2013-2014,2.5.0
78101,2013-2014,2.3.0
78103,2013-2014,2.5.0
78104,2013-2014,2.5.0
78105,2013-2014,2.5.0
78106,2013-2014,2.5.0
78107,2013-2014,2.5.0
78109,2013-2014,2.5.0
78110,2013-2014,2.5.0
78111,2013-2014,2.5.0
78112,2013-2014,2.5.0
78113,2013-2014,2.3.0
78114,2013-2014,2.5.0
78115,2013-2014,2.5.0
78117,2013-2014,2.5.0
78118,2013-2014,2.5.0
78119,2013-2014,2.5.0
78122,2013-2014,2.5.0
78124,2013-2014,2.5.0
78126,2013-2014,2.5.0
78127,2013-2014,2.5.0
78128,2013-2014,2.5.0
78129,2013-2014,2.5.0
78130,2013-2014,2.5.0
78132,2013-2014,2.5.0
78134,2013-2014,2.5.0
78136,2013-2014,2.5.0
78137,2013-2014,2.3.0
78139,2013-2014,2.5.0
78140,2013-2014,2.5.0
78141,2013-2014,2.5.0
78142,2013-2014,2.5.0
78144,2013-2014,2.5.0
78145,2013-2014,2.5.0
78147,2013-2014,2.5.0
78148,2013-2014,2.5.0
78149,2013-2014,2.3.0
78153,2013-2014,2.5.0
78155,2013-2014,2.3.0
78157,2013-2014,2.5.0
78158,2013-2014,2.5.0
78159,2013-2014,2.5.0
78161,2013-2014,2.5.0
78162,2013-2014,2.5.0
78163,2013-2014,2.5.0
78164,2013-2014,2.5.0
78165,2013-2014,2.5.0
78167,2013-2014,2.5.0
78168,2013-2014,2.5.0
78170,2013-2014,2.5.0
78171,2013-2014,2.5.0
78172,2013-2014,2.5.0
78174,2013-2014,2.3.0
78176,2013-2014,2.5.0
78177,2013-2014,2.5.0
78179,2013-2014,2.5.0
78180,2013-2014,2.5.0
78182,2013-2014,2.5.0
78183,2013-2014,2.5.0
78184,2013-2014,2.5.0
78185,2013-2014,2.5.0
78187,2013-2014,2.5.0
78189,2013-2014,2.3.0
78190,2013-2014,2.5.0
78191,2013-2014,2.5.0
78192,2013-2014,2.5.0
78193,2013-2014,2.4.0
78194,2013-2014,2.5.0
78195,2013-2014,2.5.0
78196,2013-2014,2.5.0
78198,2013-2014,2.5.0
78199,2013-2014,2.5.0
78200,2013-2014,2.5.0
78202,2013-2014,2.5.0
78203,2013-2014,2.5.0
78205,2013-2014,2.5.0
78206,2013-2014,2.5.0
78207,2013-2014,2.5.0
78208,2013-2014,2.3.0
78209,2013-2014,2.5.0
78211,2013-2014,2.5.0
78212,2013-2014,2.5.0
78213,2013-2014,2.5.0
78214,2013-2014,2.5.0
78216,2013-2014,2.5.0
78217,2013-2014,2.5.0
78218,2013-2014,2.5.0
78220,2013-2014,2.5.0
78221,2013-2014,2.5.0
78222,2013-2014,2.5.0
78224,2013-2014,2.5.0
78225,2013-2014,2.5.0
78226,2013-2014,2.5.0
78227,2013-2014,2.5.0
78229,2013-2014,2.5.0
78230,2013-2014,2.5.0
78231,2013-2014,2.5.0
78234,2013-2014,2.5.0
78236,2013-2014,2.5.0
78237,2013-2014,2.5.0
78239,2013-2014,2.5.0
78240,2013-2014,2.4.0
78241,2013-2014,2.5.0
78242,2013-2014,2.5.0
78243,2013-2014,2.5.0
78244,2013-2014,2.5.0
78245,2013-2014,2.5.0
78246,2013-2014,2.5.0
78247,2013-2014,2.5.0
78249,2013-2014,2.5.0
78250,2013-2014,2.5.0
78251,2013-2014,2.5.0
78252,2013-2014,2.5.0
78253,2013-2014,2.3.0
78254,2013-2014,2.5.0
78255,2013-2014,2.5.0
78256,2013-2014,2.3.0
78258,2013-2014,2.5.0
78260,2013-2014,2.5.0
78262,2013-2014,2.3.0
78263,2013-2014,2.5.0
78264,2013-2014,2.5.0
78266,2013-2014,2.5.0
78267,2013-2014,2.5.0
78268,2013-2014,2.5.0
78269,2013-2014,2.5.0
78271,2013-2014,2.5.0
78272,2013-2014,2.5.0
78273,2013-2014,2.5.0
78274,2013-2014,2.5.0
78275,2013-2014,2.5.0
78276,2013-2014,2.5.0
78277,2013-2014,2.5.0
78278,2013-2014,2.5.0
78279,2013-2014,2.5.0
78280,2013-2014,2.5.0
78281,2013-2014,2.5.0
78282,2013-2014,2.5.0
78283,2013-2014,2.5.0
78285,2013-2014,2.5.0
78286,2013-2014,2.5.0
78287,2013-2014,2.5.0
78288,2013-2014,2.5.0
78291,2013-2014,2.5.0
78292,2013-2014,2.5.0
78294,2013-2014,2.5.0
78295,2013-2014,2.5.0
78296,2013-2014,2.5.0
78297,2013-2014,2.5.0
78298,2013-2014,2.3.0
78299,2013-2014,2.5.0
78301,2013-2014,2.5.0
78302,2013-2014,2.5.0
78303,2013-2014,2.5.0
78304,2013-2014,2.5.0
78305,2013-2014,2.5.0
78306,2013-2014,2.5.0
78307,2013-2014,2.3.0
78309,2013-2014,2.5.0
78312,2013-2014,2.3.0
78313,2013-2014,2.5.0
78314,2013-2014,2.5.0
78315,2013-2014,2.5.0
78316,2013-2014,2.3.0
78317,2013-2014,2.5.0
78318,2013-2014,2.5.0
78319,2013-2014,2.5.0
78320,2013-2014,2.5.0
78321,2013-2014,2.5.0
78322,2013-2014,2.5.0
78323,2013-2014,2.5.0
78324,2013-2014,2.5.0
78325,2013-2014,2.4.0
78326,2013-2014,2.5.0
78328,2013-2014,2.5.0
78330,2013-2014,2.5.0
78331,2013-2014,2.3.0
78333,2013-2014,2.3.0
78334,2013-2014,2.5.0
78335,2013-2014,2.5.0
78336,2013-2014,2.5.0
78337,2013-2014,2.5.0
78338,2013-2014,2.5.0
78339,2013-2014,2.5.0
78340,2013-2014,2.5.0
78342,2013-2014,2.5.0
78343,2013-2014,2.5.0
78345,2013-2014,2.5.0
78347,2013-2014,2.5.0
78348,2013-2014,2.3.0
78349,2013-2014,2.5.0
78351,2013-2014,2.5.0
78352,2013-2014,2.5.0
78353,2013-2014,2.5.0
78354,2013-2014,2.5.0
78355,2013-2014,2.5.0
78356,2013-2014,2.5.0
78357,2013-2014,2.5.0
78358,2013-2014,2.5.0
78359,2013-2014,2.5.0
78360,2013-2014,2.5.0
78361,2013-2014,2.5.0
78362,2013-2014,2.5.0
78364,2013-2014,2.5.0
78365,2013-2014,2.5.0
78367,2013-2014,2.5.0
78368,2013-2014,2.5.0
78369,2013-2014,2.3.0
78371,2013-2014,2.5.0
78372,2013-2014,2.5.0
78373,2013-2014,2.5.0
78374,2013-2014,2.5.0
78376,2013-2014,2.5.0
78377,2013-2014,2.5.0
78379,2013-2014,2.5.0
78380,2013-2014,2.3.0
78381,2013-2014,2.5.0
78382,2013-2014,2.5.0
78384,2013-2014,2.5.0
78385,2013-2014,2.5.0
78387,2013-2014,2.5.0
78388,2013-2014,2.5.0
78390,2013-2014,2.5.0
78391,2013-2014,2.5.0
78392,2013-2014,2.3.0
78393,2013-2014,2.5.0
78394,2013-2014,2.5.0
78395,2013-2014,2.5.0
78397,2013-2014,2.5.0
78398,2013-2014,2.5.0
78399,2013-2014,2.5.0
78400,2013-2014,2.5.0
78401,2013-2014,2.5.0
78402,2013-2014,2.5.0
78403,2013-2014,2.5.0
78404,2013-2014,2.5.0
78407,2013-2014,2.5.0
78408,2013-2014,2.3.0
78409,2013-2014,2.5.0
78410,2013-2014,2.5.0
78411,2013-2014,2.2.0
78412,2013-2014,2.5.0
78413,2013-2014,2.5.0
78418,2013-2014,2.5.0
78420,2013-2014,2.5.0
78421,2013-2014,2.5.0
78422,2013-2014,2.5.0
78423,2013-2014,2.5.0
78424,2013-2014,2.5.0
78428,2013-2014,2.5.0
78429,2013-2014,2.5.0
78430,2013-2014,2.5.0
78431,2013-2014,2.5.0
78432,2013-2014,2.5.0
78433,2013-2014,2.4.0
78434,2013-2014,2.5.0
78435,2013-2014,2.5.0
78436,2013-2014,2.5.0
78437,2013-2014,2.5.0
78438,2013-2014,2.5.0
78439,2013-2014,2.5.0
78440,2013-2014,2.3.0
78441,2013-2014,2.5.0
78444,2013-2014,2.5.0
78445,2013-2014,2.5.0
78446,2013-2014,2.5.0
78447,2013-2014,2.5.0
78448,2013-2014,2.5.0
78450,2013-2014,2.5.0
78451,2013-2014,2.5.0
78453,2013-2014,2.5.0
78455,2013-2014,2.5.0
78456,2013-2014,2.5.0
78458,2013-2014,2.5.0
78460,2013-2014,2.5.0
78461,2013-2014,2.5.0
78462,2013-2014,2.5.0
78464,2013-2014,2.5.0
78465,2013-2014,2.5.0
78466,2013-2014,2.5.0
78468,2013-2014,2.5.0
78470,2013-2014,2.3.0
78471,2013-2014,2.5.0
78472,2013-2014,2.5.0
78473,2013-2014,2.5.0
78475,2013-2014,2.5.0
78476,2013-2014,2.5.0
78478,2013-2014,2.5.0
78479,2013-2014,2.5.0
78480,2013-2014,2.5.0
78481,2013-2014,2.5.0
78482,2013-2014,2.5.0
78483,2013-2014,2.5.0
78484,2013-2014,2.5.0
78485,2013-2014,2.5.0
78486,2013-2014,2.5.0
78487,2013-2014,2.5.0
78489,2013-2014,2.5.0
78490,2013-2014,2.3.0
78491,2013-2014,2.5.0
78492,2013-2014,2.5.0
78493,2013-2014,2.5.0
78495,2013-2014,2.5.0
78496,2013-2014,2.5.0
78497,2013-2014,2.5.0
78498,2013-2014,2.5.0
78499,2013-2014,2.5.0
78500,2013-2014,2.5.0
78501,2013-2014,2.5.0
78503,2013-2014,2.5.0
78504,2013-2014,2.5.0
78506,2013-2014,2.5.0
78508,2013-2014,2.5.0
78510,2013-2014,2.5.0
78512,2013-2014,2.5.0
78514,2013-2014,2.5.0
78515,2013-2014,2.5.0
78517,2013-2014,2.5.0
78518,2013-2014,2.5.0
78520,2013-2014,2.5.0
78521,2013-2014,2.5.0
78522,2013-2014,2.3.0
78523,2013-2014,2.5.0
78525,2013-2014,2.5.0
78526,2013-2014,2.5.0
78527,2013-2014,2.5.0
78528,2013-2014,2.5.0
78529,2013-2014,2.5.0
78530,2013-2014,2.5.0
78533,2013-2014,2.5.0
78534,2013-2014,2.5.0
78535,2013-2014,2.3.0
78537,2013-2014,2.5.0
78540,2013-2014,2.5.0
78541,2013-2014,2.3.0
78542,2013-2014,2.5.0
78543,2013-2014,2.5.0
78546,2013-2014,2.5.0
78547,2013-2014,2.5.0
78548,2013-2014,2.5.0
78549,2013-2014,2.5.0
78551,2013-2014,2.5.0
78552,2013-2014,2.5.0
78553,2013-2014,2.5.0
78555,2013-2014,2.5.0
78556,2013-2014,2.5.0
78557,2013-2014,2.5.0
78558,2013-2014,2.3.0
78559,2013-2014,2.5.0
78561,2013-2014,2.5.0
78562,2013-2014,2.5.0
78563,2013-2014,2.5.0
78564,2013-2014,2.5.0
78565,2013-2014,2.5.0
78566,2013-2014,2.5.0
78568,2013-2014,2.5.0
78569,2013-2014,2.5.0
78572,2013-2014,2.5.0
78573,2013-2014,2.5.0
78574,2013-2014,2.5.0
78575,2013-2014,2.5.0
78576,2013-2014,2.5.0
78577,2013-2014,2.5.0
78578,2013-2014,2.5.0
78579,2013-2014,2.5.0
78580,2013-2014,2.5.0
78581,2013-2014,2.5.0
78583,2013-2014,2.5.0
78584,2013-2014,2.5.0
78586,2013-2014,2.3.0
78588,2013-2014,2.5.0
78589,2013-2014,2.5.0
78591,2013-2014,2.5.0
78592,2013-2014,2.5.0
78595,2013-2014,2.5.0
78596,2013-2014,2.5.0
78598,2013-2014,2.5.0
78599,2013-2014,2.5.0
78600,2013-2014,2.5.0
78601,2013-2014,2.3.0
78602,2013-2014,2.5.0
78604,2013-2014,2.3.0
78606,2013-2014,2.5.0
78608,2013-2014,2.5.0
78610,2013-2014,2.5.0
78611,2013-2014,2.3.0
78612,2013-2014,2.5.0
78613,2013-2014,2.5.0
78615,2013-2014,2.5.0
78616,2013-2014,2.5.0
78619,2013-2014,2.5.0
78620,2013-2014,2.5.0
78621,2013-2014,2.3.0
78622,2013-2014,2.5.0
78626,2013-2014,2.5.0
78627,2013-2014,2.5.0
78628,2013-2014,2.5.0
78629,2013-2014,2.5.0
78630,2013-2014,2.5.0
78631,2013-2014,2.5.0
78633,2013-2014,2.5.0
78634,2013-2014,2.5.0
78635,2013-2014,2.3.0
78637,2013-2014,2.5.0
78638,2013-2014,2.5.0
78639,2013-2014,2.5.0
78640,2013-2014,2.5.0
78641,2013-2014,2.5.0
78645,2013-2014,2.5.0
78646,2013-2014,2.5.0
78647,2013-2014,2.5.0
78648,2013-2014,2.5.0
78649,2013-2014,2.5.0
78650,2013-2014,2.5.0
78651,2013-2014,2.5.0
78652,2013-2014,2.5.0
78655,2013-2014,2.5.0
78657,2013-2014,2.5.0
78658,2013-2014,2.5.0
78659,2013-2014,2.5.0
78660,2013-2014,2.5.0
78661,2013-2014,2.3.0
78662,2013-2014,2.5.0
78663,2013-2014,2.5.0
78664,2013-2014,2.5.0
78667,2013-2014,2.3.0
78668,2013-2014,2.5.0
78669,2013-2014,2.5.0
78670,2013-2014,2.5.0
78671,2013-2014,2.5.0
78672,2013-2014,2.5.0
78673,2013-2014,2.5.0
78674,2013-2014,2.5.0
78675,2013-2014,2.5.0
78676,2013-2014,2.5.0
78677,2013-2014,2.5.0
78678,2013-2014,2.5.0
78680,2013-2014,2.5.0
78681,2013-2014,2.5.0
78682,2013-2014,2.5.0
78683,2013-2014,2.5.0
78684,2013-2014,2.5.0
78685,2013-2014,2.5.0
78687,2013-2014,2.5.0
78688,2013-2014,2.5.0
78689,2013-2014,2.5.0
78691,2013-2014,2.5.0
78692,2013-2014,2.5.0
78693,2013-2014,2.5.0
78694,2013-2014,2.5.0
78695,2013-2014,2.5.0
78696,2013-2014,2.5.0
78697,2013-2014,2.5.0
78698,2013-2014,2.3.0
78700,2013-2014,2.5.0
78701,2013-2014,2.5.0
78702,2013-2014,2.5.0
78703,2013-2014,2.3.0
78704,2013-2014,2.5.0
78705,2013-2014,2.3.0
78706,2013-2014,2.5.0
78707,2013-2014,2.5.0
78710,2013-2014,2.5.0
78712,2013-2014,2.5.0
78713,2013-2014,2.5.0
78714,2013-2014,2.5.0
78715,2013-2014,2.5.0
78717,2013-2014,2.5.0
78718,2013-2014,2.5.0
78719,2013-2014,2.5.0
78720,2013-2014,2.5.0
78722,2013-2014,2.5.0
78723,2013-2014,2.5.0
78724,2013-2014,2.5.0
78725,2013-2014,2.5.0
78726,2013-2014,2.5.0
78727,2013-2014,2.5.0
78729,2013-2014,2.5.0
78731,2013-2014,2.3.0
78732,2013-2014,2.5.0
78733,2013-2014,2.5.0
78734,2013-2014,2.5.0
78735,2013-2014,2.5.0
78736,2013-2014,2.5.0
78737,2013-2014,2.5.0
78739,2013-2014,2.5.0
78740,2013-2014,2.5.0
78741,2013-2014,2.5.0
78742,2013-2014,2.5.0
78743,2013-2014,2.5.0
78746,2013-2014,2.5.0
78747,2013-2014,2.5.0
78748,2013-2014,2.5.0
78749,2013-2014,2.5.0
78750,2013-2014,2.5.0
78751,2013-2014,2.5.0
78754,2013-2014,2.5.0
78755,2013-2014,2.5.0
78756,2013-2014,2.5.0
78757,2013-2014,2.5.0
78760,2013-2014,2.5.0
78761,2013-2014,2.5.0
78762,2013-2014,2.5.0
78764,2013-2014,2.5.0
78765,2013-2014,2.5.0
78766,2013-2014,2.5.0
78767,2013-2014,2.5.0
78768,2013-2014,2.5.0
78769,2013-2014,2.5.0
78770,2013-2014,2.5.0
78772,2013-2014,2.5.0
78773,2013-2014,2.5.0
78774,2013-2014,2.5.0
78775,2013-2014,2.5.0
78776,2013-2014,2.5.0
78777,2013-2014,2.5.0
78778,2013-2014,2.5.0
78779,2013-2014,2.5.0
78780,2013-2014,2.5.0
78781,2013-2014,2.3.0
78782,2013-2014,2.5.0
78783,2013-2014,2.5.0
78784,2013-2014,2.5.0
78785,2013-2014,2.5.0
78786,2013-2014,2.5.0
78787,2013-2014,2.5.0
78788,2013-2014,2.5.0
78789,2013-2014,2.5.0
78791,2013-2014,2.5.0
78796,2013-2014,2.5.0
78797,2013-2014,2.5.0
78798,2013-2014,2.5.0
78801,2013-2014,2.5.0
78802,2013-2014,2.5.0
78803,2013-2014,2.5.0
78804,2013-2014,2.5.0
78806,2013-2014,2.5.0
78808,2013-2014,2.5.0
78809,2013-2014,2.5.0
78810,2013-2014,2.5.0
78811,2013-2014,2.5.0
78812,2013-2014,2.5.0
78813,2013-2014,2.5.0
78814,2013-2014,2.5.0
78815,2013-2014,2.5.0
78817,2013-2014,2.5.0
78818,2013-2014,2.5.0
78819,2013-2014,2.5.0
78820,2013-2014,2.3.0
78821,2013-2014,2.5.0
78822,2013-2014,2.5.0
78824,2013-2014,2.5.0
78826,2013-2014,2.5.0
78828,2013-2014,2.3.0
78829,2013-2014,2.5.0
78831,2013-2014,2.5.0
78832,2013-2014,2.5.0
78833,2013-2014,2.5.0
78834,2013-2014,2.5.0
78835,2013-2014,2.5.0
78836,2013-2014,2.5.0
78837,2013-2014,2.2.0
78838,2013-2014,2.2.0
78840,2013-2014,2.5.0
78841,2013-2014,2.5.0
78843,2013-2014,2.5.0
78844,2013-2014,2.5.0
78845,2013-2014,2.3.0
78846,2013-2014,2.5.0
78847,2013-2014,2.5.0
78849,2013-2014,2.5.0
78850,2013-2014,2.5.0
78851,2013-2014,2.5.0
78852,2013-2014,2.5.0
78854,2013-2014,2.5.0
78855,2013-2014,2.5.0
78857,2013-2014,2.5.0
78858,2013-2014,2.5.0
78859,2013-2014,2.5.0
78861,2013-2014,2.5.0
78862,2013-2014,2.5.0
78863,2013-2014,2.5.0
78865,2013-2014,2.5.0
78866,2013-2014,2.5.0
78867,2013-2014,2.5.0
78868,2013-2014,2.5.0
78869,2013-2014,2.5.0
78870,2013-2014,2.5.0
78871,2013-2014,2.5.0
78872,2013-2014,2.5.0
78873,2013-2014,2.5.0
78875,2013-2014,2.5.0
78876,2013-2014,2.5.0
78877,2013-2014,2.5.0
78880,2013-2014,2.5.0
78881,2013-2014,2.5.0
78882,2013-2014,2.5.0
78883,2013-2014,2.5.0
78885,2013-2014,2.5.0
78886,2013-2014,2.5.0
78887,2013-2014,2.5.0
78888,2013-2014,2.3.0
78889,2013-2014,2.5.0
78890,2013-2014,2.5.0
78892,2013-2014,2.5.0
78893,2013-2014,2.5.0
78894,2013-2014,2.3.0
78896,2013-2014,2.5.0
78897,2013-2014,2.5.0
78898,2013-2014,2.5.0
78899,2013-2014,2.5.0
78900,2013-2014,2.5.0
78901,2013-2014,2.5.0
78902,2013-2014,2.5.0
78903,2013-2014,2.2.0
78904,2013-2014,2.5.0
78905,2013-2014,2.5.0
78906,2013-2014,2.5.0
78907,2013-2014,2.5.0
78908,2013-2014,2.5.0
78909,2013-2014,2.5.0
78910,2013-2014,2.5.0
78913,2013-2014,2.5.0
78916,2013-2014,2.5.0
78919,2013-2014,2.5.0
78920,2013-2014,2.5.0
78921,2013-2014,2.5.0
78922,2013-2014,2.4.0
78923,2013-2014,2.5.0
78925,2013-2014,2.5.0
78926,2013-2014,2.5.0
78927,2013-2014,2.5.0
78928,2013-2014,2.5.0
78929,2013-2014,2.5.0
78930,2013-2014,2.5.0
78931,2013-2014,2.5.0
78932,2013-2014,2.5.0
78933,2013-2014,2.5.0
78934,2013-2014,2.5.0
78936,2013-2014,2.5.0
78937,2013-2014,2.5.0
78939,2013-2014,2.5.0
78940,2013-2014,2.5.0
78943,2013-2014,2.5.0
78944,2013-2014,2.5.0
78945,2013-2014,2.3.0
78946,2013-2014,2.5.0
78947,2013-2014,2.4.0
78948,2013-2014,2.5.0
78949,2013-2014,2.5.0
78950,2013-2014,2.5.0
78951,2013-2014,2.5.0
78952,2013-2014,2.5.0
78953,2013-2014,2.3.0
78955,2013-2014,2.5.0
78957,2013-2014,2.5.0
78959,2013-2014,2.5.0
78960,2013-2014,2.5.0
78961,2013-2014,2.5.0
78962,2013-2014,2.3.0
78963,2013-2014,2.5.0
78964,2013-2014,2.5.0
78965,2013-2014,2.5.0
78966,2013-2014,2.2.0
78967,2013-2014,2.5.0
78968,2013-2014,2.5.0
78969,2013-2014,2.5.0
78970,2013-2014,2.3.0
78971,2013-2014,2.5.0
78972,2013-2014,2.3.0
78973,2013-2014,2.5.0
78974,2013-2014,2.5.0
78975,2013-2014,2.5.0
78976,2013-2014,2.5.0
78977,2013-2014,2.5.0
78978,2013-2014,2.5.0
78979,2013-2014,2.5.0
78980,2013-2014,2.5.0
78981,2013-2014,2.5.0
78982,2013-2014,2.5.0
78983,2013-2014,2.5.0
78984,2013-2014,2.5.0
78989,2013-2014,2.5.0
78990,2013-2014,2.5.0
78991,2013-2014,2.5.0
78992,2013-2014,2.5.0
78993,2013-2014,2.5.0
78994,2013-2014,2.5.0
78995,2013-2014,2.5.0
78996,2013-2014,2.5.0
78997,2013-2014,2.5.0
78998,2013-2014,2.5.0
78999,2013-2014,2.5.0
79000,2013-2014,2.5.0
79001,2013-2014,2.5.0
79002,2013-2014,2.5.0
79003,2013-2014,2.5.0
79005,2013-2014,2.2.0
79006,2013-2014,2.5.0
79007,2013-2014,2.5.0
79008,2013-2014,2.5.0
79009,2013-2014,2.3.0
79010,2013-2014,2.5.0
79011,2013-2014,2.5.0
79013,2013-2014,2.5.0
79014,2013-2014,2.5.0
79015,2013-2014,2.5.0
79016,2013-2014,2.3.0
79017,2013-2014,2.5.0
79018,2013-2014,2.5.0
79019,2013-2014,2.5.0
79021,2013-2014,2.5.0
79022,2013-2014,2.5.0
79023,2013-2014,2.3.0
79024,2013-2014,2.5.0
79025,2013-2014,2.5.0
79026,2013-2014,2.5.0
79027,2013-2014,2.5.0
79028,2013-2014,2.5.0
79029,2013-2014,2.5.0
79030,2013-2014,2.5.0
79031,2013-2014,2.5.0
79032,2013-2014,2.5.0
79033,2013-2014,2.5.0
79035,2013-2014,2.5.0
79036,2013-2014,2.5.0
79037,2013-2014,2.5.0
79038,2013-2014,2.5.0
79039,2013-2014,2.5.0
79040,2013-2014,2.3.0
79042,2013-2014,2.5.0
79043,2013-2014,2.5.0
79044,2013-2014,2.5.0
79045,2013-2014,2.5.0
79047,2013-2014,2.5.0
79049,2013-2014,2.5.0
79050,2013-2014,2.5.0
79051,2013-2014,2.5.0
79052,2013-2014,2.5.0
79054,2013-2014,2.5.0
79055,2013-2014,2.3.0
79058,2013-2014,2.5.0
79059,2013-2014,2.5.0
79060,2013-2014,2.5.0
79062,2013-2014,2.3.0
79063,2013-2014,2.5.0
79064,2013-2014,2.5.0
79065,2013-2014,2.5.0
79066,2013-2014,2.5.0
79067,2013-2014,2.5.0
79068,2013-2014,2.5.0
79069,2013-2014,2.5.0
79070,2013-2014,2.5.0
79072,2013-2014,2.5.0
79073,2013-2014,2.5.0
79074,2013-2014,2.5.0
79075,2013-2014,2.5.0
79076,2013-2014,2.5.0
79077,2013-2014,2.3.0
79080,2013-2014,2.5.0
79081,2013-2014,2.5.0
79084,2013-2014,2.5.0
79086,2013-2014,2.2.0
79088,2013-2014,2.5.0
79089,2013-2014,2.4.0
79090,2013-2014,2.5.0
79091,2013-2014,2.5.0
79092,2013-2014,2.5.0
79094,2013-2014,2.5.0
79095,2013-2014,2.5.0
79096,2013-2014,2.5.0
79097,2013-2014,2.5.0
79098,2013-2014,2.5.0
79099,2013-2014,2.5.0
79100,2013-2014,2.3.0
79101,2013-2014,2.5.0
79104,2013-2014,2.3.0
79105,2013-2014,2.5.0
79106,2013-2014,2.5.0
79108,2013-2014,2.2.0
79109,2013-2014,2.3.0
79110,2013-2014,2.5.0
79112,2013-2014,2.5.0
79113,2013-2014,2.5.0
79114,2013-2014,2.5.0
79117,2013-2014,2.5.0
79118,2013-2014,2.5.0
79119,2013-2014,2.5.0
79120,2013-2014,2.5.0
79121,2013-2014,2.5.0
79122,2013-2014,2.5.0
79123,2013-2014,2.5.0
79124,2013-2014,2.5.0
79125,2013-2014,2.5.0
79127,2013-2014,2.5.0
79128,2013-2014,2.5.0
79130,2013-2014,2.5.0
79132,2013-2014,2.5.0
79134,2013-2014,2.5.0
79135,2013-2014,2.5.0
79136,2013-2014,2.5.0
79137,2013-2014,2.5.0
79138,2013-2014,2.5.0
79139,2013-2014,2.5.0
79141,2013-2014,2.5.0
79142,2013-2014,2.5.0
79146,2013-2014,2.5.0
79147,2013-2014,2.5.0
79149,2013-2014,2.5.0
79150,2013-2014,2.3.0
79152,2013-2014,2.5.0
79153,2013-2014,2.5.0
79155,2013-2014,2.5.0
79160,2013-2014,2.5.0
79161,2013-2014,2.5.0
79162,2013-2014,2.5.0
79163,2013-2014,2.3.0
79164,2013-2014,2.5.0
79165,2013-2014,2.5.0
79166,2013-2014,2.2.0
79169,2013-2014,2.5.0
79170,2013-2014,2.5.0
79171,2013-2014,2.5.0
79173,2013-2014,2.5.0
79176,2013-2014,2.5.0
79177,2013-2014,2.5.0
79178,2013-2014,2.5.0
79179,2013-2014,2.5.0
79180,2013-2014,2.5.0
79181,2013-2014,2.2.0
79182,2013-2014,2.5.0
79183,2013-2014,2.3.0
79184,2013-2014,2.5.0
79185,2013-2014,2.5.0
79186,2013-2014,2.5.0
79188,2013-2014,2.5.0
79189,2013-2014,2.5.0
79190,2013-2014,2.5.0
79191,2013-2014,2.5.0
79193,2013-2014,2.5.0
79195,2013-2014,2.5.0
79198,2013-2014,2.5.0
79200,2013-2014,2.5.0
79201,2013-2014,2.5.0
79202,2013-2014,2.5.0
79203,2013-2014,2.5.0
79204,2013-2014,2.5.0
79205,2013-2014,2.5.0
79206,2013-2014,2.5.0
79207,2013-2014,2.5.0
79208,2013-2014,2.5.0
79209,2013-2014,2.5.0
79210,2013-2014,2.5.0
79211,2013-2014,2.5.0
79213,2013-2014,2.5.0
79214,2013-2014,2.4.0
79215,2013-2014,2.5.0
79217,2013-2014,2.5.0
79218,2013-2014,2.5.0
79219,2013-2014,2.5.0
79220,2013-2014,2.5.0
79221,2013-2014,2.5.0
79223,2013-2014,2.5.0
79224,2013-2014,2.5.0
79225,2013-2014,2.5.0
79226,2013-2014,2.5.0
79227,2013-2014,2.5.0
79228,2013-2014,2.5.0
79229,2013-2014,2.5.0
79233,2013-2014,2.5.0
79234,2013-2014,2.5.0
79235,2013-2014,2.3.0
79236,2013-2014,2.5.0
79237,2013-2014,2.5.0
79238,2013-2014,2.5.0
79239,2013-2014,2.5.0
79240,2013-2014,2.5.0
79241,2013-2014,2.5.0
79242,2013-2014,2.5.0
79243,2013-2014,2.5.0
79245,2013-2014,2.5.0
79246,2013-2014,2.5.0
79247,2013-2014,2.5.0
79248,2013-2014,2.5.0
79249,2013-2014,2.4.0
79251,2013-2014,2.5.0
79252,2013-2014,2.5.0
79253,2013-2014,2.5.0
79254,2013-2014,2.5.0
79255,2013-2014,2.5.0
79256,2013-2014,2.3.0
79257,2013-2014,2.5.0
79258,2013-2014,2.5.0
79259,2013-2014,2.5.0
79260,2013-2014,2.5.0
79261,2013-2014,2.5.0
79262,2013-2014,2.5.0
79264,2013-2014,2.5.0
79266,2013-2014,2.5.0
79267,2013-2014,2.5.0
79268,2013-2014,2.5.0
79269,2013-2014,2.5.0
79270,2013-2014,2.5.0
79271,2013-2014,2.5.0
79272,2013-2014,2.5.0
79273,2013-2014,2.5.0
79274,2013-2014,2.5.0
79276,2013-2014,2.5.0
79277,2013-2014,2.3.0
79278,2013-2014,2.5.0
79279,2013-2014,2.5.0
79280,2013-2014,2.5.0
79281,2013-2014,2.5.0
79282,2013-2014,2.5.0
79283,2013-2014,2.5.0
79284,2013-2014,2.3.0
79285,2013-2014,2.5.0
79286,2013-2014,2.5.0
79288,2013-2014,2.5.0
79289,2013-2014,2.5.0
79290,2013-2014,2.5.0
79292,2013-2014,2.3.0
79293,2013-2014,2.5.0
79294,2013-2014,2.5.0
79295,2013-2014,2.5.0
79296,2013-2014,2.5.0
79297,2013-2014,2.5.0
79298,2013-2014,2.5.0
79300,2013-2014,2.5.0
79302,2013-2014,2.5.0
79304,2013-2014,2.5.0
79305,2013-2014,2.4.0
79306,2013-2014,2.5.0
79309,2013-2014,2.5.0
79310,2013-2014,2.5.0
79311,2013-2014,2.5.0
79312,2013-2014,2.5.0
79314,2013-2014,2.5.0
79315,2013-2014,2.5.0
79316,2013-2014,2.5.0
79317,2013-2014,2.5.0
79318,2013-2014,2.5.0
79319,2013-2014,2.5.0
79320,2013-2014,2.5.0
79322,2013-2014,2.5.0
79323,2013-2014,2.5.0
79325,2013-2014,2.5.0
79326,2013-2014,2.5.0
79327,2013-2014,2.3.0
79328,2013-2014,2.5.0
79329,2013-2014,2.5.0
79331,2013-2014,2.5.0
79332,2013-2014,2.5.0
79333,2013-2014,2.3.0
79334,2013-2014,2.5.0
79335,2013-2014,2.5.0
79337,2013-2014,2.5.0
79338,2013-2014,2.5.0
79339,2013-2014,2.5.0
79340,2013-2014,2.5.0
79341,2013-2014,2.5.0
79342,2013-2014,2.5.0
79343,2013-2014,2.5.0
79344,2013-2014,2.3.0
79347,2013-2014,2.5.0
79348,2013-2014,2.5.0
79349,2013-2014,2.5.0
79350,2013-2014,2.5.0
79351,2013-2014,2.5.0
79352,2013-2014,2.5.0
79353,2013-2014,2.5.0
79354,2013-2014,2.5.0
79356,2013-2014,2.5.0
79358,2013-2014,2.5.0
79360,2013-2014,2.5.0
79361,2013-2014,2.5.0
79362,2013-2014,2.3.0
79363,2013-2014,2.5.0
79365,2013-2014,2.5.0
79368,2013-2014,2.5.0
79369,2013-2014,2.5.0
79371,2013-2014,2.4.0
79373,2013-2014,2.3.0
79374,2013-2014,2.5.0
79375,2013-2014,2.5.0
79376,2013-2014,2.5.0
79377,2013-2014,2.5.0
79378,2013-2014,2.5.0
79379,2013-2014,2.5.0
79380,2013-2014,2.5.0
79382,2013-2014,2.5.0
79383,2013-2014,2.5.0
79384,2013-2014,2.5.0
79385,2013-2014,2.5.0
79386,2013-2014,2.5.0
79387,2013-2014,2.3.0
79388,2013-2014,2.5.0
79389,2013-2014,2.5.0
79390,2013-2014,2.5.0
79392,2013-2014,2.5.0
79393,2013-2014,2.5.0
79394,2013-2014,2.5.0
79395,2013-2014,2.5.0
79396,2013-2014,2.5.0
79397,2013-2014,2.5.0
79398,2013-2014,2.5.0
79399,2013-2014,2.5.0
79401,2013-2014,2.5.0
79402,2013-2014,2.5.0
79403,2013-2014,2.5.0
79404,2013-2014,2.5.0
79405,2013-2014,2.5.0
79406,2013-2014,2.5.0
79407,2013-2014,2.5.0
79408,2013-2014,2.5.0
79410,2013-2014,2.5.0
79415,2013-2014,2.5.0
79417,2013-2014,2.5.0
79418,2013-2014,2.5.0
79419,2013-2014,2.5.0
79421,2013-2014,2.3.0
79422,2013-2014,2.5.0
79423,2013-2014,2.5.0
79424,2013-2014,2.4.0
79425,2013-2014,2.2.0
79426,2013-2014,2.5.0
79427,2013-2014,2.5.0
79428,2013-2014,2.5.0
79429,2013-2014,2.5.0
79430,2013-2014,2.5.0
79431,2013-2014,2.3.0
79432,2013-2014,2.5.0
79433,2013-2014,2.5.0
79434,2013-2014,2.5.0
79435,2013-2014,2.5.0
79436,2013-2014,2.5.0
79437,2013-2014,2.3.0
79438,2013-2014,2.5.0
79440,2013-2014,2.5.0
79441,2013-2014,2.5.0
79442,2013-2014,2.5.0
79443,2013-2014,2.5.0
79445,2013-2014,2.5.0
79446,2013-2014,2.5.0
79447,2013-2014,2.3.0
79449,2013-2014,2.5.0
79450,2013-2014,2.5.0
79451,2013-2014,2.5.0
79453,2013-2014,2.5.0
79454,2013-2014,2.5.0
79456,2013-2014,2.5.0
79457,2013-2014,2.5.0
79458,2013-2014,2.5.0
79459,2013-2014,2.5.0
79460,2013-2014,2.3.0
79462,2013-2014,2.5.0
79463,2013-2014,2.5.0
79464,2013-2014,2.5.0
79467,2013-2014,2.5.0
79468,2013-2014,2.5.0
79469,2013-2014,2.5.0
79471,2013-2014,2.5.0
79473,2013-2014,2.5.0
79474,2013-2014,2.5.0
79476,2013-2014,2.5.0
79477,2013-2014,2.5.0
79478,2013-2014,2.5.0
79479,2013-2014,2.5.0
79480,2013-2014,2.5.0
79481,2013-2014,2.5.0
79482,2013-2014,2.5.0
79483,2013-2014,2.5.0
79484,2013-2014,2.5.0
79486,2013-2014,2.5.0
79487,2013-2014,2.5.0
79488,2013-2014,2.5.0
79489,2013-2014,2.5.0
79492,2013-2014,2.5.0
79493,2013-2014,2.5.0
79494,2013-2014,2.3.0
79495,2013-2014,2.5.0
79496,2013-2014,2.5.0
79497,2013-2014,2.5.0
79498,2013-2014,2.3.0
79499,2013-2014,2.5.0
79500,2013-2014,2.5.0
79501,2013-2014,2.5.0
79502,2013-2014,2.5.0
79503,2013-2014,2.5.0
79504,2013-2014,2.5.0
79505,2013-2014,2.3.0
79506,2013-2014,2.5.0
79507,2013-2014,2.5.0
79508,2013-2014,2.5.0
79510,2013-2014,2.3.0
79511,2013-2014,2.5.0
79512,2013-2014,2.5.0
79515,2013-2014,2.5.0
79516,2013-2014,2.5.0
79520,2013-2014,2.5.0
79521,2013-2014,2.5.0
79522,2013-2014,2.5.0
79523,2013-2014,2.4.0
79524,2013-2014,2.5.0
79525,2013-2014,2.5.0
79526,2013-2014,2.5.0
79529,2013-2014,2.5.0
79530,2013-2014,2.5.0
79531,2013-2014,2.5.0
79532,2013-2014,2.5.0
79533,2013-2014,2.3.0
79534,2013-2014,2.5.0
79535,2013-2014,2.5.0
79536,2013-2014,2.5.0
79537,2013-2014,2.5.0
79538,2013-2014,2.5.0
79539,2013-2014,2.5.0
79541,2013-2014,2.5.0
79542,2013-2014,2.3.0
79543,2013-2014,2.5.0
79544,2013-2014,2.5.0
79545,2013-2014,2.5.0
79546,2013-2014,2.5.0
79547,2013-2014,2.5.0
79549,2013-2014,2.5.0
79550,2013-2014,2.5.0
79552,2013-2014,2.5.0
79553,2013-2014,2.5.0
79554,2013-2014,2.5.0
79556,2013-2014,2.5.0
79557,2013-2014,2.5.0
79559,2013-2014,2.5.0
79560,2013-2014,2.5.0
79561,2013-2014,2.5.0
79563,2013-2014,2.5.0
79564,2013-2014,2.5.0
79565,2013-2014,2.5.0
79566,2013-2014,2.3.0
79568,2013-2014,2.5.0
79570,2013-2014,2.5.0
79571,2013-2014,2.5.0
79572,2013-2014,2.5.0
79573,2013-2014,2.5.0
79574,2013-2014,2.5.0
79575,2013-2014,2.5.0
79576,2013-2014,2.5.0
79578,2013-2014,2.5.0
79581,2013-2014,2.5.0
79582,2013-2014,2.5.0
79583,2013-2014,2.3.0
79585,2013-2014,2.3.0
79586,2013-2014,2.5.0
79587,2013-2014,2.5.0
79588,2013-2014,2.5.0
79589,2013-2014,2.5.0
79590,2013-2014,2.3.0
79591,2013-2014,2.3.0
79594,2013-2014,2.5.0
79596,2013-2014,2.2.0
79597,2013-2014,2.5.0
79599,2013-2014,2.5.0
79601,2013-2014,2.5.0
79602,2013-2014,2.5.0
79603,2013-2014,2.5.0
79605,2013-2014,2.5.0
79606,2013-2014,2.5.0
79608,2013-2014,2.5.0
79609,2013-2014,2.5.0
79610,2013-2014,2.5.0
79612,2013-2014,2.5.0
79613,2013-2014,2.5.0
79615,2013-2014,2.5.0
79618,2013-2014,2.5.0
79619,2013-2014,2.5.0
79621,2013-2014,2.5.0
79622,2013-2014,2.5.0
79625,2013-2014,2.5.0
79626,2013-2014,2.5.0
79627,2013-2014,2.5.0
79628,2013-2014,2.5.0
79629,2013-2014,2.4.0
79630,2013-2014,2.5.0
79631,2013-2014,2.5.0
79632,2013-2014,2.5.0
79633,2013-2014,2.5.0
79634,2013-2014,2.5.0
79636,2013-2014,2.5.0
79638,2013-2014,2.5.0
79640,2013-2014,2.5.0
79641,2013-2014,2.5.0
79642,2013-2014,2.5.0
79644,2013-2014,2.5.0
79645,2013-2014,2.5.0
79646,2013-2014,2.5.0
79647,2013-2014,2.5.0
79648,2013-2014,2.5.0
79651,2013-2014,2.5.0
79653,2013-2014,2.3.0
79654,2013-2014,2.5.0
79655,2013-2014,2.5.0
79656,2013-2014,2.5.0
79657,2013-2014,2.5.0
79658,2013-2014,2.5.0
79659,2013-2014,2.5.0
79662,2013-2014,2.5.0
79663,2013-2014,2.5.0
79664,2013-2014,2.5.0
79668,2013-2014,2.5.0
79669,2013-2014,2.5.0
79671,2013-2014,2.5.0
79672,2013-2014,2.5.0
79674,2013-2014,2.5.0
79675,2013-2014,2.5.0
79676,2013-2014,2.3.0
79677,2013-2014,2.5.0
79678,2013-2014,2.5.0
79679,2013-2014,2.5.0
79683,2013-2014,2.5.0
79684,2013-2014,2.5.0
79685,2013-2014,2.5.0
79686,2013-2014,2.5.0
79687,2013-2014,2.5.0
79688,2013-2014,2.5.0
79689,2013-2014,2.5.0
79690,2013-2014,2.5.0
79691,2013-2014,2.5.0
79692,2013-2014,2.5.0
79693,2013-2014,2.3.0
79695,2013-2014,2.5.0
79696,2013-2014,2.5.0
79697,2013-2014,2.5.0
79699,2013-2014,2.5.0
79700,2013-2014,2.5.0
79701,2013-2014,2.5.0
79702,2013-2014,2.5.0
79704,2013-2014,2.5.0
79705,2013-2014,2.5.0
79706,2013-2014,2.3.0
79707,2013-2014,2.5.0
79708,2013-2014,2.5.0
79709,2013-2014,2.5.0
79710,2013-2014,2.5.0
79711,2013-2014,2.5.0
79713,2013-2014,2.5.0
79715,2013-2014,2.5.0
79716,2013-2014,2.5.0
79717,2013-2014,2.5.0
79718,2013-2014,2.5.0
79719,2013-2014,2.5.0
79720,2013-2014,2.5.0
79721,2013-2014,2.5.0
79724,2013-2014,2.5.0
79726,2013-2014,2.5.0
79728,2013-2014,2.5.0
79729,2013-2014,2.5.0
79730,2013-2014,2.5.0
79731,2013-2014,2.5.0
79733,2013-2014,2.5.0
79734,2013-2014,2.5.0
79735,2013-2014,2.5.0
79738,2013-2014,2.5.0
79739,2013-2014,2.5.0
79741,2013-2014,2.5.0
79742,2013-2014,2.5.0
79744,2013-2014,2.5.0
79745,2013-2014,2.5.0
79746,2013-2014,2.5.0
79748,2013-2014,2.5.0
79750,2013-2014,2.5.0
79751,2013-2014,2.5.0
79752,2013-2014,2.5.0
79753,2013-2014,2.5.0
79755,2013-2014,2.5.0
79757,2013-2014,2.5.0
79758,2013-2014,2.5.0
79760,2013-2014,2.5.0
79761,2013-2014,2.5.0
79764,2013-2014,2.5.0
79766,2013-2014,2.5.0
79767,2013-2014,2.5.0
79768,2013-2014,2.5.0
79769,2013-2014,2.5.0
79770,2013-2014,2.5.0
79771,2013-2014,2.5.0
79772,2013-2014,2.5.0
79773,2013-2014,2.5.0
79774,2013-2014,2.5.0
79776,2013-2014,2.5.0
79778,2013-2014,2.5.0
79780,2013-2014,2.3.0
79781,2013-2014,2.5.0
79782,2013-2014,2.5.0
79783,2013-2014,2.5.0
79784,2013-2014,2.5.0
79785,2013-2014,2.5.0
79786,2013-2014,2.5.0
79787,2013-2014,2.5.0
79788,2013-2014,2.5.0
79792,2013-2014,2.5.0
79793,2013-2014,2.5.0
79794,2013-2014,2.5.0
79795,2013-2014,2.5.0
79797,2013-2014,2.5.0
79798,2013-2014,2.5.0
79799,2013-2014,2.5.0
79800,2013-2014,2.5.0
79801,2013-2014,2.5.0
79802,2013-2014,2.5.0
79804,2013-2014,2.5.0
79805,2013-2014,2.5.0
79806,2013-2014,2.5.0
79807,2013-2014,2.5.0
79808,2013-2014,2.4.0
79809,2013-2014,2.3.0
79810,2013-2014,2.5.0
79811,2013-2014,2.5.0
79812,2013-2014,2.5.0
79813,2013-2014,2.5.0
79814,2013-2014,2.3.0
79815,2013-2014,2.5.0
79816,2013-2014,2.5.0
79817,2013-2014,2.5.0
79818,2013-2014,2.5.0
79819,2013-2014,2.5.0
79820,2013-2014,2.5.0
79821,2013-2014,2.5.0
79822,2013-2014,2.5.0
79823,2013-2014,2.5.0
79825,2013-2014,2.5.0
79826,2013-2014,2.5.0
79827,2013-2014,2.5.0
79829,2013-2014,2.5.0
79830,2013-2014,2.3.0
79832,2013-2014,2.5.0
79833,2013-2014,2.5.0
79834,2013-2014,2.3.0
79835,2013-2014,2.3.0
79837,2013-2014,2.5.0
79838,2013-2014,2.5.0
79840,2013-2014,2.5.0
79841,2013-2014,2.5.0
79843,2013-2014,2.5.0
79845,2013-2014,2.5.0
79846,2013-2014,2.5.0
79847,2013-2014,2.5.0
79848,2013-2014,2.5.0
79849,2013-2014,2.5.0
79850,2013-2014,2.3.0
79852,2013-2014,2.5.0
79853,2013-2014,2.5.0
79854,2013-2014,2.5.0
79855,2013-2014,2.5.0
79856,2013-2014,2.3.0
79858,2013-2014,2.5.0
79859,2013-2014,2.5.0
79860,2013-2014,2.3.0
79861,2013-2014,2.5.0
79862,2013-2014,2.5.0
79863,2013-2014,2.5.0
79864,2013-2014,2.5.0
79865,2013-2014,2.5.0
79866,2013-2014,2.5.0
79868,2013-2014,2.5.0
79870,2013-2014,2.5.0
79871,2013-2014,2.5.0
79873,2013-2014,2.5.0
79875,2013-2014,2.4.0
79876,2013-2014,2.5.0
79877,2013-2014,2.5.0
79878,2013-2014,2.5.0
79879,2013-2014,2.5.0
79881,2013-2014,2.5.0
79882,2013-2014,2.5.0
79883,2013-2014,2.5.0
79884,2013-2014,2.5.0
79885,2013-2014,2.5.0
79886,2013-2014,2.5.0
79887,2013-2014,2.5.0
79889,2013-2014,2.5.0
79890,2013-2014,2.3.0
79891,2013-2014,2.5.0
79892,2013-2014,2.5.0
79894,2013-2014,2.5.0
79895,2013-2014,2.5.0
79896,2013-2014,2.5.0
79897,2013-2014,2.3.0
79898,2013-2014,2.5.0
79899,2013-2014,2.5.0
79901,2013-2014,2.5.0
79902,2013-2014,2.5.0
79903,2013-2014,2.5.0
79904,2013-2014,2.5.0
79905,2013-2014,2.4.0
79906,2013-2014,2.5.0
79910,2013-2014,2.5.0
79911,2013-2014,2.5.0
79912,2013-2014,2.3.0
79913,2013-2014,2.5.0
79914,2013-2014,2.5.0
79915,2013-2014,2.5.0
79916,2013-2014,2.5.0
79917,2013-2014,2.5.0
79918,2013-2014,2.5.0
79920,2013-2014,2.3.0
79921,2013-2014,2.5.0
79922,2013-2014,2.5.0
79923,2013-2014,2.5.0
79924,2013-2014,2.3.0
79925,2013-2014,2.4.0
79926,2013-2014,2.5.0
79927,2013-2014,2.5.0
79928,2013-2014,2.5.0
79929,2013-2014,2.5.0
79930,2013-2014,2.5.0
79933,2013-2014,2.5.0
79934,2013-2014,2.5.0
79936,2013-2014,2.5.0
79938,2013-2014,2.5.0
79939,2013-2014,2.5.0
79940,2013-2014,2.5.0
79942,2013-2014,2.5.0
79943,2013-2014,2.5.0
79944,2013-2014,2.5.0
79948,2013-2014,2.5.0
79949,2013-2014,2.5.0
79950,2013-2014,2.5.0
79951,2013-2014,2.5.0
79952,2013-2014,2.5.0
79954,2013-2014,2.5.0
79955,2013-2014,2.5.0
79957,2013-2014,2.3.0
79958,2013-2014,2.5.0
79959,2013-2014,2.5.0
79960,2013-2014,2.5.0
79961,2013-2014,2.5.0
79962,2013-2014,2.5.0
79963,2013-2014,2.5.0
79964,2013-2014,2.5.0
79967,2013-2014,2.5.0
79968,2013-2014,2.5.0
79969,2013-2014,2.5.0
79970,2013-2014,2.3.0
79971,2013-2014,2.5.0
79972,2013-2014,2.5.0
79974,2013-2014,2.5.0
79977,2013-2014,2.5.0
79978,2013-2014,2.5.0
79979,2013-2014,2.3.0
79980,2013-2014,2.5.0
79982,2013-2014,2.5.0
79984,2013-2014,2.5.0
79985,2013-2014,2.5.0
79987,2013-2014,2.5.0
79988,2013-2014,2.4.0
79989,2013-2014,2.5.0
79990,2013-2014,2.5.0
79991,2013-2014,2.5.0
79992,2013-2014,2.5.0
79993,2013-2014,2.5.0
79994,2013-2014,2.5.0
79995,2013-2014,2.5.0
79996,2013-2014,2.5.0
79997,2013-2014,2.5.0
79998,2013-2014,2.5.0
79999,2013-2014,2.3.0
80000,2013-2014,2.3.0
80001,2013-2014,2.3.0
80002,2013-2014,2.5.0
80003,2013-2014,2.5.0
80004,2013-2014,2.5.0
80005,2013-2014,2.5.0
80006,2013-2014,2.5.0
80007,2013-2014,2.5.0
80008,2013-2014,2.5.0
80009,2013-2014,2.5.0
80010,2013-2014,2.5.0
80013,2013-2014,2.5.0
80014,2013-2014,2.5.0
80015,2013-2014,2.5.0
80016,2013-2014,2.5.0
80018,2013-2014,2.3.0
80019,2013-2014,2.3.0
80020,2013-2014,2.5.0
80021,2013-2014,2.5.0
80022,2013-2014,2.5.0
80025,2013-2014,2.5.0
80026,2013-2014,2.5.0
80027,2013-2014,2.5.0
80029,2013-2014,2.5.0
80030,2013-2014,2.5.0
80031,2013-2014,2.5.0
80032,2013-2014,2.5.0
80033,2013-2014,2.5.0
80034,2013-2014,2.5.0
80035,2013-2014,2.5.0
80036,2013-2014,2.5.0
80037,2013-2014,2.5.0
80038,2013-2014,2.5.0
80040,2013-2014,2.5.0
80041,2013-2014,2.5.0
80043,2013-2014,2.5.0
80044,2013-2014,2.5.0
80047,2013-2014,2.3.0
80049,2013-2014,2.3.0
80051,2013-2014,2.5.0
80053,2013-2014,2.5.0
80054,2013-2014,2.5.0
80055,2013-2014,2.5.0
80056,2013-2014,2.5.0
80057,2013-2014,2.5.0
80058,2013-2014,2.5.0
80059,2013-2014,2.5.0
80060,2013-2014,2.5.0
80061,2013-2014,2.5.0
80062,2013-2014,2.5.0
80063,2013-2014,2.5.0
80064,2013-2014,2.5.0
80066,2013-2014,2.3.0
80067,2013-2014,2.5.0
80068,2013-2014,2.5.0
80069,2013-2014,2.5.0
80072,2013-2014,2.5.0
80073,2013-2014,2.5.0
80074,2013-2014,2.5.0
80078,2013-2014,2.5.0
80079,2013-2014,2.5.0
80080,2013-2014,2.5.0
80082,2013-2014,2.5.0
80083,2013-2014,2.5.0
80084,2013-2014,2.5.0
80085,2013-2014,2.5.0
80088,2013-2014,2.5.0
80089,2013-2014,2.5.0
80091,2013-2014,2.5.0
80092,2013-2014,2.5.0
80093,2013-2014,2.4.0
80094,2013-2014,2.5.0
80095,2013-2014,2.5.0
80096,2013-2014,2.5.0
80097,2013-2014,2.5.0
80098,2013-2014,2.5.0
80099,2013-2014,2.5.0
80100,2013-2014,2.5.0
80101,2013-2014,2.5.0
80103,2013-2014,2.5.0
80104,2013-2014,2.5.0
80105,2013-2014,2.5.0
80106,2013-2014,2.5.0
80107,2013-2014,2.5.0
80109,2013-2014,2.5.0
80110,2013-2014,2.5.0
80111,2013-2014,2.5.0
80112,2013-2014,2.5.0
80114,2013-2014,2.5.0
80115,2013-2014,2.5.0
80118,2013-2014,2.5.0
80119,2013-2014,2.5.0
80120,2013-2014,2.5.0
80121,2013-2014,2.5.0
80122,2013-2014,2.5.0
80123,2013-2014,2.5.0
80124,2013-2014,2.5.0
80126,2013-2014,2.5.0
80128,2013-2014,2.5.0
80129,2013-2014,2.5.0
80130,2013-2014,2.5.0
80131,2013-2014,2.5.0
80132,2013-2014,2.5.0
80133,2013-2014,2.5.0
80134,2013-2014,2.5.0
80136,2013-2014,2.5.0
80138,2013-2014,2.5.0
80139,2013-2014,2.5.0
80140,2013-2014,2.5.0
80141,2013-2014,2.5.0
80144,2013-2014,2.5.0
80146,2013-2014,2.5.0
80148,2013-2014,2.5.0
80150,2013-2014,2.5.0
80151,2013-2014,2.5.0
80152,2013-2014,2.5.0
80153,2013-2014,2.5.0
80154,2013-2014,2.5.0
80156,2013-2014,2.3.0
80158,2013-2014,2.5.0
80159,2013-2014,2.5.0
80160,2013-2014,2.3.0
80161,2013-2014,2.5.0
80162,2013-2014,2.5.0
80164,2013-2014,2.5.0
80165,2013-2014,2.5.0
80166,2013-2014,2.5.0
80167,2013-2014,2.2.0
80168,2013-2014,2.5.0
80169,2013-2014,2.5.0
80170,2013-2014,2.5.0
80171,2013-2014,2.5.0
80174,2013-2014,2.5.0
80175,2013-2014,2.3.0
80176,2013-2014,2.5.0
80178,2013-2014,2.5.0
80179,2013-2014,2.5.0
80180,2013-2014,2.5.0
80181,2013-2014,2.5.0
80182,2013-2014,2.5.0
80183,2013-2014,2.5.0
80184,2013-2014,2.5.0
80185,2013-2014,2.5.0
80186,2013-2014,2.5.0
80188,2013-2014,2.5.0
80189,2013-2014,2.3.0
80190,2013-2014,2.3.0
80191,2013-2014,2.5.0
80193,2013-2014,2.5.0
80194,2013-2014,2.3.0
80196,2013-2014,2.5.0
80197,2013-2014,2.3.0
80198,2013-2014,2.5.0
80199,2013-2014,2.5.0
80200,2013-2014,2.5.0
80201,2013-2014,2.5.0
80202,2013-2014,2.5.0
80203,2013-2014,2.3.0
80204,2013-2014,2.5.0
80206,2013-2014,2.5.0
80207,2013-2014,2.5.0
80210,2013-2014,2.5.0
80211,2013-2014,2.5.0
80212,2013-2014,2.5.0
80214,2013-2014,2.5.0
80215,2013-2014,2.3.0
80216,2013-2014,2.5.0
80217,2013-2014,2.5.0
80218,2013-2014,2.5.0
80219,2013-2014,2.5.0
80220,2013-2014,2.5.0
80222,2013-2014,2.5.0
80223,2013-2014,2.5.0
80225,2013-2014,2.5.0
80226,2013-2014,2.5.0
80227,2013-2014,2.5.0
80228,2013-2014,2.5.0
80231,2013-2014,2.5.0
80232,2013-2014,2.5.0
80233,2013-2014,2.5.0
80234,2013-2014,2.5.0
80236,2013-2014,2.2.0
80237,2013-2014,2.5.0
80238,2013-2014,2.5.0
80239,2013-2014,2.5.0
80240,2013-2014,2.5.0
80241,2013-2014,2.5.0
80243,2013-2014,2.5.0
80244,2013-2014,2.5.0
80246,2013-2014,2.5.0
80249,2013-2014,2.5.0
80250,2013-2014,2.5.0
80251,2013-2014,2.5.0
80253,2013-2014,2.5.0
80257,2013-2014,2.5.0
80258,2013-2014,2.5.0
80259,2013-2014,2.3.0
80260,2013-2014,2.3.0
80261,2013-2014,2.5.0
80262,2013-2014,2.3.0
80263,2013-2014,2.5.0
80264,2013-2014,2.5.0
80265,2013-2014,2.3.0
80266,2013-2014,2.5.0
80267,2013-2014,2.5.0
80268,2013-2014,2.5.0
80269,2013-2014,2.3.0
80272,2013-2014,2.5.0
80273,2013-2014,2.3.0
80274,2013-2014,2.5.0
80275,2013-2014,2.3.0
80277,2013-2014,2.3.0
80278,2013-2014,2.3.0
80279,2013-2014,2.5.0
80280,2013-2014,2.3.0
80282,2013-2014,2.5.0
80283,2013-2014,2.5.0
80284,2013-2014,2.5.0
80285,2013-2014,2.3.0
80286,2013-2014,2.5.0
80287,2013-2014,2.5.0
80288,2013-2014,2.3.0
80289,2013-2014,2.5.0
80291,2013-2014,2.5.0
80292,2013-2014,2.5.0
80293,2013-2014,2.5.0
80295,2013-2014,2.5.0
80296,2013-2014,2.5.0
80297,2013-2014,2.5.0
80298,2013-2014,2.5.0
80299,2013-2014,2.5.0
80300,2013-2014,2.5.0
80301,2013-2014,2.5.0
80302,2013-2014,2.5.0
80303,2013-2014,2.5.0
80304,2013-2014,2.5.0
80305,2013-2014,2.5.0
80306,2013-2014,2.5.0
80307,2013-2014,2.4.0
80308,2013-2014,2.5.0
80309,2013-2014,2.5.0
80310,2013-2014,2.5.0
80311,2013-2014,2.5.0
80312,2013-2014,2.5.0
80314,2013-2014,2.5.0
80315,2013-2014,2.5.0
80316,2013-2014,2.5.0
80317,2013-2014,2.5.0
80320,2013-2014,2.3.0
80321,2013-2014,2.5.0
80322,2013-2014,2.5.0
80323,2013-2014,2.5.0
80325,2013-2014,2.5.0
80326,2013-2014,2.5.0
80327,2013-2014,2.5.0
80328,2013-2014,2.5.0
80329,2013-2014,2.5.0
80330,2013-2014,2.5.0
80331,2013-2014,2.5.0
80332,2013-2014,2.5.0
80333,2013-2014,2.5.0
80334,2013-2014,2.5.0
80335,2013-2014,2.5.0
80336,2013-2014,2.3.0
80337,2013-2014,2.5.0
80339,2013-2014,2.5.0
80340,2013-2014,2.5.0
80341,2013-2014,2.5.0
80344,2013-2014,2.5.0
80346,2013-2014,2.5.0
80347,2013-2014,2.5.0
80348,2013-2014,2.5.0
80349,2013-2014,2.5.0
80350,2013-2014,2.5.0
80351,2013-2014,2.5.0
80352,2013-2014,2.5.0
80353,2013-2014,2.5.0
80354,2013-2014,2.3.0
80355,2013-2014,2.5.0
80356,2013-2014,2.5.0
80357,2013-2014,2.5.0
80358,2013-2014,2.5.0
80360,2013-2014,2.5.0
80362,2013-2014,2.5.0
80363,2013-2014,2.5.0
80364,2013-2014,2.3.0
80365,2013-2014,2.5.0
80366,2013-2014,2.5.0
80367,2013-2014,2.5.0
80368,2013-2014,2.5.0
80369,2013-2014,2.5.0
80371,2013-2014,2.5.0
80372,2013-2014,2.5.0
80375,2013-2014,2.5.0
80376,2013-2014,2.5.0
80377,2013-2014,2.5.0
80379,2013-2014,2.5.0
80380,2013-2014,2.3.0
80381,2013-2014,2.5.0
80382,2013-2014,2.5.0
80384,2013-2014,2.5.0
80385,2013-2014,2.5.0
80387,2013-2014,2.5.0
80389,2013-2014,2.5.0
80392,2013-2014,2.3.0
80393,2013-2014,2.5.0
80395,2013-2014,2.5.0
80396,2013-2014,2.5.0
80397,2013-2014,2.5.0
80398,2013-2014,2.5.0
80401,2013-2014,2.5.0
80402,2013-2014,2.3.0
80403,2013-2014,2.5.0
80405,2013-2014,2.5.0
80406,2013-2014,2.5.0
80408,2013-2014,2.5.0
80409,2013-2014,2.5.0
80410,2013-2014,2.5.0
80412,2013-2014,2.4.0
80413,2013-2014,2.5.0
80414,2013-2014,2.5.0
80416,2013-2014,2.5.0
80419,2013-2014,2.5.0
80421,2013-2014,2.5.0
80423,2013-2014,2.5.0
80424,2013-2014,2.5.0
80425,2013-2014,2.5.0
80427,2013-2014,2.5.0
80428,2013-2014,2.5.0
80431,2013-2014,2.5.0
80433,2013-2014,2.5.0
80434,2013-2014,2.5.0
80435,2013-2014,2.5.0
80436,2013-2014,2.2.0
80437,2013-2014,2.5.0
80440,2013-2014,2.5.0
80441,2013-2014,2.5.0
80442,2013-2014,2.5.0
80443,2013-2014,2.5.0
80444,2013-2014,2.5.0
80445,2013-2014,2.5.0
80446,2013-2014,2.5.0
80447,2013-2014,2.5.0
80448,2013-2014,2.5.0
80449,2013-2014,2.5.0
80451,2013-2014,2.5.0
80453,2013-2014,2.5.0
80454,2013-2014,2.5.0
80456,2013-2014,2.5.0
80458,2013-2014,2.5.0
80459,2013-2014,2.5.0
80460,2013-2014,2.5.0
80461,2013-2014,2.5.0
80463,2013-2014,2.5.0
80465,2013-2014,2.5.0
80466,2013-2014,2.3.0
80468,2013-2014,2.5.0
80469,2013-2014,2.5.0
80470,2013-2014,2.3.0
80471,2013-2014,2.5.0
80472,2013-2014,2.5.0
80473,2013-2014,2.5.0
80474,2013-2014,2.5.0
80476,2013-2014,2.5.0
80477,2013-2014,2.5.0
80478,2013-2014,2.5.0
80479,2013-2014,2.5.0
80480,2013-2014,2.5.0
80481,2013-2014,2.3.0
80482,2013-2014,2.5.0
80484,2013-2014,2.5.0
80486,2013-2014,2.5.0
80487,2013-2014,2.3.0
80489,2013-2014,2.5.0
80490,2013-2014,2.5.0
80491,2013-2014,2.5.0
80492,2013-2014,2.5.0
80493,2013-2014,2.5.0
80496,2013-2014,2.5.0
80498,2013-2014,2.5.0
80499,2013-2014,2.5.0
80500,2013-2014,2.5.0
80501,2013-2014,2.5.0
80503,2013-2014,2.5.0
80504,2013-2014,2.5.0
80505,2013-2014,2.5.0
80506,2013-2014,2.3.0
80507,2013-2014,2.5.0
80508,2013-2014,2.5.0
80509,2013-2014,2.3.0
80510,2013-2014,2.5.0
80511,2013-2014,2.5.0
80512,2013-2014,2.5.0
80513,2013-2014,2.5.0
80516,2013-2014,2.3.0
80517,2013-2014,2.5.0
80518,2013-2014,2.5.0
80519,2013-2014,2.5.0
80520,2013-2014,2.5.0
80521,2013-2014,2.3.0
80522,2013-2014,2.5.0
80523,2013-2014,2.5.0
80524,2013-2014,2.5.0
80525,2013-2014,2.5.0
80526,2013-2014,2.5.0
80528,2013-2014,2.5.0
80530,2013-2014,2.5.0
80531,2013-2014,2.5.0
80533,2013-2014,2.5.0
80534,2013-2014,2.3.0
80535,2013-2014,2.5.0
80538,2013-2014,2.5.0
80539,2013-2014,2.5.0
80540,2013-2014,2.5.0
80541,2013-2014,2.5.0
80542,2013-2014,2.5.0
80543,2013-2014,2.5.0
80544,2013-2014,2.5.0
80545,2013-2014,2.5.0
80546,2013-2014,2.5.0
80547,2013-2014,2.3.0
80549,2013-2014,2.5.0
80550,2013-2014,2.5.0
80552,2013-2014,2.5.0
80553,2013-2014,2.5.0
80554,2013-2014,2.5.0
80555,2013-2014,2.5.0
80556,2013-2014,2.5.0
80559,2013-2014,2.5.0
80560,2013-2014,2.5.0
80561,2013-2014,2.5.0
80563,2013-2014,2.5.0
80564,2013-2014,2.5.0
80565,2013-2014,2.5.0
80566,2013-2014,2.5.0
80569,2013-2014,2.5.0
80570,2013-2014,2.5.0
80571,2013-2014,2.5.0
80573,2013-2014,2.5.0
80574,2013-2014,2.5.0
80578,2013-2014,2.5.0
80579,2013-2014,2.5.0
80581,2013-2014,2.4.0
80582,2013-2014,2.3.0
80583,2013-2014,2.5.0
80584,2013-2014,2.5.0
80585,2013-2014,2.5.0
80586,2013-2014,2.5.0
80587,2013-2014,2.5.0
80588,2013-2014,2.5.0
80589,2013-2014,2.5.0
80590,2013-2014,2.5.0
80591,2013-2014,2.5.0
80592,2013-2014,2.5.0
80593,2013-2014,2.5.0
80594,2013-2014,2.5.0
80595,2013-2014,2.5.0
80596,2013-2014,2.5.0
80597,2013-2014,2.5.0
80598,2013-2014,2.5.0
80599,2013-2014,2.5.0
80600,2013-2014,2.5.0
80601,2013-2014,2.5.0
80602,2013-2014,2.5.0
80603,2013-2014,2.5.0
80604,2013-2014,2.5.0
80607,2013-2014,2.5.0
80608,2013-2014,2.5.0
80611,2013-2014,2.5.0
80613,2013-2014,2.3.0
80616,2013-2014,2.5.0
80619,2013-2014,2.5.0
80620,2013-2014,2.5.0
80622,2013-2014,2.5.0
80623,2013-2014,2.5.0
80624,2013-2014,2.5.0
80627,2013-2014,2.5.0
80628,2013-2014,2.5.0
80629,2013-2014,2.5.0
80631,2013-2014,2.5.0
80632,2013-2014,2.5.0
80633,2013-2014,2.5.0
80634,2013-2014,2.5.0
80635,2013-2014,2.5.0
80636,2013-2014,2.5.0
80637,2013-2014,2.5.0
80639,2013-2014,2.5.0
80640,2013-2014,2.5.0
80641,2013-2014,2.5.0
80642,2013-2014,2.5.0
80643,2013-2014,2.5.0
80645,2013-2014,2.5.0
80646,2013-2014,2.5.0
80647,2013-2014,2.5.0
80648,2013-2014,2.3.0
80649,2013-2014,2.5.0
80650,2013-2014,2.5.0
80651,2013-2014,2.5.0
80652,2013-2014,2.5.0
80653,2013-2014,2.3.0
80654,2013-2014,2.5.0
80656,2013-2014,2.5.0
80657,2013-2014,2.3.0
80658,2013-2014,2.5.0
80659,2013-2014,2.5.0
80660,2013-2014,2.5.0
80661,2013-2014,2.5.0
80662,2013-2014,2.5.0
80663,2013-2014,2.5.0
80665,2013-2014,2.3.0
80666,2013-2014,2.5.0
80667,2013-2014,2.5.0
80668,2013-2014,2.5.0
80671,2013-2014,2.5.0
80675,2013-2014,2.5.0
80676,2013-2014,2.5.0
80677,2013-2014,2.5.0
80679,2013-2014,2.5.0
80680,2013-2014,2.3.0
80681,2013-2014,2.5.0
80682,2013-2014,2.5.0
80683,2013-2014,2.3.0
80684,2013-2014,2.5.0
80685,2013-2014,2.5.0
80686,2013-2014,2.5.0
80687,2013-2014,2.5.0
80688,2013-2014,2.5.0
80689,2013-2014,2.5.0
80690,2013-2014,2.5.0
80691,2013-2014,2.5.0
80692,2013-2014,2.5.0
80693,2013-2014,2.5.0
80694,2013-2014,2.3.0
80695,2013-2014,2.5.0
80696,2013-2014,2.5.0
80698,2013-2014,2.5.0
80699,2013-2014,2.5.0
80700,2013-2014,2.5.0
80701,2013-2014,2.4.0
80702,2013-2014,2.5.0
80703,2013-2014,2.5.0
80704,2013-2014,2.5.0
80705,2013-2014,2.5.0
80707,2013-2014,2.5.0
80708,2013-2014,2.5.0
80710,2013-2014,2.5.0
80711,2013-2014,2.3.0
80712,2013-2014,2.5.0
80713,2013-2014,2.5.0
80714,2013-2014,2.5.0
80715,2013-2014,2.5.0
80717,2013-2014,2.5.0
80718,2013-2014,2.5.0
80720,2013-2014,2.5.0
80721,2013-2014,2.5.0
80722,2013-2014,2.5.0
80723,2013-2014,2.5.0
80726,2013-2014,2.5.0
80727,2013-2014,2.5.0
80729,2013-2014,2.5.0
80730,2013-2014,2.5.0
80731,2013-2014,2.5.0
80733,2013-2014,2.5.0
80734,2013-2014,2.5.0
80735,2013-2014,2.5.0
80736,2013-2014,2.5.0
80737,2013-2014,2.5.0
80738,2013-2014,2.5.0
80739,2013-2014,2.5.0
80740,2013-2014,2.5.0
80742,2013-2014,2.5.0
80743,2013-2014,2.3.0
80745,2013-2014,2.5.0
80749,2013-2014,2.5.0
80750,2013-2014,2.5.0
80751,2013-2014,2.3.0
80752,2013-2014,2.5.0
80753,2013-2014,2.5.0
80754,2013-2014,2.5.0
80755,2013-2014,2.5.0
80756,2013-2014,2.5.0
80757,2013-2014,2.5.0
80758,2013-2014,2.5.0
80760,2013-2014,2.5.0
80761,2013-2014,2.5.0
80762,2013-2014,2.5.0
80763,2013-2014,2.5.0
80764,2013-2014,2.5.0
80765,2013-2014,2.2.0
80766,2013-2014,2.5.0
80767,2013-2014,2.5.0
80768,2013-2014,2.5.0
80769,2013-2014,2.2.0
80770,2013-2014,2.5.0
80771,2013-2014,2.5.0
80772,2013-2014,2.5.0
80773,2013-2014,2.5.0
80774,2013-2014,2.3.0
80775,2013-2014,2.5.0
80778,2013-2014,2.5.0
80779,2013-2014,2.5.0
80780,2013-2014,2.5.0
80781,2013-2014,2.5.0
80782,2013-2014,2.5.0
80783,2013-2014,2.5.0
80784,2013-2014,2.5.0
80786,2013-2014,2.5.0
80787,2013-2014,2.4.0
80788,2013-2014,2.5.0
80789,2013-2014,2.3.0
80791,2013-2014,2.5.0
80792,2013-2014,2.5.0
80793,2013-2014,2.5.0
80794,2013-2014,2.5.0
80795,2013-2014,2.3.0
80797,2013-2014,2.5.0
80798,2013-2014,2.5.0
80800,2013-2014,2.5.0
80801,2013-2014,2.5.0
80803,2013-2014,2.3.0
80804,2013-2014,2.5.0
80805,2013-2014,2.5.0
80806,2013-2014,2.5.0
80807,2013-2014,2.5.0
80809,2013-2014,2.5.0
80811,2013-2014,2.5.0
80812,2013-2014,2.5.0
80814,2013-2014,2.5.0
80815,2013-2014,2.5.0
80816,2013-2014,2.5.0
80817,2013-2014,2.5.0
80818,2013-2014,2.5.0
80819,2013-2014,2.5.0
80820,2013-2014,2.5.0
80821,2013-2014,2.5.0
80822,2013-2014,2.5.0
80823,2013-2014,2.5.0
80824,2013-2014,2.5.0
80825,2013-2014,2.5.0
80826,2013-2014,2.3.0
80827,2013-2014,2.5.0
80828,2013-2014,2.5.0
80829,2013-2014,2.5.0
80830,2013-2014,2.5.0
80831,2013-2014,2.3.0
80833,2013-2014,2.5.0
80834,2013-2014,2.5.0
80836,2013-2014,2.5.0
80837,2013-2014,2.5.0
80838,2013-2014,2.5.0
80840,2013-2014,2.5.0
80841,2013-2014,2.5.0
80842,2013-2014,2.5.0
80843,2013-2014,2.5.0
80845,2013-2014,2.5.0
80846,2013-2014,2.5.0
80847,2013-2014,2.5.0
80849,2013-2014,2.5.0
80850,2013-2014,2.5.0
80851,2013-2014,2.5.0
80852,2013-2014,2.5.0
80853,2013-2014,2.5.0
80854,2013-2014,2.5.0
80855,2013-2014,2.5.0
80856,2013-2014,2.5.0
80857,2013-2014,2.3.0
80858,2013-2014,2.4.0
80859,2013-2014,2.5.0
80860,2013-2014,2.5.0
80862,2013-2014,2.5.0
80863,2013-2014,2.3.0
80864,2013-2014,2.5.0
80867,2013-2014,2.5.0
80868,2013-2014,2.5.0
80869,2013-2014,2.5.0
80870,2013-2014,2.3.0
80871,2013-2014,2.5.0
80876,2013-2014,2.5.0
80877,2013-2014,2.3.0
80878,2013-2014,2.5.0
80879,2013-2014,2.5.0
80880,2013-2014,2.5.0
80881,2013-2014,2.5.0
80884,2013-2014,2.5.0
80885,2013-2014,2.5.0
80886,2013-2014,2.5.0
80888,2013-2014,2.5.0
80889,2013-2014,2.5.0
80890,2013-2014,2.2.0
80892,2013-2014,2.5.0
80893,2013-2014,2.5.0
80894,2013-2014,2.5.0
80895,2013-2014,2.5.0
80896,2013-2014,2.5.0
80898,2013-2014,2.3.0
80899,2013-2014,2.5.0
80900,2013-2014,2.5.0
80901,2013-2014,2.5.0
80902,2013-2014,2.5.0
80903,2013-2014,2.5.0
80904,2013-2014,2.5.0
80905,2013-2014,2.5.0
80907,2013-2014,2.5.0
80908,2013-2014,2.5.0
80909,2013-2014,2.5.0
80910,2013-2014,2.5.0
80911,2013-2014,2.5.0
80912,2013-2014,2.5.0
80915,2013-2014,2.5.0
80916,2013-2014,2.5.0
80917,2013-2014,2.4.0
80918,2013-2014,2.5.0
80920,2013-2014,2.5.0
80921,2013-2014,2.5.0
80922,2013-2014,2.5.0
80923,2013-2014,2.3.0
80925,2013-2014,2.5.0
80927,2013-2014,2.3.0
80928,2013-2014,2.5.0
80929,2013-2014,2.5.0
80931,2013-2014,2.5.0
80934,2013-2014,2.5.0
80936,2013-2014,2.5.0
80937,2013-2014,2.5.0
80938,2013-2014,2.5.0
80939,2013-2014,2.5.0
80940,2013-2014,2.3.0
80941,2013-2014,2.5.0
80942,2013-2014,2.5.0
80943,2013-2014,2.5.0
80944,2013-2014,2.5.0
80946,2013-2014,2.5.0
80947,2013-2014,2.5.0
80948,2013-2014,2.5.0
80949,2013-2014,2.5.0
80951,2013-2014,2.5.0
80953,2013-2014,2.5.0
80954,2013-2014,2.3.0
80955,2013-2014,2.5.0
80956,2013-2014,2.5.0
80957,2013-2014,2.5.0
80958,2013-2014,2.5.0
80960,2013-2014,2.5.0
80961,2013-2014,2.5.0
80962,2013-2014,2.5.0
80963,2013-2014,2.5.0
80964,2013-2014,2.5.0
80965,2013-2014,2.5.0
80966,2013-2014,2.5.0
80970,2013-2014,2.5.0
80972,2013-2014,2.5.0
80973,2013-2014,2.5.0
80974,2013-2014,2.5.0
80975,2013-2014,2.5.0
80976,2013-2014,2.5.0
80979,2013-2014,2.5.0
80980,2013-2014,2.5.0
80981,2013-2014,2.5.0
80982,2013-2014,2.5.0
80983,2013-2014,2.5.0
80984,2013-2014,2.5.0
80985,2013-2014,2.5.0
80987,2013-2014,2.5.0
80988,2013-2014,2.5.0
80990,2013-2014,2.5.0
80991,2013-2014,2.5.0
80992,2013-2014,2.5.0
80993,2013-2014,2.5.0
80996,2013-2014,2.5.0
80997,2013-2014,2.5.0
80999,2013-2014,2.5.0
81001,2013-2014,2.5.0
81002,2013-2014,2.5.0
81003,2013-2014,2.5.0
81004,2013-2014,2.5.0
81006,2013-2014,2.5.0
81009,2013-2014,2.5.0
81010,2013-2014,2.5.0
81011,2013-2014,2.5.0
81012,2013-2014,2.5.0
81013,2013-2014,2.5.0
81014,2013-2014,2.5.0
81015,2013-2014,2.5.0
81016,2013-2014,2.5.0
81017,2013-2014,2.5.0
81018,2013-2014,2.5.0
81020,2013-2014,2.5.0
81022,2013-2014,2.3.0
81023,2013-2014,2.5.0
81024,2013-2014,2.5.0
81025,2013-2014,2.5.0
81026,2013-2014,2.5.0
81028,2013-2014,2.5.0
81030,2013-2014,2.5.0
81031,2013-2014,2.5.0
81032,2013-2014,2.5.0
81033,2013-2014,2.5.0
81034,2013-2014,2.5.0
81035,2013-2014,2.4.0
81037,2013-2014,2.5.0
81038,2013-2014,2.5.0
81040,2013-2014,2.5.0
81041,2013-2014,2.5.0
81042,2013-2014,2.5.0
81043,2013-2014,2.5.0
81044,2013-2014,2.5.0
81047,2013-2014,2.5.0
81049,2013-2014,2.5.0
81050,2013-2014,2.5.0
81051,2013-2014,2.5.0
81054,2013-2014,2.5.0
81055,2013-2014,2.3.0
81056,2013-2014,2.5.0
81058,2013-2014,2.5.0
81059,2013-2014,2.5.0
81060,2013-2014,2.5.0
81061,2013-2014,2.3.0
81063,2013-2014,2.5.0
81064,2013-2014,2.5.0
81067,2013-2014,2.5.0
81068,2013-2014,2.5.0
81069,2013-2014,2.5.0
81070,2013-2014,2.5.0
81072,2013-2014,2.5.0
81073,2013-2014,2.5.0
81074,2013-2014,2.5.0
81076,2013-2014,2.5.0
81078,2013-2014,2.5.0
81079,2013-2014,2.3.0
81080,2013-2014,2.5.0
81082,2013-2014,2.5.0
81084,2013-2014,2.5.0
81085,2013-2014,2.5.0
81087,2013-2014,2.5.0
81088,2013-2014,2.5.0
81089,2013-2014,2.5.0
81090,2013-2014,2.5.0
81091,2013-2014,2.5.0
81092,2013-2014,2.5.0
81093,2013-2014,2.5.0
81094,2013-2014,2.5.0
81095,2013-2014,2.5.0
81096,2013-2014,2.5.0
81097,2013-2014,2.5.0
81098,2013-2014,2.5.0
81099,2013-2014,2.5.0
81100,2013-2014,2.5.0
81101,2013-2014,2.5.0
81102,2013-2014,2.5.0
81103,2013-2014,2.5.0
81104,2013-2014,2.5.0
81105,2013-2014,2.5.0
81106,2013-2014,2.5.0
81107,2013-2014,2.3.0
81108,2013-2014,2.5.0
81109,2013-2014,2.5.0
81110,2013-2014,2.5.0
81111,2013-2014,2.5.0
81112,2013-2014,2.5.0
81114,2013-2014,2.5.0
81115,2013-2014,2.5.0
81116,2013-2014,2.5.0
81117,2013-2014,2.5.0
81118,2013-2014,2.3.0
81119,2013-2014,2.5.0
81120,2013-2014,2.5.0
81122,2013-2014,2.5.0
81123,2013-2014,2.5.0
81124,2013-2014,2.5.0
81125,2013-2014,2.5.0
81126,2013-2014,2.5.0
81127,2013-2014,2.5.0
81128,2013-2014,2.5.0
81129,2013-2014,2.5.0
81130,2013-2014,2.5.0
81131,2013-2014,2.5.0
81132,2013-2014,2.3.0
81133,2013-2014,2.5.0
81134,2013-2014,2.5.0
81135,2013-2014,2.5.0
81136,2013-2014,2.5.0
81138,2013-2014,2.5.0
81139,2013-2014,2.5.0
81140,2013-2014,2.5.0
81141,2013-2014,2.5.0
81142,2013-2014,2.3.0
81144,2013-2014,2.5.0
81145,2013-2014,2.5.0
81146,2013-2014,2.5.0
81147,2013-2014,2.5.0
81148,2013-2014,2.5.0
81149,2013-2014,2.5.0
81150,2013-2014,2.5.0
81151,2013-2014,2.5.0
81152,2013-2014,2.5.0
81153,2013-2014,2.5.0
81155,2013-2014,2.5.0
81156,2013-2014,2.5.0
81157,2013-2014,2.5.0
81158,2013-2014,2.5.0
81159,2013-2014,2.5.0
81160,2013-2014,2.5.0
81161,2013-2014,2.5.0
81162,2013-2014,2.5.0
81163,2013-2014,2.5.0
81164,2013-2014,2.5.0
81165,2013-2014,2.5.0
81166,2013-2014,2.5.0
81167,2013-2014,2.5.0
81168,2013-2014,2.5.0
81169,2013-2014,2.5.0
81170,2013-2014,2.5.0
81171,2013-2014,2.5.0
81172,2013-2014,2.3.0
81173,2013-2014,2.5.0
81174,2013-2014,2.5.0
81176,2013-2014,2.5.0
81177,2013-2014,2.5.0
81178,2013-2014,2.5.0
81180,2013-2014,2.5.0
81181,2013-2014,2.3.0
81182,2013-2014,2.5.0
81183,2013-2014,2.5.0
81184,2013-2014,2.5.0
81186,2013-2014,2.5.0
81187,2013-2014,2.5.0
81188,2013-2014,2.5.0
81189,2013-2014,2.5.0
81190,2013-2014,2.5.0
81191,2013-2014,2.5.0
81194,2013-2014,2.5.0
81195,2013-2014,2.5.0
81196,2013-2014,2.5.0
81199,2013-2014,2.5.0
81200,2013-2014,2.3.0
81201,2013-2014,2.5.0
81203,2013-2014,2.5.0
81204,2013-2014,2.5.0
81206,2013-2014,2.5.0
81207,2013-2014,2.4.0
81209,2013-2014,2.5.0
81210,2013-2014,2.5.0
81211,2013-2014,2.5.0
81212,2013-2014,2.4.0
81213,2013-2014,2.5.0
81214,2013-2014,2.3.0
81216,2013-2014,2.4.0
81217,2013-2014,2.5.0
81218,2013-2014,2.5.0
81219,2013-2014,2.5.0
81221,2013-2014,2.5.0
81222,2013-2014,2.5.0
81223,2013-2014,2.5.0
81224,2013-2014,2.5.0
81225,2013-2014,2.5.0
81226,2013-2014,2.5.0
81227,2013-2014,2.5.0
81228,2013-2014,2.5.0
81229,2013-2014,2.5.0
81230,2013-2014,2.5.0
81231,2013-2014,2.5.0
81232,2013-2014,2.5.0
81233,2013-2014,2.5.0
81234,2013-2014,2.5.0
81235,2013-2014,2.5.0
81236,2013-2014,2.5.0
81237,2013-2014,2.5.0
81238,2013-2014,2.3.0
81239,2013-2014,2.5.0
81241,2013-2014,2.5.0
81242,2013-2014,2.5.0
81244,2013-2014,2.5.0
81246,2013-2014,2.5.0
81247,2013-2014,2.3.0
81248,2013-2014,2.5.0
81249,2013-2014,2.5.0
81250,2013-2014,2.5.0
81252,2013-2014,2.5.0
81253,2013-2014,2.3.0
81254,2013-2014,2.5.0
81256,2013-2014,2.3.0
81257,2013-2014,2.5.0
81259,2013-2014,2.5.0
81261,2013-2014,2.5.0
81262,2013-2014,2.5.0
81264,2013-2014,2.5.0
81265,2013-2014,2.5.0
81266,2013-2014,2.5.0
81267,2013-2014,2.5.0
81269,2013-2014,2.5.0
81270,2013-2014,2.5.0
81272,2013-2014,2.5.0
81273,2013-2014,2.5.0
81274,2013-2014,2.5.0
81275,2013-2014,2.5.0
81276,2013-2014,2.5.0
81279,2013-2014,2.5.0
81280,2013-2014,2.2.0
81281,2013-2014,2.5.0
81282,2013-2014,2.5.0
81283,2013-2014,2.5.0
81284,2013-2014,2.5.0
81286,2013-2014,2.5.0
81288,2013-2014,2.5.0
81289,2013-2014,2.5.0
81290,2013-2014,2.5.0
81295,2013-2014,2.5.0
81296,2013-2014,2.5.0
81297,2013-2014,2.5.0
81301,2013-2014,2.5.0
81302,2013-2014,2.5.0
81303,2013-2014,2.3.0
81304,2013-2014,2.5.0
81306,2013-2014,2.5.0
81307,2013-2014,2.3.0
81310,2013-2014,2.5.0
81311,2013-2014,2.5.0
81312,2013-2014,2.5.0
81313,2013-2014,2.5.0
81314,2013-2014,2.5.0
81315,2013-2014,2.5.0
81316,2013-2014,2.5.0
81317,2013-2014,2.5.0
81318,2013-2014,2.5.0
81319,2013-2014,2.5.0
81320,2013-2014,2.5.0
81321,2013-2014,2.5.0
81322,2013-2014,2.5.0
81323,2013-2014,2.5.0
81325,2013-2014,2.5.0
81326,2013-2014,2.5.0
81327,2013-2014,2.5.0
81328,2013-2014,2.5.0
81329,2013-2014,2.5.0
81330,2013-2014,2.5.0
81331,2013-2014,2.5.0
81332,2013-2014,2.5.0
81335,2013-2014,2.5.0
81336,2013-2014,2.5.0
81339,2013-2014,2.5.0
81340,2013-2014,2.5.0
81341,2013-2014,2.5.0
81342,2013-2014,2.5.0
81343,2013-2014,2.4.0
81344,2013-2014,2.5.0
81347,2013-2014,2.3.0
81348,2013-2014,2.5.0
81349,2013-2014,2.5.0
81350,2013-2014,2.5.0
81351,2013-2014,2.5.0
81352,2013-2014,2.5.0
81353,2013-2014,2.5.0
81354,2013-2014,2.5.0
81355,2013-2014,2.5.0
81356,2013-2014,2.5.0
81357,2013-2014,2.5.0
81358,2013-2014,2.5.0
81359,2013-2014,2.5.0
81361,2013-2014,2.5.0
81362,2013-2014,2.5.0
81364,2013-2014,2.3.0
81365,2013-2014,2.3.0
81366,2013-2014,2.5.0
81368,2013-2014,2.5.0
81369,2013-2014,2.5.0
81370,2013-2014,2.5.0
81372,2013-2014,2.5.0
81373,2013-2014,2.5.0
81374,2013-2014,2.5.0
81377,2013-2014,2.3.0
81378,2013-2014,2.5.0
81379,2013-2014,2.5.0
81380,2013-2014,2.5.0
81381,2013-2014,2.5.0
81382,2013-2014,2.5.0
81383,2013-2014,2.5.0
81384,2013-2014,2.5.0
81385,2013-2014,2.3.0
81386,2013-2014,2.5.0
81387,2013-2014,2.5.0
81389,2013-2014,2.5.0
81390,2013-2014,2.5.0
81392,2013-2014,2.5.0
81393,2013-2014,2.5.0
81394,2013-2014,2.5.0
81395,2013-2014,2.5.0
81401,2013-2014,2.5.0
81403,2013-2014,2.3.0
81405,2013-2014,2.5.0
81406,2013-2014,2.5.0
81407,2013-2014,2.5.0
81408,2013-2014,2.3.0
81409,2013-2014,2.5.0
81410,2013-2014,2.5.0
81411,2013-2014,2.5.0
81412,2013-2014,2.5.0
81413,2013-2014,2.5.0
81414,2013-2014,2.5.0
81415,2013-2014,2.5.0
81416,2013-2014,2.5.0
81418,2013-2014,2.5.0
81419,2013-2014,2.5.0
81421,2013-2014,2.5.0
81422,2013-2014,2.5.0
81423,2013-2014,2.5.0
81424,2013-2014,2.5.0
81426,2013-2014,2.5.0
81427,2013-2014,2.5.0
81428,2013-2014,2.5.0
81429,2013-2014,2.5.0
81430,2013-2014,2.5.0
81432,2013-2014,2.5.0
81433,2013-2014,2.3.0
81434,2013-2014,2.5.0
81435,2013-2014,2.3.0
81436,2013-2014,2.5.0
81437,2013-2014,2.5.0
81438,2013-2014,2.5.0
81441,2013-2014,2.5.0
81442,2013-2014,2.5.0
81444,2013-2014,2.5.0
81445,2013-2014,2.5.0
81446,2013-2014,2.5.0
81447,2013-2014,2.5.0
81448,2013-2014,2.5.0
81449,2013-2014,2.3.0
81451,2013-2014,2.5.0
81452,2013-2014,2.5.0
81453,2013-2014,2.5.0
81454,2013-2014,2.5.0
81456,2013-2014,2.5.0
81457,2013-2014,2.3.0
81460,2013-2014,2.5.0
81461,2013-2014,2.5.0
81462,2013-2014,2.5.0
81463,2013-2014,2.5.0
81464,2013-2014,2.5.0
81465,2013-2014,2.5.0
81467,2013-2014,2.5.0
81468,2013-2014,2.5.0
81470,2013-2014,2.5.0
81471,2013-2014,2.5.0
81472,2013-2014,2.5.0
81474,2013-2014,2.5.0
81475,2013-2014,2.5.0
81477,2013-2014,2.5.0
81478,2013-2014,2.5.0
81479,2013-2014,2.5.0
81480,2013-2014,2.5.0
81481,2013-2014,2.3.0
81482,2013-2014,2.5.0
81483,2013-2014,2.5.0
81484,2013-2014,2.5.0
81485,2013-2014,2.5.0
81486,2013-2014,2.5.0
81487,2013-2014,2.5.0
81489,2013-2014,2.5.0
81490,2013-2014,2.3.0
81491,2013-2014,2.5.0
81492,2013-2014,2.5.0
81493,2013-2014,2.5.0
81494,2013-2014,2.3.0
81495,2013-2014,2.5.0
81496,2013-2014,2.5.0
81497,2013-2014,2.5.0
81498,2013-2014,2.5.0
81499,2013-2014,2.3.0
81501,2013-2014,2.5.0
81502,2013-2014,2.5.0
81503,2013-2014,2.5.0
81504,2013-2014,2.5.0
81505,2013-2014,2.5.0
81506,2013-2014,2.5.0
81508,2013-2014,2.5.0
81509,2013-2014,2.3.0
81510,2013-2014,2.5.0
81512,2013-2014,2.5.0
81514,2013-2014,2.5.0
81517,2013-2014,2.5.0
81518,2013-2014,2.5.0
81521,2013-2014,2.5.0
81522,2013-2014,2.5.0
81523,2013-2014,2.5.0
81524,2013-2014,2.5.0
81525,2013-2014,2.5.0
81526,2013-2014,2.3.0
81527,2013-2014,2.5.0
81528,2013-2014,2.5.0
81530,2013-2014,2.5.0
81532,2013-2014,2.5.0
81534,2013-2014,2.5.0
81535,2013-2014,2.5.0
81536,2013-2014,2.5.0
81537,2013-2014,2.5.0
81538,2013-2014,2.5.0
81539,2013-2014,2.5.0
81540,2013-2014,2.5.0
81541,2013-2014,2.5.0
81543,2013-2014,2.5.0
81545,2013-2014,2.5.0
81546,2013-2014,2.5.0
81547,2013-2014,2.5.0
81548,2013-2014,2.5.0
81549,2013-2014,2.5.0
81551,2013-2014,2.5.0
81552,2013-2014,2.5.0
81553,2013-2014,2.5.0
81554,2013-2014,2.5.0
81555,2013-2014,2.5.0
81556,2013-2014,2.5.0
81557,2013-2014,2.5.0
81558,2013-2014,2.5.0
81559,2013-2014,2.5.0
81561,2013-2014,2.5.0
81563,2013-2014,2.5.0
81564,2013-2014,2.3.0
81565,2013-2014,2.5.0
81566,2013-2014,2.5.0
81567,2013-2014,2.5.0
81568,2013-2014,2.5.0
81570,2013-2014,2.5.0
81571,2013-2014,2.3.0
81572,2013-2014,2.5.0
81574,2013-2014,2.5.0
81575,2013-2014,2.5.0
81576,2013-2014,2.5.0
81577,2013-2014,2.5.0
81578,2013-2014,2.5.0
81579,2013-2014,2.5.0
81580,2013-2014,2.5.0
81581,2013-2014,2.3.0
81582,2013-2014,2.5.0
81583,2013-2014,2.5.0
81584,2013-2014,2.5.0
81585,2013-2014,2.5.0
81586,2013-2014,2.5.0
81587,2013-2014,2.5.0
81588,2013-2014,2.5.0
81589,2013-2014,2.5.0
81590,2013-2014,2.5.0
81591,2013-2014,2.5.0
81593,2013-2014,2.5.0
81594,2013-2014,2.5.0
81595,2013-2014,2.5.0
81596,2013-2014,2.3.0
81598,2013-2014,2.5.0
81599,2013-2014,2.5.0
81600,2013-2014,2.5.0
81601,2013-2014,2.5.0
81602,2013-2014,2.5.0
81603,2013-2014,2.5.0
81604,2013-2014,2.3.0
81605,2013-2014,2.5.0
81606,2013-2014,2.5.0
81607,2013-2014,2.5.0
81608,2013-2014,2.5.0
81609,2013-2014,2.5.0
81610,2013-2014,2.5.0
81612,2013-2014,2.5.0
81613,2013-2014,2.5.0
81614,2013-2014,2.5.0
81615,2013-2014,2.5.0
81616,2013-2014,2.5.0
81618,2013-2014,2.5.0
81619,2013-2014,2.5.0
81620,2013-2014,2.5.0
81621,2013-2014,2.5.0
81623,2013-2014,2.5.0
81624,2013-2014,2.5.0
81627,2013-2014,2.5.0
81629,2013-2014,2.5.0
81630,2013-2014,2.5.0
81632,2013-2014,2.5.0
81633,2013-2014,2.5.0
81634,2013-2014,2.5.0
81635,2013-2014,2.5.0
81636,2013-2014,2.5.0
81637,2013-2014,2.5.0
81638,2013-2014,2.5.0
81639,2013-2014,2.5.0
81640,2013-2014,2.5.0
81643,2013-2014,2.5.0
81644,2013-2014,2.5.0
81645,2013-2014,2.5.0
81647,2013-2014,2.2.0
81648,2013-2014,2.5.0
81649,2013-2014,2.5.0
81650,2013-2014,2.5.0
81653,2013-2014,2.5.0
81654,2013-2014,2.5.0
81659,2013-2014,2.5.0
81660,2013-2014,2.5.0
81661,2013-2014,2.5.0
81662,2013-2014,2.5.0
81663,2013-2014,2.5.0
81664,2013-2014,2.5.0
81665,2013-2014,2.3.0
81666,2013-2014,2.5.0
81667,2013-2014,2.5.0
81669,2013-2014,2.5.0
81672,2013-2014,2.5.0
81674,2013-2014,2.5.0
81675,2013-2014,2.5.0
81676,2013-2014,2.5.0
81677,2013-2014,2.5.0
81678,2013-2014,2.5.0
81679,2013-2014,2.5.0
81680,2013-2014,2.5.0
81681,2013-2014,2.5.0
81682,2013-2014,2.5.0
81683,2013-2014,2.5.0
81685,2013-2014,2.5.0
81686,2013-2014,2.5.0
81688,2013-2014,2.5.0
81689,2013-2014,2.5.0
81691,2013-2014,2.5.0
81692,2013-2014,2.5.0
81694,2013-2014,2.5.0
81695,2013-2014,2.5.0
81696,2013-2014,2.5.0
81697,2013-2014,2.3.0
81698,2013-2014,2.5.0
81699,2013-2014,2.5.0
81700,2013-2014,2.5.0
81701,2013-2014,2.5.0
81702,2013-2014,2.5.0
81703,2013-2014,2.5.0
81704,2013-2014,2.5.0
81705,2013-2014,2.3.0
81706,2013-2014,2.5.0
81707,2013-2014,2.5.0
81708,2013-2014,2.5.0
81710,2013-2014,2.5.0
81711,2013-2014,2.5.0
81712,2013-2014,2.3.0
81713,2013-2014,2.5.0
81714,2013-2014,2.5.0
81715,2013-2014,2.5.0
81716,2013-2014,2.5.0
81717,2013-2014,2.5.0
81719,2013-2014,2.5.0
81720,2013-2014,2.5.0
81721,2013-2014,2.5.0
81722,2013-2014,2.5.0
81724,2013-2014,2.5.0
81725,2013-2014,2.5.0
81726,2013-2014,2.5.0
81727,2013-2014,2.5.0
81728,2013-2014,2.5.0
81730,2013-2014,2.5.0
81732,2013-2014,2.5.0
81733,2013-2014,2.5.0
81734,2013-2014,2.5.0
81735,2013-2014,2.3.0
81736,2013-2014,2.5.0
81737,2013-2014,2.5.0
81738,2013-2014,2.5.0
81740,2013-2014,2.3.0
81741,2013-2014,2.5.0
81742,2013-2014,2.3.0
81743,2013-2014,2.5.0
81745,2013-2014,2.3.0
81746,2013-2014,2.5.0
81748,2013-2014,2.5.0
81750,2013-2014,2.5.0
81752,2013-2014,2.5.0
81753,2013-2014,2.5.0
81754,2013-2014,2.5.0
81755,2013-2014,2.5.0
81757,2013-2014,2.5.0
81759,2013-2014,2.5.0
81762,2013-2014,2.3.0
81763,2013-2014,2.5.0
81765,2013-2014,2.5.0
81766,2013-2014,2.5.0
81770,2013-2014,2.5.0
81771,2013-2014,2.5.0
81772,2013-2014,2.5.0
81773,2013-2014,2.5.0
81775,2013-2014,2.5.0
81776,2013-2014,2.5.0
81777,2013-2014,2.5.0
81779,2013-2014,2.5.0
81780,2013-2014,2.5.0
81782,2013-2014,2.5.0
81783,2013-2014,2.3.0
81784,2013-2014,2.5.0
81785,2013-2014,2.5.0
81789,2013-2014,2.5.0
81790,2013-2014,2.5.0
81793,2013-2014,2.5.0
81794,2013-2014,2.5.0
81795,2013-2014,2.5.0
81797,2013-2014,2.5.0
81798,2013-2014,2.3.0
81799,2013-2014,2.5.0
81800,2013-2014,2.5.0
81801,2013-2014,2.5.0
81802,2013-2014,2.5.0
81803,2013-2014,2.5.0
81804,2013-2014,2.5.0
81805,2013-2014,2.5.0
81806,2013-2014,2.5.0
81808,2013-2014,2.5.0
81809,2013-2014,2.5.0
81810,2013-2014,2.5.0
81812,2013-2014,2.5.0
81813,2013-2014,2.5.0
81815,2013-2014,2.5.0
81816,2013-2014,2.5.0
81817,2013-2014,2.5.0
81818,2013-2014,2.5.0
81819,2013-2014,2.5.0
81822,2013-2014,2.5.0
81823,2013-2014,2.5.0
81824,2013-2014,2.5.0
81825,2013-2014,2.5.0
81826,2013-2014,2.5.0
81827,2013-2014,2.5.0
81828,2013-2014,2.5.0
81829,2013-2014,2.5.0
81830,2013-2014,2.5.0
81831,2013-2014,2.5.0
81833,2013-2014,2.5.0
81834,2013-2014,2.5.0
81835,2013-2014,2.5.0
81836,2013-2014,2.5.0
81837,2013-2014,2.5.0
81838,2013-2014,2.5.0
81839,2013-2014,2.5.0
81840,2013-2014,2.5.0
81841,2013-2014,2.5.0
81843,2013-2014,2.5.0
81844,2013-2014,2.3.0
81845,2013-2014,2.5.0
81846,2013-2014,2.5.0
81847,2013-2014,2.5.0
81849,2013-2014,2.3.0
81850,2013-2014,2.3.0
81851,2013-2014,2.5.0
81853,2013-2014,2.5.0
81854,2013-2014,2.5.0
81855,2013-2014,2.5.0
81856,2013-2014,2.5.0
81857,2013-2014,2.5.0
81858,2013-2014,2.5.0
81860,2013-2014,2.3.0
81863,2013-2014,2.5.0
81864,2013-2014,2.3.0
81865,2013-2014,2.5.0
81866,2013-2014,2.5.0
81867,2013-2014,2.5.0
81869,2013-2014,2.5.0
81871,2013-2014,2.5.0
81872,2013-2014,2.3.0
81875,2013-2014,2.5.0
81877,2013-2014,2.5.0
81878,2013-2014,2.5.0
81879,2013-2014,2.5.0
81880,2013-2014,2.5.0
81881,2013-2014,2.5.0
81882,2013-2014,2.5.0
81883,2013-2014,2.5.0
81884,2013-2014,2.5.0
81885,2013-2014,2.5.0
81886,2013-2014,2.5.0
81889,2013-2014,2.5.0
81890,2013-2014,2.5.0
81892,2013-2014,2.3.0
81893,2013-2014,2.5.0
81894,2013-2014,2.5.0
81895,2013-2014,2.5.0
81896,2013-2014,2.5.0
81897,2013-2014,2.5.0
81899,2013-2014,2.5.0
81900,2013-2014,2.5.0
81903,2013-2014,2.5.0
81905,2013-2014,2.5.0
81906,2013-2014,2.5.0
81909,2013-2014,2.5.0
81910,2013-2014,2.3.0
81911,2013-2014,2.5.0
81912,2013-2014,2.5.0
81913,2013-2014,2.5.0
81914,2013-2014,2.5.0
81915,2013-2014,2.5.0
81917,2013-2014,2.5.0
81919,2013-2014,2.5.0
81920,2013-2014,2.5.0
81921,2013-2014,2.5.0
81922,2013-2014,2.5.0
81923,2013-2014,2.5.0
81924,2013-2014,2.5.0
81925,2013-2014,2.5.0
81926,2013-2014,2.5.0
81927,2013-2014,2.5.0
81929,2013-2014,2.5.0
81930,2013-2014,2.5.0
81931,2013-2014,2.5.0
81933,2013-2014,2.5.0
81934,2013-2014,2.5.0
81935,2013-2014,2.5.0
81939,2013-2014,2.3.0
81940,2013-2014,2.5.0
81941,2013-2014,2.3.0
81942,2013-2014,2.5.0
81943,2013-2014,2.5.0
81944,2013-2014,2.5.0
81945,2013-2014,2.5.0
81948,2013-2014,2.5.0
81949,2013-2014,2.3.0
81950,2013-2014,2.5.0
81951,2013-2014,2.5.0
81952,2013-2014,2.5.0
81953,2013-2014,2.5.0
81954,2013-2014,2.3.0
81955,2013-2014,2.5.0
81956,2013-2014,2.5.0
81957,2013-2014,2.5.0
81959,2013-2014,2.5.0
81960,2013-2014,2.5.0
81961,2013-2014,2.5.0
81962,2013-2014,2.5.0
81965,2013-2014,2.5.0
81966,2013-2014,2.5.0
81967,2013-2014,2.5.0
81968,2013-2014,2.5.0
81969,2013-2014,2.5.0
81970,2013-2014,2.5.0
81971,2013-2014,2.5.0
81974,2013-2014,2.5.0
81975,2013-2014,2.5.0
81976,2013-2014,2.5.0
81977,2013-2014,2.5.0
81978,2013-2014,2.5.0
81979,2013-2014,2.3.0
81980,2013-2014,2.5.0
81982,2013-2014,2.5.0
81983,2013-2014,2.5.0
81984,2013-2014,2.5.0
81985,2013-2014,2.5.0
81986,2013-2014,2.5.0
81987,2013-2014,2.5.0
81988,2013-2014,2.5.0
81989,2013-2014,2.5.0
81991,2013-2014,2.5.0
81992,2013-2014,2.5.0
81993,2013-2014,2.5.0
81994,2013-2014,2.5.0
81995,2013-2014,2.5.0
81996,2013-2014,2.5.0
81997,2013-2014,2.3.0
81998,2013-2014,2.5.0
81999,2013-2014,2.5.0
82000,2013-2014,2.5.0
82001,2013-2014,2.5.0
82002,2013-2014,2.3.0
82005,2013-2014,2.5.0
82006,2013-2014,2.5.0
82007,2013-2014,2.5.0
82012,2013-2014,2.5.0
82014,2013-2014,2.5.0
82016,2013-2014,2.5.0
82018,2013-2014,2.5.0
82019,2013-2014,2.5.0
82020,2013-2014,2.5.0
82021,2013-2014,2.5.0
82022,2013-2014,2.5.0
82023,2013-2014,2.5.0
82024,2013-2014,2.5.0
82025,2013-2014,2.5.0
82026,2013-2014,2.5.0
82027,2013-2014,2.5.0
82028,2013-2014,2.5.0
82030,2013-2014,2.5.0
82031,2013-2014,2.5.0
82032,2013-2014,2.5.0
82033,2013-2014,2.5.0
82034,2013-2014,2.5.0
82036,2013-2014,2.5.0
82037,2013-2014,2.5.0
82039,2013-2014,2.5.0
82040,2013-2014,2.5.0
82041,2013-2014,2.5.0
82042,2013-2014,2.5.0
82043,2013-2014,2.5.0
82044,2013-2014,2.5.0
82045,2013-2014,2.5.0
82047,2013-2014,2.5.0
82048,2013-2014,2.5.0
82049,2013-2014,2.3.0
82050,2013-2014,2.5.0
82052,2013-2014,2.5.0
82053,2013-2014,2.5.0
82054,2013-2014,2.4.0
82057,2013-2014,2.5.0
82059,2013-2014,2.5.0
82061,2013-2014,2.5.0
82062,2013-2014,2.5.0
82063,2013-2014,2.5.0
82064,2013-2014,2.5.0
82065,2013-2014,2.5.0
82066,2013-2014,2.5.0
82067,2013-2014,2.5.0
82069,2013-2014,2.5.0
82070,2013-2014,2.5.0
82071,2013-2014,2.5.0
82072,2013-2014,2.5.0
82073,2013-2014,2.5.0
82076,2013-2014,2.5.0
82077,2013-2014,2.5.0
82078,2013-2014,2.5.0
82079,2013-2014,2.5.0
82083,2013-2014,2.3.0
82085,2013-2014,2.5.0
82086,2013-2014,2.5.0
82087,2013-2014,2.5.0
82088,2013-2014,2.5.0
82091,2013-2014,2.5.0
82093,2013-2014,2.5.0
82095,2013-2014,2.5.0
82096,2013-2014,2.5.0
82097,2013-2014,2.5.0
82098,2013-2014,2.5.0
82099,2013-2014,2.5.0
82100,2013-2014,2.5.0
82103,2013-2014,2.5.0
82104,2013-2014,2.5.0
82105,2013-2014,2.5.0
82106,2013-2014,2.5.0
82108,2013-2014,2.5.0
82109,2013-2014,2.5.0
82110,2013-2014,2.5.0
82111,2013-2014,2.3.0
82112,2013-2014,2.5.0
82113,2013-2014,2.5.0
82114,2013-2014,2.5.0
82115,2013-2014,2.5.0
82116,2013-2014,2.5.0
82117,2013-2014,2.5.0
82118,2013-2014,2.5.0
82119,2013-2014,2.2.0
82120,2013-2014,2.5.0
82121,2013-2014,2.5.0
82122,2013-2014,2.5.0
82123,2013-2014,2.5.0
82124,2013-2014,2.5.0
82125,2013-2014,2.5.0
82126,2013-2014,2.5.0
82127,2013-2014,2.5.0
82128,2013-2014,2.3.0
82130,2013-2014,2.5.0
82131,2013-2014,2.2.0
82132,2013-2014,2.5.0
82133,2013-2014,2.5.0
82137,2013-2014,2.5.0
82138,2013-2014,2.5.0
82139,2013-2014,2.5.0
82140,2013-2014,2.5.0
82141,2013-2014,2.5.0
82142,2013-2014,2.5.0
82143,2013-2014,2.3.0
82144,2013-2014,2.5.0
82145,2013-2014,2.5.0
82146,2013-2014,2.5.0
82147,2013-2014,2.5.0
82148,2013-2014,2.5.0
82149,2013-2014,2.3.0
82151,2013-2014,2.5.0
82152,2013-2014,2.5.0
82153,2013-2014,2.5.0
82154,2013-2014,2.5.0
82157,2013-2014,2.3.0
82159,2013-2014,2.5.0
82160,2013-2014,2.5.0
82161,2013-2014,2.5.0
82162,2013-2014,2.5.0
82163,2013-2014,2.3.0
82164,2013-2014,2.5.0
82165,2013-2014,2.5.0
82166,2013-2014,2.5.0
82167,2013-2014,2.5.0
82169,2013-2014,2.5.0
82171,2013-2014,2.5.0
82172,2013-2014,2.5.0
82173,2013-2014,2.5.0
82174,2013-2014,2.5.0
82175,2013-2014,2.5.0
82176,2013-2014,2.5.0
82177,2013-2014,2.5.0
82179,2013-2014,2.5.0
82180,2013-2014,2.5.0
82181,2013-2014,2.3.0
82182,2013-2014,2.5.0
82184,2013-2014,2.5.0
82186,2013-2014,2.3.0
82187,2013-2014,2.5.0
82188,2013-2014,2.5.0
82189,2013-2014,2.5.0
82190,2013-2014,2.5.0
82191,2013-2014,2.5.0
82193,2013-2014,2.5.0
82194,2013-2014,2.5.0
82196,2013-2014,2.5.0
82197,2013-2014,2.5.0
82198,2013-2014,2.5.0
82199,2013-2014,2.5.0
82200,2013-2014,2.5.0
82201,2013-2014,2.5.0
82202,2013-2014,2.5.0
82204,2013-2014,2.5.0
82205,2013-2014,2.5.0
82207,2013-2014,2.5.0
82209,2013-2014,2.3.0
82210,2013-2014,2.5.0
82211,2013-2014,2.5.0
82212,2013-2014,2.5.0
82213,2013-2014,2.4.0
82214,2013-2014,2.5.0
82215,2013-2014,2.5.0
82216,2013-2014,2.5.0
82218,2013-2014,2.5.0
82219,2013-2014,2.5.0
82220,2013-2014,2.5.0
82222,2013-2014,2.5.0
82223,2013-2014,2.5.0
82225,2013-2014,2.5.0
82226,2013-2014,2.5.0
82227,2013-2014,2.5.0
82228,2013-2014,2.5.0
82229,2013-2014,2.5.0
82230,2013-2014,2.4.0
82231,2013-2014,2.5.0
82232,2013-2014,2.5.0
82233,2013-2014,2.3.0
82235,2013-2014,2.5.0
82236,2013-2014,2.3.0
82237,2013-2014,2.5.0
82238,2013-2014,2.5.0
82241,2013-2014,2.5.0
82242,2013-2014,2.5.0
82243,2013-2014,2.5.0
82246,2013-2014,2.5.0
82247,2013-2014,2.5.0
82248,2013-2014,2.5.0
82249,2013-2014,2.5.0
82250,2013-2014,2.5.0
82251,2013-2014,2.5.0
82253,2013-2014,2.5.0
82254,2013-2014,2.5.0
82256,2013-2014,2.5.0
82257,2013-2014,2.5.0
82258,2013-2014,2.5.0
82259,2013-2014,2.5.0
82260,2013-2014,2.5.0
82261,2013-2014,2.5.0
82263,2013-2014,2.5.0
82264,2013-2014,2.5.0
82265,2013-2014,2.5.0
82267,2013-2014,2.5.0
82268,2013-2014,2.5.0
82269,2013-2014,2.5.0
82270,2013-2014,2.5.0
82271,2013-2014,2.5.0
82274,2013-2014,2.5.0
82275,2013-2014,2.5.0
82277,2013-2014,2.3.0
82278,2013-2014,2.5.0
82279,2013-2014,2.5.0
82280,2013-2014,2.5.0
82281,2013-2014,2.5.0
82282,2013-2014,2.5.0
82283,2013-2014,2.5.0
82284,2013-2014,2.5.0
82285,2013-2014,2.5.0
82286,2013-2014,2.5.0
82287,2013-2014,2.5.0
82288,2013-2014,2.5.0
82291,2013-2014,2.5.0
82293,2013-2014,2.5.0
82294,2013-2014,2.5.0
82295,2013-2014,2.2.0
82296,2013-2014,2.5.0
82297,2013-2014,2.3.0
82299,2013-2014,2.5.0
82300,2013-2014,2.5.0
82302,2013-2014,2.5.0
82303,2013-2014,2.5.0
82304,2013-2014,2.5.0
82305,2013-2014,2.5.0
82307,2013-2014,2.5.0
82308,2013-2014,2.5.0
82309,2013-2014,2.5.0
82310,2013-2014,2.5.0
82311,2013-2014,2.5.0
82312,2013-2014,2.5.0
82313,2013-2014,2.5.0
82314,2013-2014,2.3.0
82315,2013-2014,2.5.0
82316,2013-2014,2.5.0
82318,2013-2014,2.5.0
82319,2013-2014,2.5.0
82320,2013-2014,2.5.0
82321,2013-2014,2.5.0
82324,2013-2014,2.5.0
82326,2013-2014,2.5.0
82329,2013-2014,2.5.0
82330,2013-2014,2.5.0
82331,2013-2014,2.5.0
82334,2013-2014,2.5.0
82335,2013-2014,2.5.0
82337,2013-2014,2.5.0
82338,2013-2014,2.5.0
82340,2013-2014,2.5.0
82341,2013-2014,2.5.0
82342,2013-2014,2.5.0
82343,2013-2014,2.5.0
82344,2013-2014,2.5.0
82345,2013-2014,2.5.0
82346,2013-2014,2.5.0
82348,2013-2014,2.3.0
82349,2013-2014,2.5.0
82350,2013-2014,2.5.0
82351,2013-2014,2.5.0
82353,2013-2014,2.5.0
82354,2013-2014,2.5.0
82355,2013-2014,2.5.0
82356,2013-2014,2.5.0
82357,2013-2014,2.5.0
82358,2013-2014,2.5.0
82359,2013-2014,2.2.0
82360,2013-2014,2.5.0
82361,2013-2014,2.5.0
82362,2013-2014,2.5.0
82363,2013-2014,2.5.0
82365,2013-2014,2.5.0
82366,2013-2014,2.5.0
82367,2013-2014,2.5.0
82368,2013-2014,2.5.0
82369,2013-2014,2.4.0
82370,2013-2014,2.5.0
82371,2013-2014,2.3.0
82374,2013-2014,2.5.0
82375,2013-2014,2.5.0
82377,2013-2014,2.5.0
82378,2013-2014,2.5.0
82381,2013-2014,2.5.0
82383,2013-2014,2.5.0
82384,2013-2014,2.5.0
82388,2013-2014,2.3.0
82389,2013-2014,2.5.0
82391,2013-2014,2.5.0
82392,2013-2014,2.5.0
82394,2013-2014,2.5.0
82395,2013-2014,2.5.0
82396,2013-2014,2.5.0
82397,2013-2014,2.5.0
82398,2013-2014,2.3.0
82401,2013-2014,2.5.0
82403,2013-2014,2.3.0
82404,2013-2014,2.5.0
82405,2013-2014,2.5.0
82406,2013-2014,2.5.0
82407,2013-2014,2.5.0
82408,2013-2014,2.5.0
82409,2013-2014,2.5.0
82410,2013-2014,2.5.0
82411,2013-2014,2.5.0
82412,2013-2014,2.5.0
82413,2013-2014,2.5.0
82414,2013-2014,2.5.0
82415,2013-2014,2.5.0
82416,2013-2014,2.5.0
82417,2013-2014,2.5.0
82418,2013-2014,2.5.0
82420,2013-2014,2.5.0
82421,2013-2014,2.5.0
82422,2013-2014,2.5.0
82423,2013-2014,2.5.0
82424,2013-2014,2.5.0
82425,2013-2014,2.5.0
82426,2013-2014,2.5.0
82427,2013-2014,2.5.0
82429,2013-2014,2.5.0
82430,2013-2014,2.5.0
82432,2013-2014,2.5.0
82434,2013-2014,2.5.0
82435,2013-2014,2.3.0
82436,2013-2014,2.5.0
82438,2013-2014,2.5.0
82439,2013-2014,2.5.0
82440,2013-2014,2.2.0
82441,2013-2014,2.3.0
82443,2013-2014,2.5.0
82445,2013-2014,2.5.0
82446,2013-2014,2.5.0
82447,2013-2014,2.5.0
82448,2013-2014,2.5.0
82450,2013-2014,2.5.0
82451,2013-2014,2.5.0
82452,2013-2014,2.5.0
82454,2013-2014,2.5.0
82455,2013-2014,2.3.0
82457,2013-2014,2.5.0
82458,2013-2014,2.5.0
82459,2013-2014,2.5.0
82460,2013-2014,2.5.0
82461,2013-2014,2.5.0
82462,2013-2014,2.5.0
82463,2013-2014,2.5.0
82465,2013-2014,2.5.0
82466,2013-2014,2.5.0
82468,2013-2014,2.5.0
82470,2013-2014,2.5.0
82472,2013-2014,2.5.0
82476,2013-2014,2.5.0
82477,2013-2014,2.5.0
82478,2013-2014,2.5.0
82480,2013-2014,2.5.0
82482,2013-2014,2.5.0
82483,2013-2014,2.5.0
82485,2013-2014,2.5.0
82487,2013-2014,2.5.0
82489,2013-2014,2.5.0
82491,2013-2014,2.5.0
82492,2013-2014,2.5.0
82493,2013-2014,2.5.0
82494,2013-2014,2.5.0
82495,2013-2014,2.5.0
82496,2013-2014,2.5.0
82497,2013-2014,2.5.0
82499,2013-2014,2.5.0
82500,2013-2014,2.5.0
82501,2013-2014,2.5.0
82502,2013-2014,2.5.0
82503,2013-2014,2.5.0
82504,2013-2014,2.5.0
82507,2013-2014,2.5.0
82508,2013-2014,2.3.0
82509,2013-2014,2.5.0
82511,2013-2014,2.5.0
82513,2013-2014,2.5.0
82514,2013-2014,2.5.0
82515,2013-2014,2.5.0
82517,2013-2014,2.5.0
82518,2013-2014,2.5.0
82519,2013-2014,2.5.0
82520,2013-2014,2.4.0
82521,2013-2014,2.5.0
82522,2013-2014,2.5.0
82523,2013-2014,2.5.0
82525,2013-2014,2.5.0
82527,2013-2014,2.5.0
82528,2013-2014,2.3.0
82529,2013-2014,2.5.0
82530,2013-2014,2.5.0
82532,2013-2014,2.3.0
82533,2013-2014,2.5.0
82535,2013-2014,2.5.0
82536,2013-2014,2.5.0
82538,2013-2014,2.5.0
82540,2013-2014,2.5.0
82541,2013-2014,2.5.0
82542,2013-2014,2.5.0
82543,2013-2014,2.5.0
82544,2013-2014,2.5.0
82545,2013-2014,2.5.0
82546,2013-2014,2.5.0
82547,2013-2014,2.5.0
82549,2013-2014,2.5.0
82550,2013-2014,2.5.0
82556,2013-2014,2.5.0
82557,2013-2014,2.3.0
82560,2013-2014,2.5.0
82561,2013-2014,2.5.0
82562,2013-2014,2.5.0
82563,2013-2014,2.5.0
82564,2013-2014,2.5.0
82565,2013-2014,2.5.0
82566,2013-2014,2.3.0
82567,2013-2014,2.5.0
82568,2013-2014,2.3.0
82569,2013-2014,2.5.0
82570,2013-2014,2.5.0
82572,2013-2014,2.5.0
82573,2013-2014,2.5.0
82574,2013-2014,2.5.0
82575,2013-2014,2.5.0
82576,2013-2014,2.5.0
82577,2013-2014,2.5.0
82578,2013-2014,2.5.0
82579,2013-2014,2.5.0
82580,2013-2014,2.5.0
82581,2013-2014,2.5.0
82582,2013-2014,2.5.0
82583,2013-2014,2.5.0
82585,2013-2014,2.5.0
82588,2013-2014,2.5.0
82589,2013-2014,2.5.0
82590,2013-2014,2.5.0
82591,2013-2014,2.5.0
82592,2013-2014,2.5.0
82593,2013-2014,2.5.0
82594,2013-2014,2.3.0
82595,2013-2014,2.5.0
82596,2013-2014,2.3.0
82597,2013-2014,2.3.0
82600,2013-2014,2.5.0
82602,2013-2014,2.5.0
82603,2013-2014,2.5.0
82604,2013-2014,2.5.0
82605,2013-2014,2.5.0
82607,2013-2014,2.5.0
82608,2013-2014,2.5.0
82609,2013-2014,2.5.0
82610,2013-2014,2.5.0
82611,2013-2014,2.5.0
82612,2013-2014,2.5.0
82613,2013-2014,2.5.0
82614,2013-2014,2.5.0
82615,2013-2014,2.5.0
82616,2013-2014,2.5.0
82617,2013-2014,2.5.0
82618,2013-2014,2.5.0
82619,2013-2014,2.5.0
82620,2013-2014,2.5.0
82622,2013-2014,2.5.0
82625,2013-2014,2.5.0
82626,2013-2014,2.5.0
82627,2013-2014,2.5.0
82628,2013-2014,2.5.0
82629,2013-2014,2.5.0
82630,2013-2014,2.5.0
82631,2013-2014,2.3.0
82633,2013-2014,2.5.0
82634,2013-2014,2.5.0
82636,2013-2014,2.5.0
82637,2013-2014,2.5.0
82638,2013-2014,2.5.0
82639,2013-2014,2.5.0
82640,2013-2014,2.5.0
82641,2013-2014,2.5.0
82642,2013-2014,2.5.0
82643,2013-2014,2.5.0
82644,2013-2014,2.5.0
82645,2013-2014,2.5.0
82647,2013-2014,2.5.0
82648,2013-2014,2.5.0
82649,2013-2014,2.5.0
82650,2013-2014,2.3.0
82651,2013-2014,2.5.0
82653,2013-2014,2.5.0
82654,2013-2014,2.5.0
82655,2013-2014,2.5.0
82656,2013-2014,2.5.0
82657,2013-2014,2.5.0
82658,2013-2014,2.5.0
82660,2013-2014,2.5.0
82665,2013-2014,2.5.0
82666,2013-2014,2.5.0
82667,2013-2014,2.5.0
82668,2013-2014,2.5.0
82669,2013-2014,2.5.0
82671,2013-2014,2.5.0
82672,2013-2014,2.5.0
82673,2013-2014,2.5.0
82674,2013-2014,2.5.0
82675,2013-2014,2.5.0
82676,2013-2014,2.5.0
82677,2013-2014,2.5.0
82678,2013-2014,2.5.0
82679,2013-2014,2.5.0
82680,2013-2014,2.5.0
82682,2013-2014,2.5.0
82684,2013-2014,2.5.0
82685,2013-2014,2.5.0
82687,2013-2014,2.5.0
82690,2013-2014,2.5.0
82691,2013-2014,2.5.0
82692,2013-2014,2.3.0
82693,2013-2014,2.5.0
82694,2013-2014,2.5.0
82695,2013-2014,2.5.0
82697,2013-2014,2.5.0
82698,2013-2014,2.5.0
82699,2013-2014,2.5.0
82702,2013-2014,2.3.0
82704,2013-2014,2.5.0
82706,2013-2014,2.5.0
82708,2013-2014,2.5.0
82709,2013-2014,2.5.0
82710,2013-2014,2.3.0
82712,2013-2014,2.5.0
82713,2013-2014,2.5.0
82714,2013-2014,2.5.0
82715,2013-2014,2.5.0
82716,2013-2014,2.5.0
82717,2013-2014,2.5.0
82718,2013-2014,2.5.0
82719,2013-2014,2.3.0
82720,2013-2014,2.5.0
82721,2013-2014,2.5.0
82722,2013-2014,2.5.0
82723,2013-2014,2.5.0
82724,2013-2014,2.5.0
82725,2013-2014,2.5.0
82726,2013-2014,2.5.0
82727,2013-2014,2.5.0
82728,2013-2014,2.5.0
82729,2013-2014,2.5.0
82730,2013-2014,2.5.0
82732,2013-2014,2.5.0
82733,2013-2014,2.5.0
82735,2013-2014,2.5.0
82736,2013-2014,2.5.0
82737,2013-2014,2.5.0
82738,2013-2014,2.5.0
82739,2013-2014,2.5.0
82740,2013-2014,2.5.0
82741,2013-2014,2.5.0
82742,2013-2014,2.3.0
82743,2013-2014,2.5.0
82745,2013-2014,2.4.0
82746,2013-2014,2.5.0
82748,2013-2014,2.5.0
82749,2013-2014,2.5.0
82750,2013-2014,2.5.0
82755,2013-2014,2.5.0
82756,2013-2014,2.3.0
82758,2013-2014,2.5.0
82759,2013-2014,2.5.0
82762,2013-2014,2.5.0
82763,2013-2014,2.5.0
82766,2013-2014,2.5.0
82767,2013-2014,2.5.0
82768,2013-2014,2.5.0
82770,2013-2014,2.5.0
82771,2013-2014,2.5.0
82772,2013-2014,2.5.0
82773,2013-2014,2.5.0
82774,2013-2014,2.5.0
82775,2013-2014,2.5.0
82776,2013-2014,2.3.0
82778,2013-2014,2.5.0
82779,2013-2014,2.5.0
82780,2013-2014,2.5.0
82782,2013-2014,2.5.0
82784,2013-2014,2.5.0
82785,2013-2014,2.5.0
82786,2013-2014,2.5.0
82787,2013-2014,2.5.0
82788,2013-2014,2.5.0
82789,2013-2014,2.5.0
82790,2013-2014,2.5.0
82791,2013-2014,2.5.0
82794,2013-2014,2.5.0
82795,2013-2014,2.5.0
82796,2013-2014,2.5.0
82797,2013-2014,2.5.0
82798,2013-2014,2.4.0
82799,2013-2014,2.5.0
82800,2013-2014,2.5.0
82801,2013-2014,2.5.0
82802,2013-2014,2.5.0
82803,2013-2014,2.5.0
82804,2013-2014,2.5.0
82805,2013-2014,2.5.0
82807,2013-2014,2.5.0
82808,2013-2014,2.5.0
82809,2013-2014,2.5.0
82810,2013-2014,2.5.0
82811,2013-2014,2.5.0
82812,2013-2014,2.5.0
82813,2013-2014,2.5.0
82814,2013-2014,2.5.0
82816,2013-2014,2.5.0
82817,2013-2014,2.4.0
82818,2013-2014,2.5.0
82820,2013-2014,2.5.0
82821,2013-2014,2.5.0
82823,2013-2014,2.5.0
82824,2013-2014,2.5.0
82825,2013-2014,2.5.0
82826,2013-2014,2.5.0
82829,2013-2014,2.5.0
82831,2013-2014,2.5.0
82832,2013-2014,2.5.0
82834,2013-2014,2.5.0
82835,2013-2014,2.5.0
82838,2013-2014,2.5.0
82839,2013-2014,2.5.0
82840,2013-2014,2.5.0
82841,2013-2014,2.5.0
82842,2013-2014,2.3.0
82843,2013-2014,2.5.0
82845,2013-2014,2.5.0
82846,2013-2014,2.5.0
82847,2013-2014,2.5.0
82848,2013-2014,2.5.0
82849,2013-2014,2.5.0
82850,2013-2014,2.5.0
82851,2013-2014,2.5.0
82852,2013-2014,2.5.0
82854,2013-2014,2.5.0
82855,2013-2014,2.5.0
82856,2013-2014,2.5.0
82857,2013-2014,2.5.0
82859,2013-2014,2.5.0
82860,2013-2014,2.5.0
82861,2013-2014,2.5.0
82862,2013-2014,2.5.0
82864,2013-2014,2.5.0
82865,2013-2014,2.4.0
82868,2013-2014,2.3.0
82870,2013-2014,2.5.0
82874,2013-2014,2.5.0
82875,2013-2014,2.5.0
82876,2013-2014,2.5.0
82878,2013-2014,2.5.0
82879,2013-2014,2.3.0
82880,2013-2014,2.5.0
82881,2013-2014,2.5.0
82882,2013-2014,2.5.0
82884,2013-2014,2.5.0
82885,2013-2014,2.5.0
82887,2013-2014,2.5.0
82888,2013-2014,2.5.0
82889,2013-2014,2.5.0
82891,2013-2014,2.4.0
82894,2013-2014,2.3.0
82895,2013-2014,2.5.0
82896,2013-2014,2.5.0
82897,2013-2014,2.5.0
82898,2013-2014,2.5.0
82899,2013-2014,2.5.0
82900,2013-2014,2.5.0
82901,2013-2014,2.5.0
82903,2013-2014,2.3.0
82904,2013-2014,2.5.0
82905,2013-2014,2.5.0
82906,2013-2014,2.5.0
82907,2013-2014,2.5.0
82909,2013-2014,2.5.0
82910,2013-2014,2.5.0
82911,2013-2014,2.3.0
82912,2013-2014,2.5.0
82913,2013-2014,2.5.0
82914,2013-2014,2.5.0
82915,2013-2014,2.5.0
82916,2013-2014,2.5.0
82917,2013-2014,2.5.0
82918,2013-2014,2.5.0
82919,2013-2014,2.3.0
82920,2013-2014,2.5.0
82921,2013-2014,2.5.0
82923,2013-2014,2.3.0
82928,2013-2014,2.5.0
82929,2013-2014,2.5.0
82930,2013-2014,2.5.0
82931,2013-2014,2.5.0
82932,2013-2014,2.3.0
82933,2013-2014,2.5.0
82934,2013-2014,2.5.0
82936,2013-2014,2.2.0
82937,2013-2014,2.5.0
82938,2013-2014,2.5.0
82939,2013-2014,2.5.0
82940,2013-2014,2.5.0
82941,2013-2014,2.5.0
82942,2013-2014,2.5.0
82943,2013-2014,2.5.0
82945,2013-2014,2.5.0
82946,2013-2014,2.5.0
82948,2013-2014,2.5.0
82949,2013-2014,2.3.0
82951,2013-2014,2.5.0
82952,2013-2014,2.5.0
82953,2013-2014,2.5.0
82956,2013-2014,2.5.0
82957,2013-2014,2.5.0
82958,2013-2014,2.5.0
82959,2013-2014,2.5.0
82960,2013-2014,2.3.0
82961,2013-2014,2.5.0
82962,2013-2014,2.5.0
82963,2013-2014,2.3.0
82964,2013-2014,2.5.0
82965,2013-2014,2.5.0
82967,2013-2014,2.5.0
82968,2013-2014,2.5.0
82969,2013-2014,2.5.0
82970,2013-2014,2.5.0
82971,2013-2014,2.5.0
82975,2013-2014,2.5.0
82977,2013-2014,2.5.0
82978,2013-2014,2.5.0
82980,2013-2014,2.5.0
82983,2013-2014,2.5.0
82986,2013-2014,2.5.0
82987,2013-2014,2.5.0
82988,2013-2014,2.5.0
82989,2013-2014,2.5.0
82990,2013-2014,2.5.0
82991,2013-2014,2.5.0
82992,2013-2014,2.5.0
82993,2013-2014,2.5.0
82995,2013-2014,2.5.0
82996,2013-2014,2.5.0
82997,2013-2014,2.5.0
82998,2013-2014,2.5.0
83000,2013-2014,2.5.0
83001,2013-2014,2.5.0
83002,2013-2014,2.5.0
83003,2013-2014,2.5.0
83004,2013-2014,2.5.0
83005,2013-2014,2.5.0
83006,2013-2014,2.5.0
83008,2013-2014,2.5.0
83009,2013-2014,2.5.0
83010,2013-2014,2.5.0
83011,2013-2014,2.5.0
83012,2013-2014,2.3.0
83015,2013-2014,2.5.0
83016,2013-2014,2.5.0
83017,2013-2014,2.3.0
83018,2013-2014,2.5.0
83019,2013-2014,2.3.0
83020,2013-2014,2.5.0
83021,2013-2014,2.5.0
83022,2013-2014,2.5.0
83024,2013-2014,2.5.0
83025,2013-2014,2.5.0
83026,2013-2014,2.5.0
83027,2013-2014,2.5.0
83029,2013-2014,2.5.0
83030,2013-2014,2.5.0
83031,2013-2014,2.5.0
83032,2013-2014,2.5.0
83033,2013-2014,2.5.0
83035,2013-2014,2.5.0
83036,2013-2014,2.5.0
83037,2013-2014,2.5.0
83038,2013-2014,2.5.0
83039,2013-2014,2.5.0
83040,2013-2014,2.5.0
83041,2013-2014,2.5.0
83042,2013-2014,2.5.0
83043,2013-2014,2.5.0
83044,2013-2014,2.5.0
83045,2013-2014,2.5.0
83046,2013-2014,2.5.0
83047,2013-2014,2.5.0
83048,2013-2014,2.5.0
83049,2013-2014,2.5.0
83050,2013-2014,2.5.0
83052,2013-2014,2.5.0
83053,2013-2014,2.5.0
83054,2013-2014,2.5.0
83055,2013-2014,2.5.0
83056,2013-2014,2.5.0
83057,2013-2014,2.3.0
83059,2013-2014,2.5.0
83060,2013-2014,2.5.0
83061,2013-2014,2.5.0
83062,2013-2014,2.5.0
83063,2013-2014,2.5.0
83064,2013-2014,2.5.0
83066,2013-2014,2.5.0
83067,2013-2014,2.5.0
83069,2013-2014,2.5.0
83071,2013-2014,2.5.0
83072,2013-2014,2.5.0
83073,2013-2014,2.5.0
83074,2013-2014,2.3.0
83077,2013-2014,2.4.0
83078,2013-2014,2.5.0
83080,2013-2014,2.5.0
83081,2013-2014,2.5.0
83082,2013-2014,2.5.0
83083,2013-2014,2.5.0
83084,2013-2014,2.5.0
83085,2013-2014,2.5.0
83087,2013-2014,2.5.0
83088,2013-2014,2.5.0
83090,2013-2014,2.5.0
83091,2013-2014,2.5.0
83093,2013-2014,2.5.0
83096,2013-2014,2.5.0
83098,2013-2014,2.5.0
83099,2013-2014,2.5.0
83100,2013-2014,2.5.0
83101,2013-2014,2.5.0
83102,2013-2014,2.5.0
83103,2013-2014,2.5.0
83105,2013-2014,2.5.0
83106,2013-2014,2.5.0
83110,2013-2014,2.5.0
83111,2013-2014,2.5.0
83113,2013-2014,2.5.0
83116,2013-2014,2.5.0
83118,2013-2014,2.5.0
83119,2013-2014,2.5.0
83121,2013-2014,2.5.0
83122,2013-2014,2.5.0
83123,2013-2014,2.5.0
83124,2013-2014,2.5.0
83125,2013-2014,2.5.0
83126,2013-2014,2.5.0
83127,2013-2014,2.5.0
83128,2013-2014,2.5.0
83129,2013-2014,2.5.0
83130,2013-2014,2.5.0
83131,2013-2014,2.5.0
83133,2013-2014,2.5.0
83134,2013-2014,2.5.0
83139,2013-2014,2.5.0
83140,2013-2014,2.5.0
83141,2013-2014,2.5.0
83142,2013-2014,2.5.0
83143,2013-2014,2.5.0
83144,2013-2014,2.5.0
83145,2013-2014,2.5.0
83146,2013-2014,2.5.0
83147,2013-2014,2.5.0
83148,2013-2014,2.2.0
83149,2013-2014,2.5.0
83151,2013-2014,2.2.0
83152,2013-2014,2.5.0
83153,2013-2014,2.5.0
83155,2013-2014,2.5.0
83156,2013-2014,2.5.0
83157,2013-2014,2.5.0
83158,2013-2014,2.5.0
83159,2013-2014,2.4.0
83160,2013-2014,2.3.0
83162,2013-2014,2.5.0
83163,2013-2014,2.3.0
83164,2013-2014,2.5.0
83168,2013-2014,2.5.0
83169,2013-2014,2.3.0
83170,2013-2014,2.3.0
83171,2013-2014,2.5.0
83172,2013-2014,2.5.0
83173,2013-2014,2.5.0
83176,2013-2014,2.5.0
83177,2013-2014,2.5.0
83181,2013-2014,2.5.0
83182,2013-2014,2.3.0
83183,2013-2014,2.5.0
83184,2013-2014,2.5.0
83185,2013-2014,2.5.0
83186,2013-2014,2.5.0
83187,2013-2014,2.5.0
83188,2013-2014,2.5.0
83191,2013-2014,2.5.0
83192,2013-2014,2.5.0
83193,2013-2014,2.5.0
83194,2013-2014,2.5.0
83195,2013-2014,2.5.0
83196,2013-2014,2.5.0
83199,2013-2014,2.5.0
83200,2013-2014,2.5.0
83201,2013-2014,2.5.0
83202,2013-2014,2.5.0
83203,2013-2014,2.5.0
83204,2013-2014,2.5.0
83205,2013-2014,2.5.0
83206,2013-2014,2.5.0
83207,2013-2014,2.5.0
83208,2013-2014,2.5.0
83209,2013-2014,2.5.0
83211,2013-2014,2.5.0
83212,2013-2014,2.5.0
83213,2013-2014,2.5.0
83214,2013-2014,2.5.0
83215,2013-2014,2.5.0
83216,2013-2014,2.5.0
83218,2013-2014,2.5.0
83219,2013-2014,2.5.0
83220,2013-2014,2.5.0
83221,2013-2014,2.5.0
83222,2013-2014,2.5.0
83223,2013-2014,2.5.0
83225,2013-2014,2.5.0
83226,2013-2014,2.5.0
83227,2013-2014,2.5.0
83228,2013-2014,2.5.0
83229,2013-2014,2.5.0
83232,2013-2014,2.5.0
83233,2013-2014,2.5.0
83234,2013-2014,2.5.0
83235,2013-2014,2.5.0
83236,2013-2014,2.3.0
83237,2013-2014,2.3.0
83238,2013-2014,2.5.0
83239,2013-2014,2.5.0
83240,2013-2014,2.5.0
83241,2013-2014,2.5.0
83242,2013-2014,2.5.0
83243,2013-2014,2.5.0
83244,2013-2014,2.5.0
83245,2013-2014,2.5.0
83246,2013-2014,2.5.0
83247,2013-2014,2.3.0
83248,2013-2014,2.5.0
83249,2013-2014,2.5.0
83250,2013-2014,2.5.0
83251,2013-2014,2.5.0
83252,2013-2014,2.5.0
83253,2013-2014,2.5.0
83255,2013-2014,2.5.0
83256,2013-2014,2.5.0
83257,2013-2014,2.5.0
83258,2013-2014,2.5.0
83259,2013-2014,2.5.0
83260,2013-2014,2.5.0
83261,2013-2014,2.3.0
83262,2013-2014,2.5.0
83263,2013-2014,2.3.0
83264,2013-2014,2.5.0
83266,2013-2014,2.5.0
83267,2013-2014,2.3.0
83270,2013-2014,2.5.0
83271,2013-2014,2.5.0
83272,2013-2014,2.5.0
83273,2013-2014,2.5.0
83274,2013-2014,2.5.0
83275,2013-2014,2.5.0
83276,2013-2014,2.5.0
83277,2013-2014,2.3.0
83278,2013-2014,2.5.0
83279,2013-2014,2.3.0
83280,2013-2014,2.5.0
83281,2013-2014,2.5.0
83282,2013-2014,2.5.0
83285,2013-2014,2.5.0
83286,2013-2014,2.5.0
83287,2013-2014,2.5.0
83288,2013-2014,2.5.0
83290,2013-2014,2.3.0
83291,2013-2014,2.5.0
83292,2013-2014,2.5.0
83293,2013-2014,2.5.0
83294,2013-2014,2.5.0
83295,2013-2014,2.4.0
83296,2013-2014,2.5.0
83297,2013-2014,2.5.0
83298,2013-2014,2.5.0
83299,2013-2014,2.5.0
83300,2013-2014,2.5.0
83301,2013-2014,2.3.0
83303,2013-2014,2.5.0
83306,2013-2014,2.5.0
83307,2013-2014,2.5.0
83309,2013-2014,2.5.0
83311,2013-2014,2.5.0
83313,2013-2014,2.5.0
83314,2013-2014,2.5.0
83316,2013-2014,2.5.0
83317,2013-2014,2.5.0
83318,2013-2014,2.5.0
83319,2013-2014,2.5.0
83320,2013-2014,2.5.0
83321,2013-2014,2.5.0
83323,2013-2014,2.5.0
83325,2013-2014,2.5.0
83326,2013-2014,2.5.0
83331,2013-2014,2.3.0
83332,2013-2014,2.5.0
83333,2013-2014,2.5.0
83334,2013-2014,2.5.0
83335,2013-2014,2.5.0
83336,2013-2014,2.5.0
83338,2013-2014,2.5.0
83339,2013-2014,2.5.0
83340,2013-2014,2.5.0
83341,2013-2014,2.5.0
83342,2013-2014,2.5.0
83344,2013-2014,2.5.0
83346,2013-2014,2.5.0
83347,2013-2014,2.5.0
83348,2013-2014,2.5.0
83349,2013-2014,2.5.0
83350,2013-2014,2.5.0
83351,2013-2014,2.5.0
83352,2013-2014,2.5.0
83354,2013-2014,2.5.0
83355,2013-2014,2.3.0
83356,2013-2014,2.5.0
83357,2013-2014,2.5.0
83358,2013-2014,2.5.0
83359,2013-2014,2.5.0
83362,2013-2014,2.5.0
83363,2013-2014,2.5.0
83364,2013-2014,2.5.0
83365,2013-2014,2.5.0
83368,2013-2014,2.5.0
83369,2013-2014,2.5.0
83370,2013-2014,2.5.0
83371,2013-2014,2.5.0
83372,2013-2014,2.5.0
83373,2013-2014,2.5.0
83374,2013-2014,2.5.0
83375,2013-2014,2.5.0
83376,2013-2014,2.5.0
83377,2013-2014,2.5.0
83379,2013-2014,2.5.0
83380,2013-2014,2.5.0
83381,2013-2014,2.3.0
83382,2013-2014,2.5.0
83383,2013-2014,2.5.0
83384,2013-2014,2.5.0
83385,2013-2014,2.5.0
83388,2013-2014,2.4.0
83389,2013-2014,2.5.0
83390,2013-2014,2.3.0
83391,2013-2014,2.5.0
83392,2013-2014,2.5.0
83393,2013-2014,2.5.0
83394,2013-2014,2.5.0
83395,2013-2014,2.4.0
83396,2013-2014,2.5.0
83397,2013-2014,2.5.0
83398,2013-2014,2.5.0
83399,2013-2014,2.5.0
83400,2013-2014,2.5.0
83403,2013-2014,2.5.0
83405,2013-2014,2.5.0
83406,2013-2014,2.5.0
83407,2013-2014,2.5.0
83409,2013-2014,2.5.0
83411,2013-2014,2.3.0
83412,2013-2014,2.5.0
83413,2013-2014,2.4.0
83415,2013-2014,2.5.0
83416,2013-2014,2.5.0
83417,2013-2014,2.5.0
83418,2013-2014,2.5.0
83420,2013-2014,2.5.0
83423,2013-2014,2.5.0
83424,2013-2014,2.5.0
83425,2013-2014,2.5.0
83426,2013-2014,2.5.0
83427,2013-2014,2.5.0
83428,2013-2014,2.5.0
83429,2013-2014,2.5.0
83430,2013-2014,2.3.0
83431,2013-2014,2.5.0
83432,2013-2014,2.5.0
83433,2013-2014,2.3.0
83435,2013-2014,2.5.0
83436,2013-2014,2.3.0
83437,2013-2014,2.5.0
83438,2013-2014,2.5.0
83440,2013-2014,2.5.0
83441,2013-2014,2.5.0
83444,2013-2014,2.3.0
83445,2013-2014,2.5.0
83446,2013-2014,2.5.0
83447,2013-2014,2.5.0
83448,2013-2014,2.5.0
83450,2013-2014,2.5.0
83451,2013-2014,2.5.0
83452,2013-2014,2.5.0
83453,2013-2014,2.5.0
83454,2013-2014,2.5.0
83456,2013-2014,2.5.0
83457,2013-2014,2.5.0
83458,2013-2014,2.5.0
83460,2013-2014,2.5.0
83461,2013-2014,2.5.0
83463,2013-2014,2.3.0
83465,2013-2014,2.5.0
83468,2013-2014,2.5.0
83470,2013-2014,2.5.0
83473,2013-2014,2.5.0
83474,2013-2014,2.5.0
83475,2013-2014,2.5.0
83476,2013-2014,2.5.0
83477,2013-2014,2.5.0
83478,2013-2014,2.5.0
83480,2013-2014,2.5.0
83481,2013-2014,2.5.0
83482,2013-2014,2.5.0
83484,2013-2014,2.5.0
83485,2013-2014,2.5.0
83486,2013-2014,2.5.0
83487,2013-2014,2.3.0
83488,2013-2014,2.5.0
83490,2013-2014,2.5.0
83491,2013-2014,2.5.0
83492,2013-2014,2.3.0
83493,2013-2014,2.5.0
83494,2013-2014,2.5.0
83495,2013-2014,2.5.0
83496,2013-2014,2.5.0
83499,2013-2014,2.5.0
83500,2013-2014,2.5.0
83501,2013-2014,2.5.0
83502,2013-2014,2.5.0
83505,2013-2014,2.5.0
83506,2013-2014,2.5.0
83507,2013-2014,2.5.0
83510,2013-2014,2.5.0
83512,2013-2014,2.5.0
83514,2013-2014,2.5.0
83515,2013-2014,2.5.0
83516,2013-2014,2.5.0
83517,2013-2014,2.5.0
83518,2013-2014,2.5.0
83519,2013-2014,2.5.0
83520,2013-2014,2.5.0
83521,2013-2014,2.4.0
83522,2013-2014,2.5.0
83524,2013-2014,2.5.0
83525,2013-2014,2.5.0
83526,2013-2014,2.5.0
83527,2013-2014,2.5.0
83528,2013-2014,2.5.0
83530,2013-2014,2.5.0
83532,2013-2014,2.5.0
83533,2013-2014,2.5.0
83535,2013-2014,2.5.0
83536,2013-2014,2.4.0
83539,2013-2014,2.5.0
83540,2013-2014,2.5.0
83541,2013-2014,2.5.0
83542,2013-2014,2.5.0
83543,2013-2014,2.5.0
83544,2013-2014,2.5.0
83545,2013-2014,2.3.0
83546,2013-2014,2.5.0
83547,2013-2014,2.3.0
83548,2013-2014,2.5.0
83550,2013-2014,2.5.0
83552,2013-2014,2.5.0
83553,2013-2014,2.3.0
83554,2013-2014,2.5.0
83555,2013-2014,2.3.0
83556,2013-2014,2.5.0
83557,2013-2014,2.5.0
83558,2013-2014,2.5.0
83559,2013-2014,2.5.0
83561,2013-2014,2.5.0
83562,2013-2014,2.5.0
83563,2013-2014,2.5.0
83564,2013-2014,2.5.0
83565,2013-2014,2.5.0
83566,2013-2014,2.5.0
83567,2013-2014,2.5.0
83568,2013-2014,2.5.0
83569,2013-2014,2.5.0
83571,2013-2014,2.5.0
83573,2013-2014,2.5.0
83574,2013-2014,2.5.0
83575,2013-2014,2.5.0
83576,2013-2014,2.5.0
83577,2013-2014,2.5.0
83579,2013-2014,2.5.0
83580,2013-2014,2.5.0
83581,2013-2014,2.5.0
83582,2013-2014,2.5.0
83583,2013-2014,2.5.0
83584,2013-2014,2.5.0
83585,2013-2014,2.5.0
83587,2013-2014,2.5.0
83588,2013-2014,2.3.0
83589,2013-2014,2.5.0
83590,2013-2014,2.5.0
83591,2013-2014,2.5.0
83594,2013-2014,2.5.0
83595,2013-2014,2.5.0
83596,2013-2014,2.5.0
83597,2013-2014,2.5.0
83599,2013-2014,2.5.0
83600,2013-2014,2.5.0
83606,2013-2014,2.5.0
83607,2013-2014,2.5.0
83609,2013-2014,2.5.0
83610,2013-2014,2.5.0
83612,2013-2014,2.5.0
83613,2013-2014,2.5.0
83614,2013-2014,2.5.0
83615,2013-2014,2.5.0
83619,2013-2014,2.5.0
83620,2013-2014,2.5.0
83621,2013-2014,2.5.0
83622,2013-2014,2.5.0
83623,2013-2014,2.5.0
83624,2013-2014,2.5.0
83625,2013-2014,2.5.0
83626,2013-2014,2.3.0
83627,2013-2014,2.5.0
83628,2013-2014,2.5.0
83629,2013-2014,2.5.0
83630,2013-2014,2.5.0
83631,2013-2014,2.5.0
83632,2013-2014,2.5.0
83633,2013-2014,2.5.0
83636,2013-2014,2.5.0
83637,2013-2014,2.5.0
83638,2013-2014,2.5.0
83639,2013-2014,2.5.0
83640,2013-2014,2.5.0
83641,2013-2014,2.5.0
83642,2013-2014,2.5.0
83643,2013-2014,2.5.0
83644,2013-2014,2.5.0
83645,2013-2014,2.5.0
83646,2013-2014,2.5.0
83647,2013-2014,2.5.0
83648,2013-2014,2.5.0
83649,2013-2014,2.5.0
83650,2013-2014,2.5.0
83651,2013-2014,2.5.0
83653,2013-2014,2.5.0
83654,2013-2014,2.5.0
83655,2013-2014,2.3.0
83656,2013-2014,2.4.0
83658,2013-2014,2.5.0
83659,2013-2014,2.5.0
83660,2013-2014,2.5.0
83662,2013-2014,2.3.0
83663,2013-2014,2.3.0
83664,2013-2014,2.5.0
83665,2013-2014,2.5.0
83666,2013-2014,2.5.0
83668,2013-2014,2.5.0
83669,2013-2014,2.5.0
83671,2013-2014,2.5.0
83672,2013-2014,2.5.0
83673,2013-2014,2.5.0
83674,2013-2014,2.5.0
83675,2013-2014,2.5.0
83676,2013-2014,2.5.0
83677,2013-2014,2.5.0
83678,2013-2014,2.5.0
83679,2013-2014,2.5.0
83680,2013-2014,2.5.0
83682,2013-2014,2.5.0
83683,2013-2014,2.5.0
83684,2013-2014,2.3.0
83686,2013-2014,2.5.0
83687,2013-2014,2.5.0
83689,2013-2014,2.5.0
83690,2013-2014,2.5.0
83691,2013-2014,2.5.0
83692,2013-2014,2.3.0
83693,2013-2014,2.5.0
83694,2013-2014,2.5.0
83696,2013-2014,2.5.0
83699,2013-2014,2.5.0
83700,2013-2014,2.5.0
83701,2013-2014,2.5.0
83702,2013-2014,2.5.0
83704,2013-2014,2.4.0
83705,2013-2014,2.5.0
83706,2013-2014,2.3.0
83707,2013-2014,2.3.0
83708,2013-2014,2.5.0
83709,2013-2014,2.5.0
83711,2013-2014,2.5.0
83712,2013-2014,2.5.0
83713,2013-2014,2.5.0
83716,2013-2014,2.3.0
83717,2013-2014,2.5.0
83720,2013-2014,2.5.0
83721,2013-2014,2.5.0
83723,2013-2014,2.5.0
83724,2013-2014,2.5.0
83725,2013-2014,2.5.0
83727,2013-2014,2.5.0
83729,2013-2014,2.5.0
83730,2013-2014,2.5.0
83731,2013-2014,2.5.0
